{
  "eval_sec_per_checkpoint": 2.0562372810018132,
  "parameter_summary": {
    "available": true,
    "model_parameter_count": null,
    "model_trainable_parameter_count": null,
    "policy_parameter_count": 53781,
    "policy_trainable_parameter_count": 53781
  },
  "per_checkpoint_perf": [
    {
      "eval_step": 1024,
      "eval_wall_sec": 2.293650159990648,
      "num_envs": 1,
      "train_env_steps_per_sec": 142.92714282112908,
      "train_steps": 1024,
      "train_wall_sec": 7.1644894019991625
    },
    {
      "eval_step": 2048,
      "eval_wall_sec": 1.8188244020129787,
      "num_envs": 1,
      "train_env_steps_per_sec": 474.86755445219114,
      "train_steps": 1024,
      "train_wall_sec": 2.1563907460076734
    }
  ],
  "run_id": "ppo_mamba_issue_4014_smoke_matched_20260706T114815",
  "startup_sec": 2.4878286919993116,
  "total_wall_clock_sec": 15.94840798000223,
  "train_env_steps_per_sec_mean": 308.8973486366601
}
