{
  "collisions": {
    "med": 0.0,
    "p95": 1.0
  },
  "comfort_exposure": {
    "med": 0.0075,
    "p95": 0.11738782051282023
  },
  "curvature_mean": {
    "med": 0.05689444496583729,
    "p95": 0.88355303625982
  },
  "energy": {
    "med": 14.270077352527089,
    "p95": 155.98841394012962
  },
  "force_exceed_events": {
    "med": 1.0,
    "p95": 50.0
  },
  "jerk_mean": {
    "med": 0.07293007251387372,
    "p95": 0.8018190086690077
  },
  "min_distance": {
    "med": 2.992090104556197,
    "p95": 16.383426413658082
  },
  "near_misses": {
    "med": 0.0,
    "p95": 21.0
  },
  "path_efficiency": {
    "med": 1.0,
    "p95": 1.05
  },
  "time_to_goal_norm": {
    "med": 1.0,
    "p95": 1.05
  }
}
