{
  "collisions": {
    "med": 0.0,
    "p95": 0.0
  },
  "comfort_exposure": {
    "med": 0.007936507936507936,
    "p95": 0.13325396825396824
  },
  "curvature_mean": {
    "med": 0.17584238874900135,
    "p95": 0.2436196700245292
  },
  "energy": {
    "med": 33.5054447111896,
    "p95": 94.37833406292964
  },
  "force_exceed_events": {
    "med": 1.0,
    "p95": 50.0
  },
  "jerk_mean": {
    "med": 0.1309413768279867,
    "p95": 0.26496668795365447
  },
  "min_distance": {
    "med": 4.08179488652285,
    "p95": 20.143321129759602
  },
  "near_misses": {
    "med": 0.0,
    "p95": 0.0
  },
  "path_efficiency": {
    "med": 1.0,
    "p95": 1.0
  },
  "time_to_goal_norm": {
    "med": 0.09,
    "p95": 1.0
  }
}
