{
  "w_success": 0.2077607859288531,
  "w_time": 0.27972800933897135,
  "w_collisions": 0.05020826849915813,
  "w_near": 0.1784948603206522,
  "w_comfort": 0.15412164892348496,
  "w_force_exceed": 0.07805051769044369,
  "w_jerk": 0.051635909298436464
}
