{
  "w_success": 0.19045845847432735,
  "w_time": 0.09491099136070058,
  "w_collisions": 0.10483542508043969,
  "w_near": 0.30825830332144416,
  "w_comfort": 0.17983060763794978,
  "w_force_exceed": 0.0692114485473155,
  "w_jerk": 0.05249476557782281
}
