variant,suite,arm,scenario,seed,success,outcome,termination_reason,steps,horizon,collisions,min_clearance,path_length,max_pedestrians_in_trace,execution_status,trace_complete
baseline,main,goal,classic_bottleneck_low,1001,True,success,success,203,600,0,1.5030080265499708,19.717593786533293,0,written,True
baseline,main,goal,classic_bottleneck_low,1002,False,collision,collision,23,600,1,0.977026690250868,1.778334743739772,0,written,True
baseline,main,goal,classic_bottleneck_low,1003,True,success,success,207,600,0,1.8538026929396199,20.116677713035234,0,written,True
baseline,main,goal,classic_bottleneck_medium,1001,True,success,success,203,600,0,1.5030080265499708,19.717593786533293,0,written,True
baseline,main,goal,classic_bottleneck_medium,1002,False,collision,collision,23,600,1,0.977026690250868,1.778334743739772,0,written,True
baseline,main,goal,classic_bottleneck_medium,1003,True,success,success,207,600,0,1.8538026929396199,20.116677713035234,0,written,True
baseline,main,goal,classic_bottleneck_high,1001,True,success,success,203,600,0,1.5030080265499708,19.717593786533293,0,written,True
baseline,main,goal,classic_bottleneck_high,1002,False,collision,collision,23,600,1,0.977026690250868,1.778334743739772,0,written,True
baseline,main,goal,classic_bottleneck_high,1003,True,success,success,207,600,0,1.8538026929396199,20.116677713035234,0,written,True
baseline,main,goal,classic_realworld_double_bottleneck_high,1001,True,success,success,476,600,0,1.9073613963821,47.029231797901154,0,written,True
baseline,main,goal,classic_realworld_double_bottleneck_high,1002,True,success,success,470,600,0,1.934579877934547,46.43972973621115,0,written,True
baseline,main,goal,classic_realworld_double_bottleneck_high,1003,True,success,success,481,600,0,1.9221359609325321,47.387734770649935,0,written,True
baseline,main,goal,classic_station_platform_medium,1001,False,timeout,max_steps,600,600,0,2.074823439178597,58.32067375503948,0,written,True
baseline,main,goal,classic_station_platform_medium,1002,False,timeout,max_steps,600,600,0,2.549240171828601,58.329294858825286,0,written,True
baseline,main,goal,classic_station_platform_medium,1003,False,timeout,max_steps,600,600,0,2.3165171192237564,58.32533820590377,0,written,True
baseline,main,goal,classic_cross_trap_low,1001,False,collision,collision,180,600,1,0.9823031011167105,17.243707850894896,0,written,True
baseline,main,goal,classic_cross_trap_low,1002,False,collision,collision,172,600,1,0.9925249284341083,16.427521099052417,0,written,True
baseline,main,goal,classic_cross_trap_low,1003,False,collision,collision,178,600,1,1.0041109804726913,17.056830721460603,0,written,True
baseline,main,goal,classic_cross_trap_medium,1001,False,collision,collision,180,600,1,0.9823031011167105,17.243707850894896,0,written,True
baseline,main,goal,classic_cross_trap_medium,1002,False,collision,collision,172,600,1,0.9925249284341083,16.427521099052417,0,written,True
baseline,main,goal,classic_cross_trap_medium,1003,False,collision,collision,178,600,1,1.0041109804726913,17.056830721460603,0,written,True
baseline,main,goal,classic_cross_trap_high,1001,False,collision,collision,180,600,1,0.9823031011167105,17.243707850894896,0,written,True
baseline,main,goal,classic_cross_trap_high,1002,False,collision,collision,172,600,1,0.9925249284341083,16.427521099052417,0,written,True
baseline,main,goal,classic_cross_trap_high,1003,False,collision,collision,178,600,1,1.0041109804726913,17.056830721460603,0,written,True
baseline,main,goal,classic_doorway_low,1001,False,collision,collision,97,600,1,0.9985048197824841,8.66266517473766,0,written,True
baseline,main,goal,classic_doorway_low,1002,False,collision,collision,103,600,1,0.998508996606049,9.437234111474162,0,written,True
baseline,main,goal,classic_doorway_low,1003,False,collision,collision,92,600,1,0.9993584645076421,8.23335379783432,0,written,True
baseline,main,goal,classic_doorway_medium,1001,False,collision,collision,97,600,1,0.9985048197824841,8.66266517473766,0,written,True
baseline,main,goal,classic_doorway_medium,1002,False,collision,collision,103,600,1,0.998508996606049,9.437234111474162,0,written,True
baseline,main,goal,classic_doorway_medium,1003,False,collision,collision,92,600,1,0.9993584645076421,8.23335379783432,0,written,True
baseline,main,goal,classic_doorway_high,1001,False,collision,collision,97,600,1,0.9985048197824841,8.66266517473766,0,written,True
baseline,main,goal,classic_doorway_high,1002,False,collision,collision,103,600,1,0.998508996606049,9.437234111474162,0,written,True
baseline,main,goal,classic_doorway_high,1003,False,collision,collision,92,600,1,0.9993584645076421,8.23335379783432,0,written,True
baseline,main,goal,classic_group_crossing_low,1001,True,success,success,172,600,0,1.8470739402217264,16.380350748793333,0,written,True
baseline,main,goal,classic_group_crossing_low,1002,True,success,success,162,600,0,2.072002196639106,15.47193294572629,0,written,True
baseline,main,goal,classic_group_crossing_low,1003,True,success,success,176,600,0,2.187788684541426,16.698413970657462,0,written,True
baseline,main,goal,classic_group_crossing_medium,1001,True,success,success,172,600,0,1.8470739402217264,16.380350748793333,0,written,True
baseline,main,goal,classic_group_crossing_medium,1002,True,success,success,162,600,0,2.072002196639106,15.47193294572629,0,written,True
baseline,main,goal,classic_group_crossing_medium,1003,True,success,success,176,600,0,2.187788684541426,16.698413970657462,0,written,True
baseline,main,goal,classic_group_crossing_high,1001,True,success,success,172,600,0,1.8470739402217264,16.380350748793333,0,written,True
baseline,main,goal,classic_group_crossing_high,1002,True,success,success,162,600,0,2.072002196639106,15.47193294572629,0,written,True
baseline,main,goal,classic_group_crossing_high,1003,True,success,success,176,600,0,2.187788684541426,16.698413970657462,0,written,True
baseline,main,goal,classic_head_on_corridor_low,1001,False,collision,collision,1,600,1,0.9198601309820914,0.0,0,written,True
baseline,main,goal,classic_head_on_corridor_low,1002,True,success,success,311,600,0,1.5656944276878146,30.228522123272256,0,written,True
baseline,main,goal,classic_head_on_corridor_low,1003,True,success,success,312,600,0,1.2607723921418208,30.33579355357019,0,written,True
baseline,main,goal,classic_head_on_corridor_medium,1001,False,collision,collision,1,600,1,0.9198601309820914,0.0,0,written,True
baseline,main,goal,classic_head_on_corridor_medium,1002,True,success,success,311,600,0,1.5656944276878146,30.228522123272256,0,written,True
baseline,main,goal,classic_head_on_corridor_medium,1003,True,success,success,312,600,0,1.2607723921418208,30.33579355357019,0,written,True
baseline,main,goal,classic_merging_low,1001,False,timeout,terminated,600,600,0,1.245820560898116,55.89433256879671,0,written,True
baseline,main,goal,classic_merging_low,1002,False,timeout,terminated,600,600,0,1.241354804328398,55.81320667761224,0,written,True
baseline,main,goal,classic_merging_low,1003,False,timeout,terminated,600,600,0,1.239526121608227,55.94029091725717,0,written,True
baseline,main,goal,classic_merging_medium,1001,False,timeout,terminated,600,600,0,1.245820560898116,55.89433256879671,0,written,True
baseline,main,goal,classic_merging_medium,1002,False,timeout,terminated,600,600,0,1.241354804328398,55.81320667761224,0,written,True
baseline,main,goal,classic_merging_medium,1003,False,timeout,terminated,600,600,0,1.239526121608227,55.94029091725717,0,written,True
baseline,main,goal,classic_overtaking_low,1001,False,collision,collision,308,600,1,0.9660944927445535,29.25739227305658,0,written,True
baseline,main,goal,classic_overtaking_low,1002,False,collision,collision,302,600,1,0.9592164005757461,28.47617335899032,0,written,True
baseline,main,goal,classic_overtaking_low,1003,False,collision,collision,303,600,1,0.9603848058637734,28.823207747507173,0,written,True
baseline,main,goal,classic_overtaking_medium,1001,False,collision,collision,308,600,1,0.9660944927445535,29.25739227305658,0,written,True
baseline,main,goal,classic_overtaking_medium,1002,False,collision,collision,302,600,1,0.9592164005757461,28.47617335899032,0,written,True
baseline,main,goal,classic_overtaking_medium,1003,False,collision,collision,303,600,1,0.9603848058637734,28.823207747507173,0,written,True
baseline,main,goal,classic_t_intersection_low,1001,False,collision,collision,135,600,1,0.9910581666055727,12.424517042630999,0,written,True
baseline,main,goal,classic_t_intersection_low,1002,False,collision,collision,148,600,1,0.9656790149739307,13.419979588182528,0,written,True
baseline,main,goal,classic_t_intersection_low,1003,False,collision,collision,139,600,1,0.9550685999657537,12.84658367719911,0,written,True
baseline,main,goal,classic_t_intersection_medium,1001,False,collision,collision,135,600,1,0.9910581666055727,12.424517042630999,0,written,True
baseline,main,goal,classic_t_intersection_medium,1002,False,collision,collision,148,600,1,0.9656790149739307,13.419979588182528,0,written,True
baseline,main,goal,classic_t_intersection_medium,1003,False,collision,collision,139,600,1,0.9550685999657537,12.84658367719911,0,written,True
baseline,main,goal,classic_urban_crossing_medium,1001,True,success,success,306,600,0,1.104814551548642,29.620922996051203,0,written,True
baseline,main,goal,classic_urban_crossing_medium,1002,True,success,success,291,600,0,1.7323193156297831,28.568088331834907,0,written,True
baseline,main,goal,classic_urban_crossing_medium,1003,True,success,success,309,600,0,1.4225309763318605,29.94340800954333,0,written,True
baseline,main,goal,francis2023_frontal_approach,1001,True,success,success,324,600,0,2.901343132054108,31.75990120585348,0,written,True
baseline,main,goal,francis2023_frontal_approach,1002,True,success,success,319,600,0,2.947558543533081,31.322522584763284,0,written,True
baseline,main,goal,francis2023_frontal_approach,1003,True,success,success,327,600,0,2.994834478724773,31.886267588721413,0,written,True
baseline,main,goal,francis2023_pedestrian_obstruction,1001,True,success,success,324,600,0,2.901343132054108,31.75990120585348,0,written,True
baseline,main,goal,francis2023_pedestrian_obstruction,1002,True,success,success,319,600,0,2.947558543533081,31.322522584763284,0,written,True
baseline,main,goal,francis2023_pedestrian_obstruction,1003,True,success,success,327,600,0,2.994834478724773,31.886267588721413,0,written,True
baseline,main,goal,francis2023_pedestrian_overtaking,1001,True,success,success,324,600,0,2.901343132054108,31.75990120585348,0,written,True
baseline,main,goal,francis2023_pedestrian_overtaking,1002,True,success,success,319,600,0,2.947558543533081,31.322522584763284,0,written,True
baseline,main,goal,francis2023_pedestrian_overtaking,1003,True,success,success,327,600,0,2.994834478724773,31.886267588721413,0,written,True
baseline,main,goal,francis2023_robot_overtaking,1001,True,success,success,324,600,0,2.901343132054108,31.75990120585348,0,written,True
baseline,main,goal,francis2023_robot_overtaking,1002,True,success,success,319,600,0,2.947558543533081,31.322522584763284,0,written,True
baseline,main,goal,francis2023_robot_overtaking,1003,True,success,success,327,600,0,2.994834478724773,31.886267588721413,0,written,True
baseline,main,goal,francis2023_down_path,1001,True,success,success,312,600,0,2.001870257864185,30.68732582509609,0,written,True
baseline,main,goal,francis2023_down_path,1002,True,success,success,308,600,0,1.9571559534131109,30.25990828935564,0,written,True
baseline,main,goal,francis2023_down_path,1003,True,success,success,316,600,0,1.5654945108016676,30.866000747755503,0,written,True
baseline,main,goal,francis2023_intersection_no_gesture,1001,True,success,success,224,600,0,1.0494111967376267,21.762246765971227,0,written,True
baseline,main,goal,francis2023_intersection_no_gesture,1002,True,success,success,219,600,0,1.379029300611191,21.32423347642991,0,written,True
baseline,main,goal,francis2023_intersection_no_gesture,1003,True,success,success,227,600,0,1.2265729698158263,21.887282667870572,0,written,True
baseline,main,goal,francis2023_blind_corner,1001,False,timeout,terminated,400,600,0,1.0494111967376267,38.53773058950254,0,written,True
baseline,main,goal,francis2023_blind_corner,1002,False,timeout,terminated,400,600,0,1.3803897726212893,38.60575593927368,0,written,True
baseline,main,goal,francis2023_blind_corner,1003,False,timeout,terminated,400,600,0,1.2265729698158263,38.5954693562762,0,written,True
baseline,main,goal,francis2023_narrow_hallway,1001,True,success,success,224,600,0,1.0494111967376258,21.76224680431077,0,written,True
baseline,main,goal,francis2023_narrow_hallway,1002,True,success,success,219,600,0,1.3790292994567255,21.32423355481621,0,written,True
baseline,main,goal,francis2023_narrow_hallway,1003,True,success,success,227,600,0,1.2265729698158263,21.887282683736917,0,written,True
baseline,main,goal,francis2023_narrow_doorway,1001,False,collision,collision,107,600,1,0.9513586440359282,10.064099693672857,0,written,True
baseline,main,goal,francis2023_narrow_doorway,1002,False,collision,collision,102,600,1,0.9977862004639406,9.638000632207957,0,written,True
baseline,main,goal,francis2023_narrow_doorway,1003,False,collision,collision,109,600,1,0.9593392597787954,10.291362098456437,0,written,True
baseline,main,goal,francis2023_entering_room,1001,True,success,success,164,600,0,1.0408127594803427,15.760741354038688,0,written,True
baseline,main,goal,francis2023_entering_room,1002,True,success,success,159,600,0,1.0352650593019777,15.32533241042332,0,written,True
baseline,main,goal,francis2023_entering_room,1003,True,success,success,167,600,0,1.032003723320966,15.919779370762331,0,written,True
baseline,main,goal,francis2023_exiting_room,1001,True,success,success,182,600,0,1.0582631595975105,17.53690572539469,0,written,True
baseline,main,goal,francis2023_exiting_room,1002,True,success,success,187,600,0,1.0331060843363808,17.807526423178665,0,written,True
baseline,main,goal,francis2023_exiting_room,1003,True,success,success,180,600,0,1.0514023581466145,17.324209631136732,0,written,True
baseline,main,goal,francis2023_entering_elevator,1001,True,success,success,104,600,0,1.030634735548079,9.768752938123386,0,written,True
baseline,main,goal,francis2023_entering_elevator,1002,True,success,success,99,600,0,1.0268796573365828,9.328874214308527,0,written,True
baseline,main,goal,francis2023_entering_elevator,1003,True,success,success,107,600,0,1.0235010554083914,9.922672624551671,0,written,True
baseline,main,goal,francis2023_exiting_elevator,1001,True,success,success,121,600,0,1.0528129847722418,11.459632782092829,0,written,True
baseline,main,goal,francis2023_exiting_elevator,1002,True,success,success,127,600,0,1.2009951328358934,11.806404172436043,0,written,True
baseline,main,goal,francis2023_exiting_elevator,1003,True,success,success,120,600,0,1.2181335064821786,11.324666608326948,0,written,True
baseline,main,goal,francis2023_intersection_wait,1001,True,success,success,224,600,0,1.0494111967376267,21.762246765971227,0,written,True
baseline,main,goal,francis2023_intersection_wait,1002,True,success,success,219,600,0,1.379029300611191,21.32423347642991,0,written,True
baseline,main,goal,francis2023_intersection_wait,1003,True,success,success,227,600,0,1.2265729698158263,21.887282667870572,0,written,True
baseline,main,goal,francis2023_intersection_proceed,1001,True,success,success,224,600,0,1.0494111967376267,21.762246765971227,0,written,True
baseline,main,goal,francis2023_intersection_proceed,1002,True,success,success,219,600,0,1.379029300611191,21.32423347642991,0,written,True
baseline,main,goal,francis2023_intersection_proceed,1003,True,success,success,227,600,0,1.2265729698158263,21.887282667870572,0,written,True
baseline,main,goal,francis2023_following_human,1001,True,success,success,312,600,0,2.001870257864185,30.68732582509609,0,written,True
baseline,main,goal,francis2023_following_human,1002,True,success,success,308,600,0,1.9571559534131109,30.25990828935564,0,written,True
baseline,main,goal,francis2023_following_human,1003,True,success,success,316,600,0,1.5654945108016676,30.866000747755503,0,written,True
baseline,main,goal,francis2023_leading_human,1001,True,success,success,312,600,0,2.001870257864185,30.68732582509609,0,written,True
baseline,main,goal,francis2023_leading_human,1002,True,success,success,308,600,0,1.9571559534131109,30.25990828935564,0,written,True
baseline,main,goal,francis2023_leading_human,1003,True,success,success,316,600,0,1.5654945108016676,30.866000747755503,0,written,True
baseline,main,goal,francis2023_accompanying_peer,1001,True,success,success,312,600,0,2.001870257864185,30.68732582509609,0,written,True
baseline,main,goal,francis2023_accompanying_peer,1002,True,success,success,308,600,0,1.9571559534131109,30.25990828935564,0,written,True
baseline,main,goal,francis2023_accompanying_peer,1003,True,success,success,316,600,0,1.5654945108016676,30.866000747755503,0,written,True
baseline,main,goal,francis2023_join_group,1001,True,success,success,124,600,0,2.9041380345922576,11.768908134329932,0,written,True
baseline,main,goal,francis2023_join_group,1002,True,success,success,119,600,0,2.9483397475609485,11.328522632979489,0,written,True
baseline,main,goal,francis2023_join_group,1003,True,success,success,127,600,0,2.9919469647328962,11.88995837771495,0,written,True
baseline,main,goal,francis2023_leave_group,1001,True,success,success,124,600,0,2.9041380345922576,11.768908134329932,0,written,True
baseline,main,goal,francis2023_leave_group,1002,True,success,success,119,600,0,2.9483397475609485,11.328522632979489,0,written,True
baseline,main,goal,francis2023_leave_group,1003,True,success,success,127,600,0,2.9919469647328962,11.88995837771495,0,written,True
baseline,main,goal,francis2023_crowd_navigation,1001,True,success,success,224,600,0,2.901957840363752,21.762246765971227,0,written,True
baseline,main,goal,francis2023_crowd_navigation,1002,True,success,success,219,600,0,2.9475482957209405,21.32423347642991,0,written,True
baseline,main,goal,francis2023_crowd_navigation,1003,True,success,success,227,600,0,2.99398749117334,21.887282667870572,0,written,True
baseline,main,goal,francis2023_parallel_traffic,1001,True,success,success,324,600,0,2.901343132054108,31.75990120585348,0,written,True
baseline,main,goal,francis2023_parallel_traffic,1002,True,success,success,319,600,0,2.947558543533081,31.322522584763284,0,written,True
baseline,main,goal,francis2023_parallel_traffic,1003,True,success,success,327,600,0,2.994834478724773,31.886267588721413,0,written,True
baseline,main,goal,francis2023_perpendicular_traffic,1001,True,success,success,224,600,0,1.0494111967376267,21.762246765971227,0,written,True
baseline,main,goal,francis2023_perpendicular_traffic,1002,True,success,success,219,600,0,1.379029300611191,21.32423347642991,0,written,True
baseline,main,goal,francis2023_perpendicular_traffic,1003,True,success,success,227,600,0,1.2265729698158263,21.887282667870572,0,written,True
baseline,main,goal,francis2023_circular_crossing,1001,True,success,success,124,600,0,2.9041380345922576,11.768908134329932,0,written,True
baseline,main,goal,francis2023_circular_crossing,1002,True,success,success,119,600,0,2.9483397475609485,11.328522632979489,0,written,True
baseline,main,goal,francis2023_circular_crossing,1003,True,success,success,127,600,0,2.9919469647328962,11.88995837771495,0,written,True
baseline,main,goal,francis2023_robot_crowding,1001,True,success,success,124,600,0,2.9041380345922576,11.768908134329932,0,written,True
baseline,main,goal,francis2023_robot_crowding,1002,True,success,success,119,600,0,2.9483397475609485,11.328522632979489,0,written,True
baseline,main,goal,francis2023_robot_crowding,1003,True,success,success,127,600,0,2.9919469647328962,11.88995837771495,0,written,True
baseline,main,guarded_ppo,classic_bottleneck_low,1001,True,success,success,123,600,0,1.378419379612352,21.41109885931015,0,written,True
baseline,main,guarded_ppo,classic_bottleneck_low,1002,True,success,success,136,600,0,1.0225442398692446,22.7899456882477,0,written,True
baseline,main,guarded_ppo,classic_bottleneck_low,1003,True,success,success,117,600,0,1.3708288336005376,20.959938709735873,0,written,True
baseline,main,guarded_ppo,classic_bottleneck_medium,1001,True,success,success,123,600,0,1.378419379612352,21.41109885931015,0,written,True
baseline,main,guarded_ppo,classic_bottleneck_medium,1002,True,success,success,136,600,0,1.0225442398692446,22.7899456882477,0,written,True
baseline,main,guarded_ppo,classic_bottleneck_medium,1003,True,success,success,117,600,0,1.3708288336005376,20.959938709735873,0,written,True
baseline,main,guarded_ppo,classic_bottleneck_high,1001,True,success,success,123,600,0,1.378419379612352,21.41109885931015,0,written,True
baseline,main,guarded_ppo,classic_bottleneck_high,1002,True,success,success,136,600,0,1.0225442398692446,22.7899456882477,0,written,True
baseline,main,guarded_ppo,classic_bottleneck_high,1003,True,success,success,117,600,0,1.3708288336005376,20.959938709735873,0,written,True
baseline,main,guarded_ppo,classic_realworld_double_bottleneck_high,1001,False,collision,collision,72,600,1,0.9833248720388467,12.075000000000001,0,written,True
baseline,main,guarded_ppo,classic_realworld_double_bottleneck_high,1002,False,collision,collision,71,600,1,0.9134835899211884,12.12068691968918,0,written,True
baseline,main,guarded_ppo,classic_realworld_double_bottleneck_high,1003,True,success,success,338,600,0,1.2953513470829812,63.23493688106538,0,written,True
baseline,main,guarded_ppo,classic_station_platform_medium,1001,False,collision,collision,542,600,1,0.9721791679441967,103.57267155647276,0,written,True
baseline,main,guarded_ppo,classic_station_platform_medium,1002,False,collision,collision,190,600,1,1.0015304674731116,35.33321498274803,0,written,True
baseline,main,guarded_ppo,classic_station_platform_medium,1003,False,collision,collision,240,600,1,0.9166533896486491,45.72235034465791,0,written,True
baseline,main,guarded_ppo,classic_cross_trap_low,1001,False,collision,collision,174,600,1,0.9977321452752167,32.3286664235592,0,written,True
baseline,main,guarded_ppo,classic_cross_trap_low,1002,False,collision,collision,173,600,1,0.8963676709051263,31.7366694045067,0,written,True
baseline,main,guarded_ppo,classic_cross_trap_low,1003,False,collision,collision,167,600,1,0.9627973016161094,30.83764609098433,0,written,True
baseline,main,guarded_ppo,classic_cross_trap_medium,1001,False,collision,collision,174,600,1,0.9977321452752167,32.3286664235592,0,written,True
baseline,main,guarded_ppo,classic_cross_trap_medium,1002,False,collision,collision,173,600,1,0.8963676709051263,31.7366694045067,0,written,True
baseline,main,guarded_ppo,classic_cross_trap_medium,1003,False,collision,collision,167,600,1,0.9627973016161094,30.83764609098433,0,written,True
baseline,main,guarded_ppo,classic_cross_trap_high,1001,False,collision,collision,174,600,1,0.9977321452752167,32.3286664235592,0,written,True
baseline,main,guarded_ppo,classic_cross_trap_high,1002,False,collision,collision,173,600,1,0.8963676709051263,31.7366694045067,0,written,True
baseline,main,guarded_ppo,classic_cross_trap_high,1003,False,collision,collision,167,600,1,0.9627973016161094,30.83764609098433,0,written,True
baseline,main,guarded_ppo,classic_doorway_low,1001,False,collision,collision,44,600,1,0.9921398356068032,6.250939722061147,0,written,True
baseline,main,guarded_ppo,classic_doorway_low,1002,False,collision,collision,58,600,1,0.9988402799386908,9.282206649780287,0,written,True
baseline,main,guarded_ppo,classic_doorway_low,1003,False,collision,collision,42,600,1,0.943536099394006,6.29547222256661,0,written,True
baseline,main,guarded_ppo,classic_doorway_medium,1001,False,collision,collision,44,600,1,0.9921398356068032,6.250939722061147,0,written,True
baseline,main,guarded_ppo,classic_doorway_medium,1002,False,collision,collision,58,600,1,0.9988402799386908,9.282206649780287,0,written,True
baseline,main,guarded_ppo,classic_doorway_medium,1003,False,collision,collision,42,600,1,0.943536099394006,6.29547222256661,0,written,True
baseline,main,guarded_ppo,classic_doorway_high,1001,False,collision,collision,44,600,1,0.9921398356068032,6.250939722061147,0,written,True
baseline,main,guarded_ppo,classic_doorway_high,1002,False,collision,collision,58,600,1,0.9988402799386908,9.282206649780287,0,written,True
baseline,main,guarded_ppo,classic_doorway_high,1003,False,collision,collision,42,600,1,0.943536099394006,6.29547222256661,0,written,True
baseline,main,guarded_ppo,classic_group_crossing_low,1001,False,collision,collision,87,600,1,0.9857331519950647,12.682393969297417,0,written,True
baseline,main,guarded_ppo,classic_group_crossing_low,1002,True,success,success,90,600,0,1.6110848040980617,15.751438308954235,0,written,True
baseline,main,guarded_ppo,classic_group_crossing_low,1003,True,success,success,99,600,0,1.6019208479633427,16.847889896631244,0,written,True
baseline,main,guarded_ppo,classic_group_crossing_medium,1001,False,collision,collision,87,600,1,0.9857331519950647,12.682393969297417,0,written,True
baseline,main,guarded_ppo,classic_group_crossing_medium,1002,True,success,success,90,600,0,1.6110848040980617,15.751438308954235,0,written,True
baseline,main,guarded_ppo,classic_group_crossing_medium,1003,True,success,success,99,600,0,1.6019208479633427,16.847889896631244,0,written,True
baseline,main,guarded_ppo,classic_group_crossing_high,1001,False,collision,collision,87,600,1,0.9857331519950647,12.682393969297417,0,written,True
baseline,main,guarded_ppo,classic_group_crossing_high,1002,True,success,success,90,600,0,1.6110848040980617,15.751438308954235,0,written,True
baseline,main,guarded_ppo,classic_group_crossing_high,1003,True,success,success,99,600,0,1.6019208479633427,16.847889896631244,0,written,True
baseline,main,guarded_ppo,classic_head_on_corridor_low,1001,False,collision,collision,1,600,1,0.9198601309820914,0.0,0,written,True
baseline,main,guarded_ppo,classic_head_on_corridor_low,1002,True,success,success,163,600,0,1.5656944276878146,30.03325230956076,0,written,True
baseline,main,guarded_ppo,classic_head_on_corridor_low,1003,True,success,success,173,600,0,1.2607723921418208,31.551423854827863,0,written,True
baseline,main,guarded_ppo,classic_head_on_corridor_medium,1001,False,collision,collision,1,600,1,0.9198601309820914,0.0,0,written,True
baseline,main,guarded_ppo,classic_head_on_corridor_medium,1002,True,success,success,163,600,0,1.5656944276878146,30.03325230956076,0,written,True
baseline,main,guarded_ppo,classic_head_on_corridor_medium,1003,True,success,success,173,600,0,1.2607723921418208,31.551423854827863,0,written,True
baseline,main,guarded_ppo,classic_merging_low,1001,False,collision,collision,86,600,1,0.9847162420726105,15.158266621828066,0,written,True
baseline,main,guarded_ppo,classic_merging_low,1002,False,collision,collision,81,600,1,0.9764667907498925,13.698964828252794,0,written,True
baseline,main,guarded_ppo,classic_merging_low,1003,False,collision,collision,169,600,1,0.9866679859325517,29.578471314311038,0,written,True
baseline,main,guarded_ppo,classic_merging_medium,1001,False,collision,collision,86,600,1,0.9847162420726105,15.158266621828066,0,written,True
baseline,main,guarded_ppo,classic_merging_medium,1002,False,collision,collision,81,600,1,0.9764667907498925,13.698964828252794,0,written,True
baseline,main,guarded_ppo,classic_merging_medium,1003,False,collision,collision,169,600,1,0.9866679859325517,29.578471314311038,0,written,True
baseline,main,guarded_ppo,classic_overtaking_low,1001,True,success,success,219,600,0,1.093375947019141,40.09480297088622,0,written,True
baseline,main,guarded_ppo,classic_overtaking_low,1002,False,collision,collision,73,600,1,1.0197950305646162,12.590004403591157,0,written,True
baseline,main,guarded_ppo,classic_overtaking_low,1003,True,success,success,219,600,0,1.0051450123632903,39.801025604009624,0,written,True
baseline,main,guarded_ppo,classic_overtaking_medium,1001,True,success,success,219,600,0,1.093375947019141,40.09480297088622,0,written,True
baseline,main,guarded_ppo,classic_overtaking_medium,1002,False,collision,collision,73,600,1,1.0197950305646162,12.590004403591157,0,written,True
baseline,main,guarded_ppo,classic_overtaking_medium,1003,True,success,success,219,600,0,1.0051450123632903,39.801025604009624,0,written,True
baseline,main,guarded_ppo,classic_t_intersection_low,1001,False,collision,collision,74,600,1,0.9014784240721341,11.663261213302611,0,written,True
baseline,main,guarded_ppo,classic_t_intersection_low,1002,False,collision,collision,116,600,1,1.0022241427263718,17.612997493743894,0,written,True
baseline,main,guarded_ppo,classic_t_intersection_low,1003,False,collision,collision,94,600,1,0.9970769225750855,14.779257342815388,0,written,True
baseline,main,guarded_ppo,classic_t_intersection_medium,1001,False,collision,collision,74,600,1,0.9014784240721341,11.663261213302611,0,written,True
baseline,main,guarded_ppo,classic_t_intersection_medium,1002,False,collision,collision,116,600,1,1.0022241427263718,17.612997493743894,0,written,True
baseline,main,guarded_ppo,classic_t_intersection_medium,1003,False,collision,collision,94,600,1,0.9970769225750855,14.779257342815388,0,written,True
baseline,main,guarded_ppo,classic_urban_crossing_medium,1001,True,success,success,170,600,0,1.104814551548642,30.664135242700567,0,written,True
baseline,main,guarded_ppo,classic_urban_crossing_medium,1002,True,success,success,157,600,0,1.5398466351099875,28.93680402874945,0,written,True
baseline,main,guarded_ppo,classic_urban_crossing_medium,1003,True,success,success,164,600,0,1.317976944697155,30.437384907007218,0,written,True
baseline,main,guarded_ppo,francis2023_frontal_approach,1001,True,success,success,181,600,0,1.727158202958274,32.97983043193817,0,written,True
baseline,main,guarded_ppo,francis2023_frontal_approach,1002,True,success,success,172,600,0,1.8612019434206888,32.390386910438544,0,written,True
baseline,main,guarded_ppo,francis2023_frontal_approach,1003,True,success,success,186,600,0,1.8533529602364058,33.89210862636566,0,written,True
baseline,main,guarded_ppo,francis2023_pedestrian_obstruction,1001,True,success,success,181,600,0,1.727158202958274,32.97983043193817,0,written,True
baseline,main,guarded_ppo,francis2023_pedestrian_obstruction,1002,True,success,success,172,600,0,1.8612019434206888,32.390386910438544,0,written,True
baseline,main,guarded_ppo,francis2023_pedestrian_obstruction,1003,True,success,success,186,600,0,1.8533529602364058,33.89210862636566,0,written,True
baseline,main,guarded_ppo,francis2023_pedestrian_overtaking,1001,True,success,success,181,600,0,1.727158202958274,32.97983043193817,0,written,True
baseline,main,guarded_ppo,francis2023_pedestrian_overtaking,1002,True,success,success,172,600,0,1.8612019434206888,32.390386910438544,0,written,True
baseline,main,guarded_ppo,francis2023_pedestrian_overtaking,1003,True,success,success,186,600,0,1.8533529602364058,33.89210862636566,0,written,True
baseline,main,guarded_ppo,francis2023_robot_overtaking,1001,True,success,success,181,600,0,1.727158202958274,32.97983043193817,0,written,True
baseline,main,guarded_ppo,francis2023_robot_overtaking,1002,True,success,success,172,600,0,1.8612019434206888,32.390386910438544,0,written,True
baseline,main,guarded_ppo,francis2023_robot_overtaking,1003,True,success,success,186,600,0,1.8533529602364058,33.89210862636566,0,written,True
baseline,main,guarded_ppo,francis2023_down_path,1001,True,success,success,176,600,0,1.3311565665841754,31.983054505586647,0,written,True
baseline,main,guarded_ppo,francis2023_down_path,1002,True,success,success,169,600,0,1.474094236538379,31.271072559356682,0,written,True
baseline,main,guarded_ppo,francis2023_down_path,1003,True,success,success,175,600,0,1.5214657380723693,31.661631382703806,0,written,True
baseline,main,guarded_ppo,francis2023_intersection_no_gesture,1001,False,collision,collision,27,600,1,1.0141988380425315,3.3949999999999996,0,written,True
baseline,main,guarded_ppo,francis2023_intersection_no_gesture,1002,False,collision,collision,80,600,1,1.010503765656139,13.965126044750223,0,written,True
baseline,main,guarded_ppo,francis2023_intersection_no_gesture,1003,False,collision,collision,100,600,1,0.9564935592361348,17.8142792749405,0,written,True
baseline,main,guarded_ppo,francis2023_blind_corner,1001,False,collision,collision,26,600,1,0.9731861125920594,3.195000000000002,0,written,True
baseline,main,guarded_ppo,francis2023_blind_corner,1002,False,collision,collision,45,600,1,1.0072359390690133,6.995,0,written,True
baseline,main,guarded_ppo,francis2023_blind_corner,1003,False,collision,collision,57,600,1,0.9804200682211232,9.372127401828763,0,written,True
baseline,main,guarded_ppo,francis2023_narrow_hallway,1001,True,success,success,140,600,0,1.0494111967376258,22.96304067373276,0,written,True
baseline,main,guarded_ppo,francis2023_narrow_hallway,1002,False,collision,collision,84,600,1,0.9617778198204275,14.491555713415142,0,written,True
baseline,main,guarded_ppo,francis2023_narrow_hallway,1003,False,collision,collision,57,600,1,0.9749014527404306,9.0,0,written,True
baseline,main,guarded_ppo,francis2023_narrow_doorway,1001,False,collision,collision,64,600,1,0.9726601722401237,10.664999999999997,0,written,True
baseline,main,guarded_ppo,francis2023_narrow_doorway,1002,False,collision,collision,62,600,1,0.9610277248991614,10.235000000000003,0,written,True
baseline,main,guarded_ppo,francis2023_narrow_doorway,1003,False,collision,collision,65,600,1,0.9112189444439681,10.914917752742767,0,written,True
baseline,main,guarded_ppo,francis2023_entering_room,1001,False,collision,collision,64,600,1,0.9829094267522133,10.79500000000001,0,written,True
baseline,main,guarded_ppo,francis2023_entering_room,1002,False,collision,collision,62,600,1,0.9799860050068696,10.394999999999998,0,written,True
baseline,main,guarded_ppo,francis2023_entering_room,1003,True,success,success,93,600,0,1.0045402893985704,16.59500000000001,0,written,True
baseline,main,guarded_ppo,francis2023_exiting_room,1001,True,success,success,101,600,0,1.677589755289412,18.180610737800592,0,written,True
baseline,main,guarded_ppo,francis2023_exiting_room,1002,True,success,success,102,600,0,1.2997402632662576,18.25595798492431,0,written,True
baseline,main,guarded_ppo,francis2023_exiting_room,1003,True,success,success,98,600,0,1.7155260380995554,17.582122764587396,0,written,True
baseline,main,guarded_ppo,francis2023_entering_elevator,1001,False,collision,collision,47,600,1,0.8859285848358203,7.395,0,written,True
baseline,main,guarded_ppo,francis2023_entering_elevator,1002,False,collision,collision,45,600,1,0.9122326385102654,6.995000000000006,0,written,True
baseline,main,guarded_ppo,francis2023_entering_elevator,1003,True,success,success,60,600,0,1.1073698899590259,9.995000000000001,0,written,True
baseline,main,guarded_ppo,francis2023_exiting_elevator,1001,False,collision,collision,26,600,1,1.0023841543433074,3.1950000000000056,0,written,True
baseline,main,guarded_ppo,francis2023_exiting_elevator,1002,True,success,success,70,600,0,1.2593981752369157,11.995,0,written,True
baseline,main,guarded_ppo,francis2023_exiting_elevator,1003,True,success,success,75,600,0,1.2187460258352512,12.03458882808686,0,written,True
baseline,main,guarded_ppo,francis2023_intersection_wait,1001,False,collision,collision,27,600,1,1.0141988380425315,3.3949999999999996,0,written,True
baseline,main,guarded_ppo,francis2023_intersection_wait,1002,False,collision,collision,80,600,1,1.010503765656139,13.965126044750223,0,written,True
baseline,main,guarded_ppo,francis2023_intersection_wait,1003,False,collision,collision,100,600,1,0.9564935592361348,17.8142792749405,0,written,True
baseline,main,guarded_ppo,francis2023_intersection_proceed,1001,False,collision,collision,27,600,1,1.0141988380425315,3.3949999999999996,0,written,True
baseline,main,guarded_ppo,francis2023_intersection_proceed,1002,False,collision,collision,80,600,1,1.010503765656139,13.965126044750223,0,written,True
baseline,main,guarded_ppo,francis2023_intersection_proceed,1003,False,collision,collision,100,600,1,0.9564935592361348,17.8142792749405,0,written,True
baseline,main,guarded_ppo,francis2023_following_human,1001,True,success,success,176,600,0,1.3311565665841754,31.983054505586647,0,written,True
baseline,main,guarded_ppo,francis2023_following_human,1002,True,success,success,169,600,0,1.474094236538379,31.271072559356682,0,written,True
baseline,main,guarded_ppo,francis2023_following_human,1003,True,success,success,175,600,0,1.5214657380723693,31.661631382703806,0,written,True
baseline,main,guarded_ppo,francis2023_leading_human,1001,True,success,success,176,600,0,1.3311565665841754,31.983054505586647,0,written,True
baseline,main,guarded_ppo,francis2023_leading_human,1002,True,success,success,169,600,0,1.474094236538379,31.271072559356682,0,written,True
baseline,main,guarded_ppo,francis2023_leading_human,1003,True,success,success,175,600,0,1.5214657380723693,31.661631382703806,0,written,True
baseline,main,guarded_ppo,francis2023_accompanying_peer,1001,True,success,success,176,600,0,1.3311565665841754,31.983054505586647,0,written,True
baseline,main,guarded_ppo,francis2023_accompanying_peer,1002,True,success,success,169,600,0,1.474094236538379,31.271072559356682,0,written,True
baseline,main,guarded_ppo,francis2023_accompanying_peer,1003,True,success,success,175,600,0,1.5214657380723693,31.661631382703806,0,written,True
baseline,main,guarded_ppo,francis2023_join_group,1001,True,success,success,71,600,0,2.899143960062386,12.150000000000007,0,written,True
baseline,main,guarded_ppo,francis2023_join_group,1002,True,success,success,67,600,0,2.9753457549958293,11.395000000000001,0,written,True
baseline,main,guarded_ppo,francis2023_join_group,1003,True,success,success,71,600,0,2.844676448358985,12.115000000000006,0,written,True
baseline,main,guarded_ppo,francis2023_leave_group,1001,True,success,success,71,600,0,2.899143960062386,12.150000000000007,0,written,True
baseline,main,guarded_ppo,francis2023_leave_group,1002,True,success,success,67,600,0,2.9753457549958293,11.395000000000001,0,written,True
baseline,main,guarded_ppo,francis2023_leave_group,1003,True,success,success,71,600,0,2.844676448358985,12.115000000000006,0,written,True
baseline,main,guarded_ppo,francis2023_crowd_navigation,1001,True,success,success,129,600,0,2.975175756545197,22.762146279811862,0,written,True
baseline,main,guarded_ppo,francis2023_crowd_navigation,1002,True,success,success,126,600,0,2.947606415942009,22.45200855374336,0,written,True
baseline,main,guarded_ppo,francis2023_crowd_navigation,1003,True,success,success,125,600,0,2.9705861036850334,22.749959633350386,0,written,True
baseline,main,guarded_ppo,francis2023_parallel_traffic,1001,True,success,success,181,600,0,1.727158202958274,32.97983043193817,0,written,True
baseline,main,guarded_ppo,francis2023_parallel_traffic,1002,True,success,success,172,600,0,1.8612019434206888,32.390386910438544,0,written,True
baseline,main,guarded_ppo,francis2023_parallel_traffic,1003,True,success,success,186,600,0,1.8533529602364058,33.89210862636566,0,written,True
baseline,main,guarded_ppo,francis2023_perpendicular_traffic,1001,False,collision,collision,27,600,1,1.0141988380425315,3.3949999999999996,0,written,True
baseline,main,guarded_ppo,francis2023_perpendicular_traffic,1002,False,collision,collision,80,600,1,1.010503765656139,13.965126044750223,0,written,True
baseline,main,guarded_ppo,francis2023_perpendicular_traffic,1003,False,collision,collision,100,600,1,0.9564935592361348,17.8142792749405,0,written,True
baseline,main,guarded_ppo,francis2023_circular_crossing,1001,True,success,success,71,600,0,2.899143960062386,12.150000000000007,0,written,True
baseline,main,guarded_ppo,francis2023_circular_crossing,1002,True,success,success,67,600,0,2.9753457549958293,11.395000000000001,0,written,True
baseline,main,guarded_ppo,francis2023_circular_crossing,1003,True,success,success,71,600,0,2.844676448358985,12.115000000000006,0,written,True
baseline,main,guarded_ppo,francis2023_robot_crowding,1001,True,success,success,71,600,0,2.899143960062386,12.150000000000007,0,written,True
baseline,main,guarded_ppo,francis2023_robot_crowding,1002,True,success,success,67,600,0,2.9753457549958293,11.395000000000001,0,written,True
baseline,main,guarded_ppo,francis2023_robot_crowding,1003,True,success,success,71,600,0,2.844676448358985,12.115000000000006,0,written,True
baseline,main,hybrid_rule_v3_fast_progress_static_escape,classic_bottleneck_low,1001,True,success,success,118,600,0,1.5124568149606352,19.841249947547936,0,written,True
baseline,main,hybrid_rule_v3_fast_progress_static_escape,classic_bottleneck_low,1002,True,success,success,121,600,0,1.1116964550774722,20.663124955296517,0,written,True
baseline,main,hybrid_rule_v3_fast_progress_static_escape,classic_bottleneck_low,1003,True,success,success,118,600,0,1.8083609609607183,20.187499995231562,0,written,True
baseline,main,hybrid_rule_v3_fast_progress_static_escape,classic_bottleneck_medium,1001,True,success,success,118,600,0,1.5124568149606352,19.841249947547936,0,written,True
baseline,main,hybrid_rule_v3_fast_progress_static_escape,classic_bottleneck_medium,1002,True,success,success,121,600,0,1.1116964550774722,20.663124955296517,0,written,True
baseline,main,hybrid_rule_v3_fast_progress_static_escape,classic_bottleneck_medium,1003,True,success,success,118,600,0,1.8083609609607183,20.187499995231562,0,written,True
baseline,main,hybrid_rule_v3_fast_progress_static_escape,classic_bottleneck_high,1001,True,success,success,118,600,0,1.5124568149606352,19.841249947547936,0,written,True
baseline,main,hybrid_rule_v3_fast_progress_static_escape,classic_bottleneck_high,1002,True,success,success,121,600,0,1.1116964550774722,20.663124955296517,0,written,True
baseline,main,hybrid_rule_v3_fast_progress_static_escape,classic_bottleneck_high,1003,True,success,success,118,600,0,1.8083609609607183,20.187499995231562,0,written,True
baseline,main,hybrid_rule_v3_fast_progress_static_escape,classic_realworld_double_bottleneck_high,1001,True,success,success,267,600,0,1.7776782159037767,47.14168937742703,0,written,True
baseline,main,hybrid_rule_v3_fast_progress_static_escape,classic_realworld_double_bottleneck_high,1002,True,success,success,263,600,0,1.816252626161358,46.607578051090165,0,written,True
baseline,main,hybrid_rule_v3_fast_progress_static_escape,classic_realworld_double_bottleneck_high,1003,True,success,success,278,600,0,1.7921546566329416,47.39763343816003,0,written,True
baseline,main,hybrid_rule_v3_fast_progress_static_escape,classic_station_platform_medium,1001,True,success,success,476,600,0,2.075521629713637,87.04968733906742,0,written,True
baseline,main,hybrid_rule_v3_fast_progress_static_escape,classic_station_platform_medium,1002,True,success,success,471,600,0,2.549240171828601,86.28828108549095,0,written,True
baseline,main,hybrid_rule_v3_fast_progress_static_escape,classic_station_platform_medium,1003,True,success,success,483,600,0,2.3165951677224177,87.24401047458241,0,written,True
baseline,main,hybrid_rule_v3_fast_progress_static_escape,classic_cross_trap_low,1001,True,success,success,239,600,0,1.1520314555198068,43.32703117370602,0,written,True
baseline,main,hybrid_rule_v3_fast_progress_static_escape,classic_cross_trap_low,1002,True,success,success,263,600,0,1.1918961787071771,42.45749994277947,0,written,True
baseline,main,hybrid_rule_v3_fast_progress_static_escape,classic_cross_trap_low,1003,True,success,success,243,600,0,1.233434803961244,42.88556146179627,0,written,True
baseline,main,hybrid_rule_v3_fast_progress_static_escape,classic_cross_trap_medium,1001,True,success,success,239,600,0,1.1520314555198068,43.32703117370602,0,written,True
baseline,main,hybrid_rule_v3_fast_progress_static_escape,classic_cross_trap_medium,1002,True,success,success,263,600,0,1.1918961787071771,42.45749994277947,0,written,True
baseline,main,hybrid_rule_v3_fast_progress_static_escape,classic_cross_trap_medium,1003,True,success,success,243,600,0,1.233434803961244,42.88556146179627,0,written,True
baseline,main,hybrid_rule_v3_fast_progress_static_escape,classic_cross_trap_high,1001,True,success,success,239,600,0,1.1520314555198068,43.32703117370602,0,written,True
baseline,main,hybrid_rule_v3_fast_progress_static_escape,classic_cross_trap_high,1002,True,success,success,263,600,0,1.1918961787071771,42.45749994277947,0,written,True
baseline,main,hybrid_rule_v3_fast_progress_static_escape,classic_cross_trap_high,1003,True,success,success,243,600,0,1.233434803961244,42.88556146179627,0,written,True
baseline,main,hybrid_rule_v3_fast_progress_static_escape,classic_doorway_low,1001,True,success,success,80,600,0,1.0839533391463714,12.148867167234414,0,written,True
baseline,main,hybrid_rule_v3_fast_progress_static_escape,classic_doorway_low,1002,True,success,success,88,600,0,1.2401425812770634,12.62771328439317,0,written,True
baseline,main,hybrid_rule_v3_fast_progress_static_escape,classic_doorway_low,1003,True,success,success,76,600,0,1.2292669176956712,11.689166639248539,0,written,True
baseline,main,hybrid_rule_v3_fast_progress_static_escape,classic_doorway_medium,1001,True,success,success,80,600,0,1.0839533391463714,12.148867167234414,0,written,True
baseline,main,hybrid_rule_v3_fast_progress_static_escape,classic_doorway_medium,1002,True,success,success,88,600,0,1.2401425812770634,12.62771328439317,0,written,True
baseline,main,hybrid_rule_v3_fast_progress_static_escape,classic_doorway_medium,1003,True,success,success,76,600,0,1.2292669176956712,11.689166639248539,0,written,True
baseline,main,hybrid_rule_v3_fast_progress_static_escape,classic_doorway_high,1001,True,success,success,80,600,0,1.0839533391463714,12.148867167234414,0,written,True
baseline,main,hybrid_rule_v3_fast_progress_static_escape,classic_doorway_high,1002,True,success,success,88,600,0,1.2401425812770634,12.62771328439317,0,written,True
baseline,main,hybrid_rule_v3_fast_progress_static_escape,classic_doorway_high,1003,True,success,success,76,600,0,1.2292669176956712,11.689166639248539,0,written,True
baseline,main,hybrid_rule_v3_fast_progress_static_escape,classic_group_crossing_low,1001,True,success,success,100,600,0,1.8937060714468419,16.519374988675157,0,written,True
baseline,main,hybrid_rule_v3_fast_progress_static_escape,classic_group_crossing_low,1002,True,success,success,95,600,0,2.0833468525587584,15.61916663924851,0,written,True
baseline,main,hybrid_rule_v3_fast_progress_static_escape,classic_group_crossing_low,1003,True,success,success,107,600,0,2.2161465629137127,16.817265732362863,0,written,True
baseline,main,hybrid_rule_v3_fast_progress_static_escape,classic_group_crossing_medium,1001,True,success,success,100,600,0,1.8937060714468419,16.519374988675157,0,written,True
baseline,main,hybrid_rule_v3_fast_progress_static_escape,classic_group_crossing_medium,1002,True,success,success,95,600,0,2.0833468525587584,15.61916663924851,0,written,True
baseline,main,hybrid_rule_v3_fast_progress_static_escape,classic_group_crossing_medium,1003,True,success,success,107,600,0,2.2161465629137127,16.817265732362863,0,written,True
baseline,main,hybrid_rule_v3_fast_progress_static_escape,classic_group_crossing_high,1001,True,success,success,100,600,0,1.8937060714468419,16.519374988675157,0,written,True
baseline,main,hybrid_rule_v3_fast_progress_static_escape,classic_group_crossing_high,1002,True,success,success,95,600,0,2.0833468525587584,15.61916663924851,0,written,True
baseline,main,hybrid_rule_v3_fast_progress_static_escape,classic_group_crossing_high,1003,True,success,success,107,600,0,2.2161465629137127,16.817265732362863,0,written,True
baseline,main,hybrid_rule_v3_fast_progress_static_escape,classic_head_on_corridor_low,1001,False,collision,collision,1,600,1,0.9148821669017663,0.0,0,written,True
baseline,main,hybrid_rule_v3_fast_progress_static_escape,classic_head_on_corridor_low,1002,True,success,success,170,600,0,1.5656944276878146,30.1978124988078,0,written,True
baseline,main,hybrid_rule_v3_fast_progress_static_escape,classic_head_on_corridor_low,1003,True,success,success,184,600,0,1.2607723921418208,30.374977302402257,0,written,True
baseline,main,hybrid_rule_v3_fast_progress_static_escape,classic_head_on_corridor_medium,1001,False,collision,collision,1,600,1,0.9148821669017663,0.0,0,written,True
baseline,main,hybrid_rule_v3_fast_progress_static_escape,classic_head_on_corridor_medium,1002,True,success,success,170,600,0,1.5656944276878146,30.1978124988078,0,written,True
baseline,main,hybrid_rule_v3_fast_progress_static_escape,classic_head_on_corridor_medium,1003,True,success,success,184,600,0,1.2607723921418208,30.374977302402257,0,written,True
baseline,main,hybrid_rule_v3_fast_progress_static_escape,classic_merging_low,1001,True,success,success,396,600,0,1.76178131797534,71.01124985635283,0,written,True
baseline,main,hybrid_rule_v3_fast_progress_static_escape,classic_merging_low,1002,True,success,success,388,600,0,1.7605817422405678,69.56890609562397,0,written,True
baseline,main,hybrid_rule_v3_fast_progress_static_escape,classic_merging_low,1003,True,success,success,405,600,0,1.7577787079334355,70.01484694421293,0,written,True
baseline,main,hybrid_rule_v3_fast_progress_static_escape,classic_merging_medium,1001,True,success,success,396,600,0,1.76178131797534,71.01124985635283,0,written,True
baseline,main,hybrid_rule_v3_fast_progress_static_escape,classic_merging_medium,1002,True,success,success,388,600,0,1.7605817422405678,69.56890609562397,0,written,True
baseline,main,hybrid_rule_v3_fast_progress_static_escape,classic_merging_medium,1003,True,success,success,405,600,0,1.7577787079334355,70.01484694421293,0,written,True
baseline,main,hybrid_rule_v3_fast_progress_static_escape,classic_overtaking_low,1001,True,success,success,204,600,0,1.0217107317806244,35.84749996304516,0,written,True
baseline,main,hybrid_rule_v3_fast_progress_static_escape,classic_overtaking_low,1002,True,success,success,204,600,0,1.051654460736407,35.72062494099144,0,written,True
baseline,main,hybrid_rule_v3_fast_progress_static_escape,classic_overtaking_low,1003,True,success,success,213,600,0,1.0481794588523965,35.23071655288342,0,written,True
baseline,main,hybrid_rule_v3_fast_progress_static_escape,classic_overtaking_medium,1001,True,success,success,204,600,0,1.0217107317806244,35.84749996304516,0,written,True
baseline,main,hybrid_rule_v3_fast_progress_static_escape,classic_overtaking_medium,1002,True,success,success,204,600,0,1.051654460736407,35.72062494099144,0,written,True
baseline,main,hybrid_rule_v3_fast_progress_static_escape,classic_overtaking_medium,1003,True,success,success,213,600,0,1.0481794588523965,35.23071655288342,0,written,True
baseline,main,hybrid_rule_v3_fast_progress_static_escape,classic_t_intersection_low,1001,True,success,success,137,600,0,2.0107673050363912,23.746249952316266,0,written,True
baseline,main,hybrid_rule_v3_fast_progress_static_escape,classic_t_intersection_low,1002,True,success,success,146,600,0,1.3050524847448521,25.523749951124202,0,written,True
baseline,main,hybrid_rule_v3_fast_progress_static_escape,classic_t_intersection_low,1003,True,success,success,148,600,0,1.4569544824006984,24.18171144222223,0,written,True
baseline,main,hybrid_rule_v3_fast_progress_static_escape,classic_t_intersection_medium,1001,True,success,success,137,600,0,2.0107673050363912,23.746249952316266,0,written,True
baseline,main,hybrid_rule_v3_fast_progress_static_escape,classic_t_intersection_medium,1002,True,success,success,146,600,0,1.3050524847448521,25.523749951124202,0,written,True
baseline,main,hybrid_rule_v3_fast_progress_static_escape,classic_t_intersection_medium,1003,True,success,success,148,600,0,1.4569544824006984,24.18171144222223,0,written,True
baseline,main,hybrid_rule_v3_fast_progress_static_escape,classic_urban_crossing_medium,1001,False,timeout,terminated,600,600,0,1.0945811044094391,22.480000000000167,0,written,True
baseline,main,hybrid_rule_v3_fast_progress_static_escape,classic_urban_crossing_medium,1002,True,success,success,157,600,0,1.7323193156297831,28.717499977350215,0,written,True
baseline,main,hybrid_rule_v3_fast_progress_static_escape,classic_urban_crossing_medium,1003,True,success,success,169,600,0,1.4225309763318605,30.119618134672532,0,written,True
baseline,main,hybrid_rule_v3_fast_progress_static_escape,francis2023_frontal_approach,1001,True,success,success,180,600,0,2.9986421751118852,31.68672043442737,0,written,True
baseline,main,hybrid_rule_v3_fast_progress_static_escape,francis2023_frontal_approach,1002,True,success,success,174,600,0,2.9333152699197367,31.3482465072473,0,written,True
baseline,main,hybrid_rule_v3_fast_progress_static_escape,francis2023_frontal_approach,1003,True,success,success,196,600,0,2.99613305221043,31.903540735244682,0,written,True
baseline,main,hybrid_rule_v3_fast_progress_static_escape,francis2023_pedestrian_obstruction,1001,True,success,success,180,600,0,2.9986421751118852,31.68672043442737,0,written,True
baseline,main,hybrid_rule_v3_fast_progress_static_escape,francis2023_pedestrian_obstruction,1002,True,success,success,174,600,0,2.9333152699197367,31.3482465072473,0,written,True
baseline,main,hybrid_rule_v3_fast_progress_static_escape,francis2023_pedestrian_obstruction,1003,True,success,success,196,600,0,2.99613305221043,31.903540735244682,0,written,True
baseline,main,hybrid_rule_v3_fast_progress_static_escape,francis2023_pedestrian_overtaking,1001,True,success,success,180,600,0,2.9986421751118852,31.68672043442737,0,written,True
baseline,main,hybrid_rule_v3_fast_progress_static_escape,francis2023_pedestrian_overtaking,1002,True,success,success,174,600,0,2.9333152699197367,31.3482465072473,0,written,True
baseline,main,hybrid_rule_v3_fast_progress_static_escape,francis2023_pedestrian_overtaking,1003,True,success,success,196,600,0,2.99613305221043,31.903540735244682,0,written,True
baseline,main,hybrid_rule_v3_fast_progress_static_escape,francis2023_robot_overtaking,1001,True,success,success,180,600,0,2.9986421751118852,31.68672043442737,0,written,True
baseline,main,hybrid_rule_v3_fast_progress_static_escape,francis2023_robot_overtaking,1002,True,success,success,174,600,0,2.9333152699197367,31.3482465072473,0,written,True
baseline,main,hybrid_rule_v3_fast_progress_static_escape,francis2023_robot_overtaking,1003,True,success,success,196,600,0,2.99613305221043,31.903540735244682,0,written,True
baseline,main,hybrid_rule_v3_fast_progress_static_escape,francis2023_down_path,1001,True,success,success,174,600,0,1.9992853045177046,30.62994163592663,0,written,True
baseline,main,hybrid_rule_v3_fast_progress_static_escape,francis2023_down_path,1002,True,success,success,169,600,0,1.9959453255345456,30.32810327808059,0,written,True
baseline,main,hybrid_rule_v3_fast_progress_static_escape,francis2023_down_path,1003,True,success,success,191,600,0,1.504186190821307,30.89368906145296,0,written,True
baseline,main,hybrid_rule_v3_fast_progress_static_escape,francis2023_intersection_no_gesture,1001,False,timeout,terminated,400,600,0,1.046227104591184,5.982500000000013,0,written,True
baseline,main,hybrid_rule_v3_fast_progress_static_escape,francis2023_intersection_no_gesture,1002,True,success,success,124,600,0,1.3797398313904337,21.34337889075281,0,written,True
baseline,main,hybrid_rule_v3_fast_progress_static_escape,francis2023_intersection_no_gesture,1003,True,success,success,324,600,0,1.0569856182159951,24.021522953948693,0,written,True
baseline,main,hybrid_rule_v3_fast_progress_static_escape,francis2023_blind_corner,1001,True,success,success,252,600,0,1.0494111967376267,43.603628012488315,0,written,True
baseline,main,hybrid_rule_v3_fast_progress_static_escape,francis2023_blind_corner,1002,True,success,success,246,600,0,1.3803897726212893,43.10628031293544,0,written,True
baseline,main,hybrid_rule_v3_fast_progress_static_escape,francis2023_blind_corner,1003,True,success,success,246,600,0,1.2265729698158263,43.65981763839716,0,written,True
baseline,main,hybrid_rule_v3_fast_progress_static_escape,francis2023_narrow_hallway,1001,False,timeout,terminated,400,600,0,1.046227104591184,5.982500000000013,0,written,True
baseline,main,hybrid_rule_v3_fast_progress_static_escape,francis2023_narrow_hallway,1002,True,success,success,124,600,0,1.3797398313904323,21.3433788907528,0,written,True
baseline,main,hybrid_rule_v3_fast_progress_static_escape,francis2023_narrow_hallway,1003,True,success,success,329,600,0,1.2129677712564917,21.88896673098209,0,written,True
baseline,main,hybrid_rule_v3_fast_progress_static_escape,francis2023_narrow_doorway,1001,False,timeout,terminated,400,600,0,1.2232287741928756,9.943861842205123,0,written,True
baseline,main,hybrid_rule_v3_fast_progress_static_escape,francis2023_narrow_doorway,1002,False,timeout,terminated,400,600,0,1.1602869592325349,9.605818743854751,0,written,True
baseline,main,hybrid_rule_v3_fast_progress_static_escape,francis2023_narrow_doorway,1003,False,timeout,terminated,400,600,0,1.1747480134097796,10.12287429705262,0,written,True
baseline,main,hybrid_rule_v3_fast_progress_static_escape,francis2023_entering_room,1001,True,success,success,105,600,0,1.1033933442346298,15.746491058468825,0,written,True
baseline,main,hybrid_rule_v3_fast_progress_static_escape,francis2023_entering_room,1002,True,success,success,99,600,0,1.1028146382500894,15.323437483708064,0,written,True
baseline,main,hybrid_rule_v3_fast_progress_static_escape,francis2023_entering_room,1003,True,success,success,110,600,0,1.04073998879047,15.93221642792224,0,written,True
baseline,main,hybrid_rule_v3_fast_progress_static_escape,francis2023_exiting_room,1001,True,success,success,121,600,0,1.2285581299569526,17.452633493989687,0,written,True
baseline,main,hybrid_rule_v3_fast_progress_static_escape,francis2023_exiting_room,1002,True,success,success,125,600,0,1.2798335907843295,17.853273022870223,0,written,True
baseline,main,hybrid_rule_v3_fast_progress_static_escape,francis2023_exiting_room,1003,True,success,success,115,600,0,1.2369107940922637,17.3260445795307,0,written,True
baseline,main,hybrid_rule_v3_fast_progress_static_escape,francis2023_entering_elevator,1001,True,success,success,75,600,0,1.0487741374682717,9.721519638895991,0,written,True
baseline,main,hybrid_rule_v3_fast_progress_static_escape,francis2023_entering_elevator,1002,True,success,success,68,600,0,1.041419190164321,9.344636065761252,0,written,True
baseline,main,hybrid_rule_v3_fast_progress_static_escape,francis2023_entering_elevator,1003,True,success,success,83,600,0,1.0497387614627451,9.912499996920435,0,written,True
baseline,main,hybrid_rule_v3_fast_progress_static_escape,francis2023_exiting_elevator,1001,True,success,success,109,600,0,1.0528129847722418,11.47091223322317,0,written,True
baseline,main,hybrid_rule_v3_fast_progress_static_escape,francis2023_exiting_elevator,1002,True,success,success,91,600,0,1.2700496030965216,11.802541325787717,0,written,True
baseline,main,hybrid_rule_v3_fast_progress_static_escape,francis2023_exiting_elevator,1003,True,success,success,78,600,0,1.2186585759041024,11.300859644656366,0,written,True
baseline,main,hybrid_rule_v3_fast_progress_static_escape,francis2023_intersection_wait,1001,False,timeout,terminated,400,600,0,1.046227104591184,5.982500000000013,0,written,True
baseline,main,hybrid_rule_v3_fast_progress_static_escape,francis2023_intersection_wait,1002,True,success,success,124,600,0,1.3797398313904337,21.34337889075281,0,written,True
baseline,main,hybrid_rule_v3_fast_progress_static_escape,francis2023_intersection_wait,1003,True,success,success,324,600,0,1.0569856182159951,24.021522953948693,0,written,True
baseline,main,hybrid_rule_v3_fast_progress_static_escape,francis2023_intersection_proceed,1001,False,timeout,terminated,400,600,0,1.046227104591184,5.982500000000013,0,written,True
baseline,main,hybrid_rule_v3_fast_progress_static_escape,francis2023_intersection_proceed,1002,True,success,success,124,600,0,1.3797398313904337,21.34337889075281,0,written,True
baseline,main,hybrid_rule_v3_fast_progress_static_escape,francis2023_intersection_proceed,1003,True,success,success,324,600,0,1.0569856182159951,24.021522953948693,0,written,True
baseline,main,hybrid_rule_v3_fast_progress_static_escape,francis2023_following_human,1001,True,success,success,174,600,0,1.9992853045177046,30.62994163592663,0,written,True
baseline,main,hybrid_rule_v3_fast_progress_static_escape,francis2023_following_human,1002,True,success,success,169,600,0,1.9959453255345456,30.32810327808059,0,written,True
baseline,main,hybrid_rule_v3_fast_progress_static_escape,francis2023_following_human,1003,True,success,success,191,600,0,1.504186190821307,30.89368906145296,0,written,True
baseline,main,hybrid_rule_v3_fast_progress_static_escape,francis2023_leading_human,1001,True,success,success,174,600,0,1.9992853045177046,30.62994163592663,0,written,True
baseline,main,hybrid_rule_v3_fast_progress_static_escape,francis2023_leading_human,1002,True,success,success,169,600,0,1.9959453255345456,30.32810327808059,0,written,True
baseline,main,hybrid_rule_v3_fast_progress_static_escape,francis2023_leading_human,1003,True,success,success,191,600,0,1.504186190821307,30.89368906145296,0,written,True
baseline,main,hybrid_rule_v3_fast_progress_static_escape,francis2023_accompanying_peer,1001,True,success,success,174,600,0,1.9992853045177046,30.62994163592663,0,written,True
baseline,main,hybrid_rule_v3_fast_progress_static_escape,francis2023_accompanying_peer,1002,True,success,success,169,600,0,1.9959453255345456,30.32810327808059,0,written,True
baseline,main,hybrid_rule_v3_fast_progress_static_escape,francis2023_accompanying_peer,1003,True,success,success,191,600,0,1.504186190821307,30.89368906145296,0,written,True
baseline,main,hybrid_rule_v3_fast_progress_static_escape,francis2023_join_group,1001,True,success,success,81,600,0,3.0051904369997366,11.71888442556064,0,written,True
baseline,main,hybrid_rule_v3_fast_progress_static_escape,francis2023_join_group,1002,True,success,success,75,600,0,2.979795658894484,11.337246078650166,0,written,True
baseline,main,hybrid_rule_v3_fast_progress_static_escape,francis2023_join_group,1003,True,success,success,92,600,0,2.947317155712574,12.048541313707828,0,written,True
baseline,main,hybrid_rule_v3_fast_progress_static_escape,francis2023_leave_group,1001,True,success,success,81,600,0,3.0051904369997366,11.71888442556064,0,written,True
baseline,main,hybrid_rule_v3_fast_progress_static_escape,francis2023_leave_group,1002,True,success,success,75,600,0,2.979795658894484,11.337246078650166,0,written,True
baseline,main,hybrid_rule_v3_fast_progress_static_escape,francis2023_leave_group,1003,True,success,success,92,600,0,2.947317155712574,12.048541313707828,0,written,True
baseline,main,hybrid_rule_v3_fast_progress_static_escape,francis2023_crowd_navigation,1001,True,success,success,131,600,0,2.966407022575553,21.7076282749573,0,written,True
baseline,main,hybrid_rule_v3_fast_progress_static_escape,francis2023_crowd_navigation,1002,True,success,success,124,600,0,2.9400078416547175,21.34337889075281,0,written,True
baseline,main,hybrid_rule_v3_fast_progress_static_escape,francis2023_crowd_navigation,1003,True,success,success,144,600,0,2.965996219632879,21.95031856412693,0,written,True
baseline,main,hybrid_rule_v3_fast_progress_static_escape,francis2023_parallel_traffic,1001,True,success,success,180,600,0,2.9986421751118852,31.68672043442737,0,written,True
baseline,main,hybrid_rule_v3_fast_progress_static_escape,francis2023_parallel_traffic,1002,True,success,success,174,600,0,2.9333152699197367,31.3482465072473,0,written,True
baseline,main,hybrid_rule_v3_fast_progress_static_escape,francis2023_parallel_traffic,1003,True,success,success,196,600,0,2.99613305221043,31.903540735244682,0,written,True
baseline,main,hybrid_rule_v3_fast_progress_static_escape,francis2023_perpendicular_traffic,1001,True,success,success,213,600,0,1.0474554132163791,21.653671960905168,0,written,True
baseline,main,hybrid_rule_v3_fast_progress_static_escape,francis2023_perpendicular_traffic,1002,True,success,success,124,600,0,1.3797398313904337,21.34337889075281,0,written,True
baseline,main,hybrid_rule_v3_fast_progress_static_escape,francis2023_perpendicular_traffic,1003,True,success,success,155,600,0,1.2129767408584664,21.875300042877605,0,written,True
baseline,main,hybrid_rule_v3_fast_progress_static_escape,francis2023_circular_crossing,1001,True,success,success,81,600,0,3.0051904369997366,11.71888442556064,0,written,True
baseline,main,hybrid_rule_v3_fast_progress_static_escape,francis2023_circular_crossing,1002,True,success,success,75,600,0,2.979795658894484,11.337246078650166,0,written,True
baseline,main,hybrid_rule_v3_fast_progress_static_escape,francis2023_circular_crossing,1003,True,success,success,92,600,0,2.947317155712574,12.048541313707828,0,written,True
baseline,main,hybrid_rule_v3_fast_progress_static_escape,francis2023_robot_crowding,1001,True,success,success,81,600,0,3.0051904369997366,11.71888442556064,0,written,True
baseline,main,hybrid_rule_v3_fast_progress_static_escape,francis2023_robot_crowding,1002,True,success,success,75,600,0,2.979795658894484,11.337246078650166,0,written,True
baseline,main,hybrid_rule_v3_fast_progress_static_escape,francis2023_robot_crowding,1003,True,success,success,92,600,0,2.947317155712574,12.048541313707828,0,written,True
baseline,main,hybrid_rule_v3_fast_progress_static_escape_continuous,classic_bottleneck_low,1001,True,success,success,121,600,0,1.585896174046824,19.7637499451637,0,written,True
baseline,main,hybrid_rule_v3_fast_progress_static_escape_continuous,classic_bottleneck_low,1002,True,success,success,135,600,0,1.5974004082742563,20.8024999654293,0,written,True
baseline,main,hybrid_rule_v3_fast_progress_static_escape_continuous,classic_bottleneck_low,1003,True,success,success,117,600,0,1.8571292528519543,20.013749965429234,0,written,True
baseline,main,hybrid_rule_v3_fast_progress_static_escape_continuous,classic_bottleneck_medium,1001,True,success,success,121,600,0,1.585896174046824,19.7637499451637,0,written,True
baseline,main,hybrid_rule_v3_fast_progress_static_escape_continuous,classic_bottleneck_medium,1002,True,success,success,135,600,0,1.5974004082742563,20.8024999654293,0,written,True
baseline,main,hybrid_rule_v3_fast_progress_static_escape_continuous,classic_bottleneck_medium,1003,True,success,success,117,600,0,1.8571292528519543,20.013749965429234,0,written,True
baseline,main,hybrid_rule_v3_fast_progress_static_escape_continuous,classic_bottleneck_high,1001,True,success,success,121,600,0,1.585896174046824,19.7637499451637,0,written,True
baseline,main,hybrid_rule_v3_fast_progress_static_escape_continuous,classic_bottleneck_high,1002,True,success,success,135,600,0,1.5974004082742563,20.8024999654293,0,written,True
baseline,main,hybrid_rule_v3_fast_progress_static_escape_continuous,classic_bottleneck_high,1003,True,success,success,117,600,0,1.8571292528519543,20.013749965429234,0,written,True
baseline,main,hybrid_rule_v3_fast_progress_static_escape_continuous,classic_realworld_double_bottleneck_high,1001,True,success,success,280,600,0,1.7073562230485693,47.306908970898235,0,written,True
baseline,main,hybrid_rule_v3_fast_progress_static_escape_continuous,classic_realworld_double_bottleneck_high,1002,True,success,success,272,600,0,1.641864369286247,46.6388280212879,0,written,True
baseline,main,hybrid_rule_v3_fast_progress_static_escape_continuous,classic_realworld_double_bottleneck_high,1003,True,success,success,283,600,0,1.6180811168200033,47.40861509983742,0,written,True
baseline,main,hybrid_rule_v3_fast_progress_static_escape_continuous,classic_station_platform_medium,1001,True,success,success,491,600,0,2.081529168362724,87.3110936057563,0,written,True
baseline,main,hybrid_rule_v3_fast_progress_static_escape_continuous,classic_station_platform_medium,1002,True,success,success,480,600,0,2.549254058479758,86.26203110814095,0,written,True
baseline,main,hybrid_rule_v3_fast_progress_static_escape_continuous,classic_station_platform_medium,1003,True,success,success,487,600,0,2.317619808022377,87.39977802515023,0,written,True
baseline,main,hybrid_rule_v3_fast_progress_static_escape_continuous,classic_cross_trap_low,1001,True,success,success,240,600,0,1.1869311730902603,43.254999967813454,0,written,True
baseline,main,hybrid_rule_v3_fast_progress_static_escape_continuous,classic_cross_trap_low,1002,True,success,success,239,600,0,1.1733298735947006,42.42249999284748,0,written,True
baseline,main,hybrid_rule_v3_fast_progress_static_escape_continuous,classic_cross_trap_low,1003,True,success,success,242,600,0,1.1851677081394774,42.70526182785628,0,written,True
baseline,main,hybrid_rule_v3_fast_progress_static_escape_continuous,classic_cross_trap_medium,1001,True,success,success,240,600,0,1.1869311730902603,43.254999967813454,0,written,True
baseline,main,hybrid_rule_v3_fast_progress_static_escape_continuous,classic_cross_trap_medium,1002,True,success,success,239,600,0,1.1733298735947006,42.42249999284748,0,written,True
baseline,main,hybrid_rule_v3_fast_progress_static_escape_continuous,classic_cross_trap_medium,1003,True,success,success,242,600,0,1.1851677081394774,42.70526182785628,0,written,True
baseline,main,hybrid_rule_v3_fast_progress_static_escape_continuous,classic_cross_trap_high,1001,True,success,success,240,600,0,1.1869311730902603,43.254999967813454,0,written,True
baseline,main,hybrid_rule_v3_fast_progress_static_escape_continuous,classic_cross_trap_high,1002,True,success,success,239,600,0,1.1733298735947006,42.42249999284748,0,written,True
baseline,main,hybrid_rule_v3_fast_progress_static_escape_continuous,classic_cross_trap_high,1003,True,success,success,242,600,0,1.1851677081394774,42.70526182785628,0,written,True
baseline,main,hybrid_rule_v3_fast_progress_static_escape_continuous,classic_doorway_low,1001,True,success,success,94,600,0,1.2022245957580426,12.093867167234421,0,written,True
baseline,main,hybrid_rule_v3_fast_progress_static_escape_continuous,classic_doorway_low,1002,True,success,success,93,600,0,1.2761776442245656,12.582222207188616,0,written,True
baseline,main,hybrid_rule_v3_fast_progress_static_escape_continuous,classic_doorway_low,1003,True,success,success,83,600,0,1.292029328299048,11.626805545091644,0,written,True
baseline,main,hybrid_rule_v3_fast_progress_static_escape_continuous,classic_doorway_medium,1001,True,success,success,94,600,0,1.2022245957580426,12.093867167234421,0,written,True
baseline,main,hybrid_rule_v3_fast_progress_static_escape_continuous,classic_doorway_medium,1002,True,success,success,93,600,0,1.2761776442245656,12.582222207188616,0,written,True
baseline,main,hybrid_rule_v3_fast_progress_static_escape_continuous,classic_doorway_medium,1003,True,success,success,83,600,0,1.292029328299048,11.626805545091644,0,written,True
baseline,main,hybrid_rule_v3_fast_progress_static_escape_continuous,classic_doorway_high,1001,True,success,success,94,600,0,1.2022245957580426,12.093867167234421,0,written,True
baseline,main,hybrid_rule_v3_fast_progress_static_escape_continuous,classic_doorway_high,1002,True,success,success,93,600,0,1.2761776442245656,12.582222207188616,0,written,True
baseline,main,hybrid_rule_v3_fast_progress_static_escape_continuous,classic_doorway_high,1003,True,success,success,83,600,0,1.292029328299048,11.626805545091644,0,written,True
baseline,main,hybrid_rule_v3_fast_progress_static_escape_continuous,classic_group_crossing_low,1001,True,success,success,111,600,0,2.217263671558438,16.658749992251384,0,written,True
baseline,main,hybrid_rule_v3_fast_progress_static_escape_continuous,classic_group_crossing_low,1002,True,success,success,98,600,0,2.1527326221344203,15.561018493175512,0,written,True
baseline,main,hybrid_rule_v3_fast_progress_static_escape_continuous,classic_group_crossing_low,1003,True,success,success,107,600,0,2.2161465629137127,16.817265732362863,0,written,True
baseline,main,hybrid_rule_v3_fast_progress_static_escape_continuous,classic_group_crossing_medium,1001,True,success,success,111,600,0,2.217263671558438,16.658749992251384,0,written,True
baseline,main,hybrid_rule_v3_fast_progress_static_escape_continuous,classic_group_crossing_medium,1002,True,success,success,98,600,0,2.1527326221344203,15.561018493175512,0,written,True
baseline,main,hybrid_rule_v3_fast_progress_static_escape_continuous,classic_group_crossing_medium,1003,True,success,success,107,600,0,2.2161465629137127,16.817265732362863,0,written,True
baseline,main,hybrid_rule_v3_fast_progress_static_escape_continuous,classic_group_crossing_high,1001,True,success,success,111,600,0,2.217263671558438,16.658749992251384,0,written,True
baseline,main,hybrid_rule_v3_fast_progress_static_escape_continuous,classic_group_crossing_high,1002,True,success,success,98,600,0,2.1527326221344203,15.561018493175512,0,written,True
baseline,main,hybrid_rule_v3_fast_progress_static_escape_continuous,classic_group_crossing_high,1003,True,success,success,107,600,0,2.2161465629137127,16.817265732362863,0,written,True
baseline,main,hybrid_rule_v3_fast_progress_static_escape_continuous,classic_head_on_corridor_low,1001,False,collision,collision,1,600,1,0.9198601309820914,0.0,0,written,True
baseline,main,hybrid_rule_v3_fast_progress_static_escape_continuous,classic_head_on_corridor_low,1002,True,success,success,170,600,0,1.5656944276878146,30.1978124988078,0,written,True
baseline,main,hybrid_rule_v3_fast_progress_static_escape_continuous,classic_head_on_corridor_low,1003,True,success,success,184,600,0,1.2607723921418208,30.374977302402257,0,written,True
baseline,main,hybrid_rule_v3_fast_progress_static_escape_continuous,classic_head_on_corridor_medium,1001,False,collision,collision,1,600,1,0.9198601309820914,0.0,0,written,True
baseline,main,hybrid_rule_v3_fast_progress_static_escape_continuous,classic_head_on_corridor_medium,1002,True,success,success,170,600,0,1.5656944276878146,30.1978124988078,0,written,True
baseline,main,hybrid_rule_v3_fast_progress_static_escape_continuous,classic_head_on_corridor_medium,1003,True,success,success,184,600,0,1.2607723921418208,30.374977302402257,0,written,True
baseline,main,hybrid_rule_v3_fast_progress_static_escape_continuous,classic_merging_low,1001,True,success,success,392,600,0,1.7449090680038233,69.77312485277656,0,written,True
baseline,main,hybrid_rule_v3_fast_progress_static_escape_continuous,classic_merging_low,1002,True,success,success,389,600,0,1.7605817422405678,69.33390608131887,0,written,True
baseline,main,hybrid_rule_v3_fast_progress_static_escape_continuous,classic_merging_low,1003,True,success,success,402,600,0,1.7577787079334355,68.1224250370264,0,written,True
baseline,main,hybrid_rule_v3_fast_progress_static_escape_continuous,classic_merging_medium,1001,True,success,success,392,600,0,1.7449090680038233,69.77312485277656,0,written,True
baseline,main,hybrid_rule_v3_fast_progress_static_escape_continuous,classic_merging_medium,1002,True,success,success,389,600,0,1.7605817422405678,69.33390608131887,0,written,True
baseline,main,hybrid_rule_v3_fast_progress_static_escape_continuous,classic_merging_medium,1003,True,success,success,402,600,0,1.7577787079334355,68.1224250370264,0,written,True
baseline,main,hybrid_rule_v3_fast_progress_static_escape_continuous,classic_overtaking_low,1001,True,success,success,207,600,0,1.0862928281750872,35.834999934434904,0,written,True
baseline,main,hybrid_rule_v3_fast_progress_static_escape_continuous,classic_overtaking_low,1002,True,success,success,207,600,0,1.108790687324049,35.624687434434875,0,written,True
baseline,main,hybrid_rule_v3_fast_progress_static_escape_continuous,classic_overtaking_low,1003,True,success,success,217,600,0,1.1068491138434888,35.259054642170724,0,written,True
baseline,main,hybrid_rule_v3_fast_progress_static_escape_continuous,classic_overtaking_medium,1001,True,success,success,207,600,0,1.0862928281750872,35.834999934434904,0,written,True
baseline,main,hybrid_rule_v3_fast_progress_static_escape_continuous,classic_overtaking_medium,1002,True,success,success,207,600,0,1.108790687324049,35.624687434434875,0,written,True
baseline,main,hybrid_rule_v3_fast_progress_static_escape_continuous,classic_overtaking_medium,1003,True,success,success,217,600,0,1.1068491138434888,35.259054642170724,0,written,True
baseline,main,hybrid_rule_v3_fast_progress_static_escape_continuous,classic_t_intersection_low,1001,True,success,success,144,600,0,2.0057303763450625,24.289999963045105,0,written,True
baseline,main,hybrid_rule_v3_fast_progress_static_escape_continuous,classic_t_intersection_low,1002,True,success,success,148,600,0,1.3071435832785612,25.289999954700477,0,written,True
baseline,main,hybrid_rule_v3_fast_progress_static_escape_continuous,classic_t_intersection_low,1003,True,success,success,153,600,0,1.4461188349828324,24.473139080603932,0,written,True
baseline,main,hybrid_rule_v3_fast_progress_static_escape_continuous,classic_t_intersection_medium,1001,True,success,success,144,600,0,2.0057303763450625,24.289999963045105,0,written,True
baseline,main,hybrid_rule_v3_fast_progress_static_escape_continuous,classic_t_intersection_medium,1002,True,success,success,148,600,0,1.3071435832785612,25.289999954700477,0,written,True
baseline,main,hybrid_rule_v3_fast_progress_static_escape_continuous,classic_t_intersection_medium,1003,True,success,success,153,600,0,1.4461188349828324,24.473139080603932,0,written,True
baseline,main,hybrid_rule_v3_fast_progress_static_escape_continuous,classic_urban_crossing_medium,1001,False,timeout,terminated,600,600,0,1.1153695014551983,0.0,0,written,True
baseline,main,hybrid_rule_v3_fast_progress_static_escape_continuous,classic_urban_crossing_medium,1002,True,success,success,169,600,0,1.7323456455316286,28.737499977350183,0,written,True
baseline,main,hybrid_rule_v3_fast_progress_static_escape_continuous,classic_urban_crossing_medium,1003,True,success,success,182,600,0,1.424247581554784,30.070123445192976,0,written,True
baseline,main,hybrid_rule_v3_fast_progress_static_escape_continuous,francis2023_frontal_approach,1001,True,success,success,183,600,0,2.992982255968646,31.686309302647977,0,written,True
baseline,main,hybrid_rule_v3_fast_progress_static_escape_continuous,francis2023_frontal_approach,1002,True,success,success,176,600,0,2.929217351538348,31.35324650724721,0,written,True
baseline,main,hybrid_rule_v3_fast_progress_static_escape_continuous,francis2023_frontal_approach,1003,True,success,success,200,600,0,2.995150063268377,31.908540735244777,0,written,True
baseline,main,hybrid_rule_v3_fast_progress_static_escape_continuous,francis2023_pedestrian_obstruction,1001,True,success,success,183,600,0,2.992982255968646,31.686309302647977,0,written,True
baseline,main,hybrid_rule_v3_fast_progress_static_escape_continuous,francis2023_pedestrian_obstruction,1002,True,success,success,176,600,0,2.929217351538348,31.35324650724721,0,written,True
baseline,main,hybrid_rule_v3_fast_progress_static_escape_continuous,francis2023_pedestrian_obstruction,1003,True,success,success,200,600,0,2.995150063268377,31.908540735244777,0,written,True
baseline,main,hybrid_rule_v3_fast_progress_static_escape_continuous,francis2023_pedestrian_overtaking,1001,True,success,success,183,600,0,2.992982255968646,31.686309302647977,0,written,True
baseline,main,hybrid_rule_v3_fast_progress_static_escape_continuous,francis2023_pedestrian_overtaking,1002,True,success,success,176,600,0,2.929217351538348,31.35324650724721,0,written,True
baseline,main,hybrid_rule_v3_fast_progress_static_escape_continuous,francis2023_pedestrian_overtaking,1003,True,success,success,200,600,0,2.995150063268377,31.908540735244777,0,written,True
baseline,main,hybrid_rule_v3_fast_progress_static_escape_continuous,francis2023_robot_overtaking,1001,True,success,success,183,600,0,2.992982255968646,31.686309302647977,0,written,True
baseline,main,hybrid_rule_v3_fast_progress_static_escape_continuous,francis2023_robot_overtaking,1002,True,success,success,176,600,0,2.929217351538348,31.35324650724721,0,written,True
baseline,main,hybrid_rule_v3_fast_progress_static_escape_continuous,francis2023_robot_overtaking,1003,True,success,success,200,600,0,2.995150063268377,31.908540735244777,0,written,True
baseline,main,hybrid_rule_v3_fast_progress_static_escape_continuous,francis2023_down_path,1001,True,success,success,174,600,0,1.999742757563429,30.62994163592646,0,written,True
baseline,main,hybrid_rule_v3_fast_progress_static_escape_continuous,francis2023_down_path,1002,True,success,success,169,600,0,1.9954847990109654,30.328103278080526,0,written,True
baseline,main,hybrid_rule_v3_fast_progress_static_escape_continuous,francis2023_down_path,1003,True,success,success,360,600,0,1.213508099441434,35.397182865892404,0,written,True
baseline,main,hybrid_rule_v3_fast_progress_static_escape_continuous,francis2023_intersection_no_gesture,1001,False,timeout,terminated,400,600,0,1.052254429868658,0.0,0,written,True
baseline,main,hybrid_rule_v3_fast_progress_static_escape_continuous,francis2023_intersection_no_gesture,1002,True,success,success,126,600,0,1.3851660001827615,21.293103282848975,0,written,True
baseline,main,hybrid_rule_v3_fast_progress_static_escape_continuous,francis2023_intersection_no_gesture,1003,False,timeout,terminated,400,600,0,1.2205466993381933,24.66849483586001,0,written,True
baseline,main,hybrid_rule_v3_fast_progress_static_escape_continuous,francis2023_blind_corner,1001,True,success,success,256,600,0,1.0522433892834704,43.4355335277815,0,written,True
baseline,main,hybrid_rule_v3_fast_progress_static_escape_continuous,francis2023_blind_corner,1002,True,success,success,249,600,0,1.3862765564283834,43.10595116967952,0,written,True
baseline,main,hybrid_rule_v3_fast_progress_static_escape_continuous,francis2023_blind_corner,1003,True,success,success,246,600,0,1.2265729698158263,43.65981763839716,0,written,True
baseline,main,hybrid_rule_v3_fast_progress_static_escape_continuous,francis2023_narrow_hallway,1001,False,timeout,terminated,400,600,0,1.052254429868658,0.0,0,written,True
baseline,main,hybrid_rule_v3_fast_progress_static_escape_continuous,francis2023_narrow_hallway,1002,True,success,success,126,600,0,1.3851660001827637,21.293103282849042,0,written,True
baseline,main,hybrid_rule_v3_fast_progress_static_escape_continuous,francis2023_narrow_hallway,1003,True,success,success,307,600,0,1.214080913611822,25.686680411952185,0,written,True
baseline,main,hybrid_rule_v3_fast_progress_static_escape_continuous,francis2023_narrow_doorway,1001,False,timeout,terminated,400,600,0,1.3060773598437512,9.728639676024525,0,written,True
baseline,main,hybrid_rule_v3_fast_progress_static_escape_continuous,francis2023_narrow_doorway,1002,False,timeout,terminated,400,600,0,1.314974549103009,9.323973014603048,0,written,True
baseline,main,hybrid_rule_v3_fast_progress_static_escape_continuous,francis2023_narrow_doorway,1003,False,timeout,terminated,400,600,0,1.3182631029159775,9.865491529951504,0,written,True
baseline,main,hybrid_rule_v3_fast_progress_static_escape_continuous,francis2023_entering_room,1001,True,success,success,106,600,0,1.2688406781848087,15.767513719995813,0,written,True
baseline,main,hybrid_rule_v3_fast_progress_static_escape_continuous,francis2023_entering_room,1002,True,success,success,101,600,0,1.2527797911374032,15.40655565162499,0,written,True
baseline,main,hybrid_rule_v3_fast_progress_static_escape_continuous,francis2023_entering_room,1003,True,success,success,110,600,0,1.2208064339867395,15.923518476486194,0,written,True
baseline,main,hybrid_rule_v3_fast_progress_static_escape_continuous,francis2023_exiting_room,1001,True,success,success,127,600,0,1.3469938221021454,17.471040724168212,0,written,True
baseline,main,hybrid_rule_v3_fast_progress_static_escape_continuous,francis2023_exiting_room,1002,True,success,success,127,600,0,1.2627047502167161,17.778880761315403,0,written,True
baseline,main,hybrid_rule_v3_fast_progress_static_escape_continuous,francis2023_exiting_room,1003,True,success,success,115,600,0,1.213118761886186,17.28559898634251,0,written,True
baseline,main,hybrid_rule_v3_fast_progress_static_escape_continuous,francis2023_entering_elevator,1001,True,success,success,82,600,0,1.2302127061427244,9.711490793799364,0,written,True
baseline,main,hybrid_rule_v3_fast_progress_static_escape_continuous,francis2023_entering_elevator,1002,True,success,success,72,600,0,1.211319992303957,9.374363903800651,0,written,True
baseline,main,hybrid_rule_v3_fast_progress_static_escape_continuous,francis2023_entering_elevator,1003,True,success,success,82,600,0,1.208361694521798,9.900080939332646,0,written,True
baseline,main,hybrid_rule_v3_fast_progress_static_escape_continuous,francis2023_exiting_elevator,1001,False,timeout,terminated,400,600,0,1.052254429868658,0.0,0,written,True
baseline,main,hybrid_rule_v3_fast_progress_static_escape_continuous,francis2023_exiting_elevator,1002,True,success,success,92,600,0,1.2700509360775847,11.796544267187523,0,written,True
baseline,main,hybrid_rule_v3_fast_progress_static_escape_continuous,francis2023_exiting_elevator,1003,True,success,success,78,600,0,1.2186585759041024,11.29810358027617,0,written,True
baseline,main,hybrid_rule_v3_fast_progress_static_escape_continuous,francis2023_intersection_wait,1001,False,timeout,terminated,400,600,0,1.052254429868658,0.0,0,written,True
baseline,main,hybrid_rule_v3_fast_progress_static_escape_continuous,francis2023_intersection_wait,1002,True,success,success,126,600,0,1.3851660001827615,21.293103282848975,0,written,True
baseline,main,hybrid_rule_v3_fast_progress_static_escape_continuous,francis2023_intersection_wait,1003,False,timeout,terminated,400,600,0,1.2205466993381933,24.66849483586001,0,written,True
baseline,main,hybrid_rule_v3_fast_progress_static_escape_continuous,francis2023_intersection_proceed,1001,False,timeout,terminated,400,600,0,1.052254429868658,0.0,0,written,True
baseline,main,hybrid_rule_v3_fast_progress_static_escape_continuous,francis2023_intersection_proceed,1002,True,success,success,126,600,0,1.3851660001827615,21.293103282848975,0,written,True
baseline,main,hybrid_rule_v3_fast_progress_static_escape_continuous,francis2023_intersection_proceed,1003,False,timeout,terminated,400,600,0,1.2205466993381933,24.66849483586001,0,written,True
baseline,main,hybrid_rule_v3_fast_progress_static_escape_continuous,francis2023_following_human,1001,True,success,success,174,600,0,1.999742757563429,30.62994163592646,0,written,True
baseline,main,hybrid_rule_v3_fast_progress_static_escape_continuous,francis2023_following_human,1002,True,success,success,169,600,0,1.9954847990109654,30.328103278080526,0,written,True
baseline,main,hybrid_rule_v3_fast_progress_static_escape_continuous,francis2023_following_human,1003,True,success,success,360,600,0,1.213508099441434,35.397182865892404,0,written,True
baseline,main,hybrid_rule_v3_fast_progress_static_escape_continuous,francis2023_leading_human,1001,True,success,success,174,600,0,1.999742757563429,30.62994163592646,0,written,True
baseline,main,hybrid_rule_v3_fast_progress_static_escape_continuous,francis2023_leading_human,1002,True,success,success,169,600,0,1.9954847990109654,30.328103278080526,0,written,True
baseline,main,hybrid_rule_v3_fast_progress_static_escape_continuous,francis2023_leading_human,1003,True,success,success,360,600,0,1.213508099441434,35.397182865892404,0,written,True
baseline,main,hybrid_rule_v3_fast_progress_static_escape_continuous,francis2023_accompanying_peer,1001,True,success,success,174,600,0,1.999742757563429,30.62994163592646,0,written,True
baseline,main,hybrid_rule_v3_fast_progress_static_escape_continuous,francis2023_accompanying_peer,1002,True,success,success,169,600,0,1.9954847990109654,30.328103278080526,0,written,True
baseline,main,hybrid_rule_v3_fast_progress_static_escape_continuous,francis2023_accompanying_peer,1003,True,success,success,360,600,0,1.213508099441434,35.397182865892404,0,written,True
baseline,main,hybrid_rule_v3_fast_progress_static_escape_continuous,francis2023_join_group,1001,True,success,success,82,600,0,2.9578272361694564,11.760802453756325,0,written,True
baseline,main,hybrid_rule_v3_fast_progress_static_escape_continuous,francis2023_join_group,1002,True,success,success,75,600,0,2.979005650120054,11.337246078650153,0,written,True
baseline,main,hybrid_rule_v3_fast_progress_static_escape_continuous,francis2023_join_group,1003,True,success,success,92,600,0,2.947317155712574,12.048541313707828,0,written,True
baseline,main,hybrid_rule_v3_fast_progress_static_escape_continuous,francis2023_leave_group,1001,True,success,success,82,600,0,2.9578272361694564,11.760802453756325,0,written,True
baseline,main,hybrid_rule_v3_fast_progress_static_escape_continuous,francis2023_leave_group,1002,True,success,success,75,600,0,2.979005650120054,11.337246078650153,0,written,True
baseline,main,hybrid_rule_v3_fast_progress_static_escape_continuous,francis2023_leave_group,1003,True,success,success,92,600,0,2.947317155712574,12.048541313707828,0,written,True
baseline,main,hybrid_rule_v3_fast_progress_static_escape_continuous,francis2023_crowd_navigation,1001,True,success,success,131,600,0,2.9434252846980553,21.7338856355349,0,written,True
baseline,main,hybrid_rule_v3_fast_progress_static_escape_continuous,francis2023_crowd_navigation,1002,True,success,success,125,600,0,2.962147541845393,21.42668183684346,0,written,True
baseline,main,hybrid_rule_v3_fast_progress_static_escape_continuous,francis2023_crowd_navigation,1003,True,success,success,144,600,0,2.965996219632879,21.95031856412693,0,written,True
baseline,main,hybrid_rule_v3_fast_progress_static_escape_continuous,francis2023_parallel_traffic,1001,True,success,success,183,600,0,2.992982255968646,31.686309302647977,0,written,True
baseline,main,hybrid_rule_v3_fast_progress_static_escape_continuous,francis2023_parallel_traffic,1002,True,success,success,176,600,0,2.929217351538348,31.35324650724721,0,written,True
baseline,main,hybrid_rule_v3_fast_progress_static_escape_continuous,francis2023_parallel_traffic,1003,True,success,success,200,600,0,2.995150063268377,31.908540735244777,0,written,True
baseline,main,hybrid_rule_v3_fast_progress_static_escape_continuous,francis2023_perpendicular_traffic,1001,False,timeout,terminated,400,600,0,1.052254429868658,0.0,0,written,True
baseline,main,hybrid_rule_v3_fast_progress_static_escape_continuous,francis2023_perpendicular_traffic,1002,True,success,success,126,600,0,1.3851660001827615,21.293103282848975,0,written,True
baseline,main,hybrid_rule_v3_fast_progress_static_escape_continuous,francis2023_perpendicular_traffic,1003,False,timeout,terminated,400,600,0,1.2217740328742215,24.47559889871348,0,written,True
baseline,main,hybrid_rule_v3_fast_progress_static_escape_continuous,francis2023_circular_crossing,1001,True,success,success,82,600,0,2.9578272361694564,11.760802453756325,0,written,True
baseline,main,hybrid_rule_v3_fast_progress_static_escape_continuous,francis2023_circular_crossing,1002,True,success,success,75,600,0,2.979005650120054,11.337246078650153,0,written,True
baseline,main,hybrid_rule_v3_fast_progress_static_escape_continuous,francis2023_circular_crossing,1003,True,success,success,92,600,0,2.947317155712574,12.048541313707828,0,written,True
baseline,main,hybrid_rule_v3_fast_progress_static_escape_continuous,francis2023_robot_crowding,1001,True,success,success,82,600,0,2.9578272361694564,11.760802453756325,0,written,True
baseline,main,hybrid_rule_v3_fast_progress_static_escape_continuous,francis2023_robot_crowding,1002,True,success,success,75,600,0,2.979005650120054,11.337246078650153,0,written,True
baseline,main,hybrid_rule_v3_fast_progress_static_escape_continuous,francis2023_robot_crowding,1003,True,success,success,92,600,0,2.947317155712574,12.048541313707828,0,written,True
baseline,main,orca,classic_bottleneck_low,1001,True,success,success,109,600,0,1.584334461219512,19.794999999999987,0,written,True
baseline,main,orca,classic_bottleneck_low,1002,True,success,success,114,600,0,1.4092851465502927,20.794999999999984,0,written,True
baseline,main,orca,classic_bottleneck_low,1003,True,success,success,111,600,0,1.905128029572955,20.195,0,written,True
baseline,main,orca,classic_bottleneck_medium,1001,True,success,success,109,600,0,1.584334461219512,19.794999999999987,0,written,True
baseline,main,orca,classic_bottleneck_medium,1002,True,success,success,114,600,0,1.4092851465502927,20.794999999999984,0,written,True
baseline,main,orca,classic_bottleneck_medium,1003,True,success,success,111,600,0,1.905128029572955,20.195,0,written,True
baseline,main,orca,classic_bottleneck_high,1001,True,success,success,109,600,0,1.584334461219512,19.794999999999987,0,written,True
baseline,main,orca,classic_bottleneck_high,1002,True,success,success,114,600,0,1.4092851465502927,20.794999999999984,0,written,True
baseline,main,orca,classic_bottleneck_high,1003,True,success,success,111,600,0,1.905128029572955,20.195,0,written,True
baseline,main,orca,classic_realworld_double_bottleneck_high,1001,True,success,success,246,600,0,1.9507449079942891,47.19499999999999,0,written,True
baseline,main,orca,classic_realworld_double_bottleneck_high,1002,True,success,success,243,600,0,1.9609085151000403,46.59500000000004,0,written,True
baseline,main,orca,classic_realworld_double_bottleneck_high,1003,True,success,success,247,600,0,1.954069561445238,47.39500000000004,0,written,True
baseline,main,orca,classic_station_platform_medium,1001,True,success,success,447,600,0,2.076479720460723,87.39499999999994,0,written,True
baseline,main,orca,classic_station_platform_medium,1002,True,success,success,444,600,0,2.549240171828601,86.79500000000003,0,written,True
baseline,main,orca,classic_station_platform_medium,1003,True,success,success,449,600,0,2.3167448176324554,87.795,0,written,True
baseline,main,orca,classic_cross_trap_low,1001,True,success,success,228,600,0,1.392553693420115,43.594999999999985,0,written,True
baseline,main,orca,classic_cross_trap_low,1002,True,success,success,224,600,0,1.3993968827744467,42.79499999999999,0,written,True
baseline,main,orca,classic_cross_trap_low,1003,True,success,success,226,600,0,1.3976496991384326,43.19500000000001,0,written,True
baseline,main,orca,classic_cross_trap_medium,1001,True,success,success,228,600,0,1.392553693420115,43.594999999999985,0,written,True
baseline,main,orca,classic_cross_trap_medium,1002,True,success,success,224,600,0,1.3993968827744467,42.79499999999999,0,written,True
baseline,main,orca,classic_cross_trap_medium,1003,True,success,success,226,600,0,1.3976496991384326,43.19500000000001,0,written,True
baseline,main,orca,classic_cross_trap_high,1001,True,success,success,228,600,0,1.392553693420115,43.594999999999985,0,written,True
baseline,main,orca,classic_cross_trap_high,1002,True,success,success,224,600,0,1.3993968827744467,42.79499999999999,0,written,True
baseline,main,orca,classic_cross_trap_high,1003,True,success,success,226,600,0,1.3976496991384326,43.19500000000001,0,written,True
baseline,main,orca,classic_doorway_low,1001,True,success,success,90,600,0,1.2076825703091663,13.202749206244427,0,written,True
baseline,main,orca,classic_doorway_low,1002,True,success,success,78,600,0,1.3582586470869007,12.429439632837928,0,written,True
baseline,main,orca,classic_doorway_low,1003,True,success,success,84,600,0,1.3457086062589034,11.88737237348137,0,written,True
baseline,main,orca,classic_doorway_medium,1001,True,success,success,90,600,0,1.2076825703091663,13.202749206244427,0,written,True
baseline,main,orca,classic_doorway_medium,1002,True,success,success,78,600,0,1.3582586470869007,12.429439632837928,0,written,True
baseline,main,orca,classic_doorway_medium,1003,True,success,success,84,600,0,1.3457086062589034,11.88737237348137,0,written,True
baseline,main,orca,classic_doorway_high,1001,True,success,success,90,600,0,1.2076825703091663,13.202749206244427,0,written,True
baseline,main,orca,classic_doorway_high,1002,True,success,success,78,600,0,1.3582586470869007,12.429439632837928,0,written,True
baseline,main,orca,classic_doorway_high,1003,True,success,success,84,600,0,1.3457086062589034,11.88737237348137,0,written,True
baseline,main,orca,classic_group_crossing_low,1001,True,success,success,93,600,0,1.9030849805332415,16.595000000000002,0,written,True
baseline,main,orca,classic_group_crossing_low,1002,True,success,success,88,600,0,2.1057675394241504,15.59500000000001,0,written,True
baseline,main,orca,classic_group_crossing_low,1003,True,success,success,94,600,0,2.24681439457578,16.794999999999998,0,written,True
baseline,main,orca,classic_group_crossing_medium,1001,True,success,success,93,600,0,1.9030849805332415,16.595000000000002,0,written,True
baseline,main,orca,classic_group_crossing_medium,1002,True,success,success,88,600,0,2.1057675394241504,15.59500000000001,0,written,True
baseline,main,orca,classic_group_crossing_medium,1003,True,success,success,94,600,0,2.24681439457578,16.794999999999998,0,written,True
baseline,main,orca,classic_group_crossing_high,1001,True,success,success,93,600,0,1.9030849805332415,16.595000000000002,0,written,True
baseline,main,orca,classic_group_crossing_high,1002,True,success,success,88,600,0,2.1057675394241504,15.59500000000001,0,written,True
baseline,main,orca,classic_group_crossing_high,1003,True,success,success,94,600,0,2.24681439457578,16.794999999999998,0,written,True
baseline,main,orca,classic_head_on_corridor_low,1001,False,collision,collision,1,600,1,0.9198601309820914,0.0,0,written,True
baseline,main,orca,classic_head_on_corridor_low,1002,True,success,success,162,600,0,1.5656944276878146,30.395000000000017,0,written,True
baseline,main,orca,classic_head_on_corridor_low,1003,True,success,success,162,600,0,1.2607723921418208,30.330313756995555,0,written,True
baseline,main,orca,classic_head_on_corridor_medium,1001,False,collision,collision,1,600,1,0.9198601309820914,0.0,0,written,True
baseline,main,orca,classic_head_on_corridor_medium,1002,True,success,success,162,600,0,1.5656944276878146,30.395000000000017,0,written,True
baseline,main,orca,classic_head_on_corridor_medium,1003,True,success,success,162,600,0,1.2607723921418208,30.330313756995555,0,written,True
baseline,main,orca,classic_merging_low,1001,True,success,success,370,600,0,1.7924976659161918,71.965,0,written,True
baseline,main,orca,classic_merging_low,1002,True,success,success,372,600,0,1.319268064525599,72.19500000000002,0,written,True
baseline,main,orca,classic_merging_low,1003,True,success,success,371,600,0,1.6741008712689747,72.16500000000002,0,written,True
baseline,main,orca,classic_merging_medium,1001,True,success,success,370,600,0,1.7924976659161918,71.965,0,written,True
baseline,main,orca,classic_merging_medium,1002,True,success,success,372,600,0,1.319268064525599,72.19500000000002,0,written,True
baseline,main,orca,classic_merging_medium,1003,True,success,success,371,600,0,1.6741008712689747,72.16500000000002,0,written,True
baseline,main,orca,classic_overtaking_low,1001,True,success,success,196,600,0,1.4013490405473044,37.18973928213118,0,written,True
baseline,main,orca,classic_overtaking_low,1002,True,success,success,195,600,0,1.3994531153114727,36.99072753906255,0,written,True
baseline,main,orca,classic_overtaking_low,1003,True,success,success,194,600,0,1.3960858839286012,36.787443597316724,0,written,True
baseline,main,orca,classic_overtaking_medium,1001,True,success,success,196,600,0,1.4013490405473044,37.18973928213118,0,written,True
baseline,main,orca,classic_overtaking_medium,1002,True,success,success,195,600,0,1.3994531153114727,36.99072753906255,0,written,True
baseline,main,orca,classic_overtaking_medium,1003,True,success,success,194,600,0,1.3960858839286012,36.787443597316724,0,written,True
baseline,main,orca,classic_t_intersection_low,1001,True,success,success,131,600,0,2.0109267032778906,24.194999999999997,0,written,True
baseline,main,orca,classic_t_intersection_low,1002,True,success,success,138,600,0,1.3050524847448521,25.55499999999997,0,written,True
baseline,main,orca,classic_t_intersection_low,1003,True,success,success,132,600,0,1.5480222495428513,24.394999999999982,0,written,True
baseline,main,orca,classic_t_intersection_medium,1001,True,success,success,131,600,0,2.0109267032778906,24.194999999999997,0,written,True
baseline,main,orca,classic_t_intersection_medium,1002,True,success,success,138,600,0,1.3050524847448521,25.55499999999997,0,written,True
baseline,main,orca,classic_t_intersection_medium,1003,True,success,success,132,600,0,1.5480222495428513,24.394999999999982,0,written,True
baseline,main,orca,classic_urban_crossing_medium,1001,True,success,success,163,600,0,1.104814551548642,30.595,0,written,True
baseline,main,orca,classic_urban_crossing_medium,1002,True,success,success,153,600,0,1.7323193156297831,28.59499999999998,0,written,True
baseline,main,orca,classic_urban_crossing_medium,1003,True,success,success,162,600,0,1.4225309763318605,30.39500000000002,0,written,True
baseline,main,orca,francis2023_frontal_approach,1001,True,success,success,171,600,0,2.9017208182929033,31.790000000000003,0,written,True
baseline,main,orca,francis2023_frontal_approach,1002,True,success,success,168,600,0,2.9280917587578084,31.35,0,written,True
baseline,main,orca,francis2023_frontal_approach,1003,True,success,success,171,600,0,3.0060495507018214,31.87500000000002,0,written,True
baseline,main,orca,francis2023_pedestrian_obstruction,1001,True,success,success,171,600,0,2.9017208182929033,31.790000000000003,0,written,True
baseline,main,orca,francis2023_pedestrian_obstruction,1002,True,success,success,168,600,0,2.9280917587578084,31.35,0,written,True
baseline,main,orca,francis2023_pedestrian_obstruction,1003,True,success,success,171,600,0,3.0060495507018214,31.87500000000002,0,written,True
baseline,main,orca,francis2023_pedestrian_overtaking,1001,True,success,success,171,600,0,2.9017208182929033,31.790000000000003,0,written,True
baseline,main,orca,francis2023_pedestrian_overtaking,1002,True,success,success,168,600,0,2.9280917587578084,31.35,0,written,True
baseline,main,orca,francis2023_pedestrian_overtaking,1003,True,success,success,171,600,0,3.0060495507018214,31.87500000000002,0,written,True
baseline,main,orca,francis2023_robot_overtaking,1001,True,success,success,171,600,0,2.9017208182929033,31.790000000000003,0,written,True
baseline,main,orca,francis2023_robot_overtaking,1002,True,success,success,168,600,0,2.9280917587578084,31.35,0,written,True
baseline,main,orca,francis2023_robot_overtaking,1003,True,success,success,171,600,0,3.0060495507018214,31.87500000000002,0,written,True
baseline,main,orca,francis2023_down_path,1001,True,success,success,164,600,0,2.003682119939471,30.795000000000016,0,written,True
baseline,main,orca,francis2023_down_path,1002,True,success,success,162,600,0,1.964177144957463,30.39499999999999,0,written,True
baseline,main,orca,francis2023_down_path,1003,True,success,success,165,600,0,1.7249163068188904,30.995000000000026,0,written,True
baseline,main,orca,francis2023_intersection_no_gesture,1001,True,success,success,120,600,0,1.0494111967376267,21.995,0,written,True
baseline,main,orca,francis2023_intersection_no_gesture,1002,True,success,success,117,600,0,1.380045212858979,21.395000000000014,0,written,True
baseline,main,orca,francis2023_intersection_no_gesture,1003,True,success,success,120,600,0,1.2265729698158263,21.995000000000008,0,written,True
baseline,main,orca,francis2023_blind_corner,1001,True,success,success,228,600,0,1.0494111967376267,43.59500000000002,0,written,True
baseline,main,orca,francis2023_blind_corner,1002,True,success,success,225,600,0,1.3803897726212893,42.98500000000001,0,written,True
baseline,main,orca,francis2023_blind_corner,1003,True,success,success,228,600,0,1.2265729698158263,43.584999999999994,0,written,True
baseline,main,orca,francis2023_narrow_hallway,1001,True,success,success,119,600,0,1.0494111967376258,21.79500000000001,0,written,True
baseline,main,orca,francis2023_narrow_hallway,1002,True,success,success,117,600,0,1.3799609393309427,21.395000000000007,0,written,True
baseline,main,orca,francis2023_narrow_hallway,1003,True,success,success,120,600,0,1.2265729698158263,21.994999999999997,0,written,True
baseline,main,orca,francis2023_narrow_doorway,1001,False,timeout,terminated,400,600,0,1.4321105468847963,9.627448975507583,0,written,True
baseline,main,orca,francis2023_narrow_doorway,1002,False,timeout,terminated,400,600,0,1.4429892250426584,9.224767674422674,0,written,True
baseline,main,orca,francis2023_narrow_doorway,1003,False,timeout,terminated,400,600,0,1.45447705177938,9.78202398378358,0,written,True
baseline,main,orca,francis2023_entering_room,1001,True,success,success,89,600,0,1.3996215748260874,15.795000000000007,0,written,True
baseline,main,orca,francis2023_entering_room,1002,True,success,success,87,600,0,1.4106123793843037,15.394999999999994,0,written,True
baseline,main,orca,francis2023_entering_room,1003,True,success,success,90,600,0,1.429910701788905,15.994999999999987,0,written,True
baseline,main,orca,francis2023_exiting_room,1001,True,success,success,112,600,0,1.4116883622324419,17.524459980603293,0,written,True
baseline,main,orca,francis2023_exiting_room,1002,True,success,success,113,600,0,1.4193118705449224,17.81903202812618,0,written,True
baseline,main,orca,francis2023_exiting_room,1003,True,success,success,110,600,0,1.4204131309190933,17.351936931520626,0,written,True
baseline,main,orca,francis2023_entering_elevator,1001,True,success,success,59,600,0,1.3935707779914486,9.705000000000002,0,written,True
baseline,main,orca,francis2023_entering_elevator,1002,True,success,success,57,600,0,1.3941367170095909,9.374999999999996,0,written,True
baseline,main,orca,francis2023_entering_elevator,1003,True,success,success,61,600,0,1.3955598180803375,10.044999999999998,0,written,True
baseline,main,orca,francis2023_exiting_elevator,1001,False,collision,collision,24,600,1,0.9154553023018693,2.3250000000000015,0,written,True
baseline,main,orca,francis2023_exiting_elevator,1002,True,success,success,86,600,0,1.2210050185272938,11.78959898346708,0,written,True
baseline,main,orca,francis2023_exiting_elevator,1003,False,collision,collision,23,600,1,0.9872376452711298,2.309999999999999,0,written,True
baseline,main,orca,francis2023_intersection_wait,1001,True,success,success,120,600,0,1.0494111967376267,21.995,0,written,True
baseline,main,orca,francis2023_intersection_wait,1002,True,success,success,117,600,0,1.380045212858979,21.395000000000014,0,written,True
baseline,main,orca,francis2023_intersection_wait,1003,True,success,success,120,600,0,1.2265729698158263,21.995000000000008,0,written,True
baseline,main,orca,francis2023_intersection_proceed,1001,True,success,success,120,600,0,1.0494111967376267,21.995,0,written,True
baseline,main,orca,francis2023_intersection_proceed,1002,True,success,success,117,600,0,1.380045212858979,21.395000000000014,0,written,True
baseline,main,orca,francis2023_intersection_proceed,1003,True,success,success,120,600,0,1.2265729698158263,21.995000000000008,0,written,True
baseline,main,orca,francis2023_following_human,1001,True,success,success,164,600,0,2.003682119939471,30.795000000000016,0,written,True
baseline,main,orca,francis2023_following_human,1002,True,success,success,162,600,0,1.964177144957463,30.39499999999999,0,written,True
baseline,main,orca,francis2023_following_human,1003,True,success,success,165,600,0,1.7249163068188904,30.995000000000026,0,written,True
baseline,main,orca,francis2023_leading_human,1001,True,success,success,164,600,0,2.003682119939471,30.795000000000016,0,written,True
baseline,main,orca,francis2023_leading_human,1002,True,success,success,162,600,0,1.964177144957463,30.39499999999999,0,written,True
baseline,main,orca,francis2023_leading_human,1003,True,success,success,165,600,0,1.7249163068188904,30.995000000000026,0,written,True
baseline,main,orca,francis2023_accompanying_peer,1001,True,success,success,164,600,0,2.003682119939471,30.795000000000016,0,written,True
baseline,main,orca,francis2023_accompanying_peer,1002,True,success,success,162,600,0,1.964177144957463,30.39499999999999,0,written,True
baseline,main,orca,francis2023_accompanying_peer,1003,True,success,success,165,600,0,1.7249163068188904,30.995000000000026,0,written,True
baseline,main,orca,francis2023_join_group,1001,True,success,success,77,600,0,2.9782258219011677,11.725871890367033,0,written,True
baseline,main,orca,francis2023_join_group,1002,True,success,success,81,600,0,2.963490778591319,11.32156954996217,0,written,True
baseline,main,orca,francis2023_join_group,1003,True,success,success,82,600,0,2.9675919891397515,11.919885318139277,0,written,True
baseline,main,orca,francis2023_leave_group,1001,True,success,success,77,600,0,2.9782258219011677,11.725871890367033,0,written,True
baseline,main,orca,francis2023_leave_group,1002,True,success,success,81,600,0,2.963490778591319,11.32156954996217,0,written,True
baseline,main,orca,francis2023_leave_group,1003,True,success,success,82,600,0,2.9675919891397515,11.919885318139277,0,written,True
baseline,main,orca,francis2023_crowd_navigation,1001,True,success,success,133,600,0,2.971641470355985,21.725852143855178,0,written,True
baseline,main,orca,francis2023_crowd_navigation,1002,True,success,success,131,600,0,2.9610511773543413,21.319665663289655,0,written,True
baseline,main,orca,francis2023_crowd_navigation,1003,True,success,success,131,600,0,2.91223296080734,22.02637526930988,0,written,True
baseline,main,orca,francis2023_parallel_traffic,1001,True,success,success,171,600,0,2.9017208182929033,31.790000000000003,0,written,True
baseline,main,orca,francis2023_parallel_traffic,1002,True,success,success,168,600,0,2.9280917587578084,31.35,0,written,True
baseline,main,orca,francis2023_parallel_traffic,1003,True,success,success,171,600,0,3.0060495507018214,31.87500000000002,0,written,True
baseline,main,orca,francis2023_perpendicular_traffic,1001,True,success,success,120,600,0,1.0494111967376267,21.995,0,written,True
baseline,main,orca,francis2023_perpendicular_traffic,1002,True,success,success,117,600,0,1.380045212858979,21.395000000000014,0,written,True
baseline,main,orca,francis2023_perpendicular_traffic,1003,True,success,success,120,600,0,1.2265729698158263,21.995000000000008,0,written,True
baseline,main,orca,francis2023_circular_crossing,1001,True,success,success,77,600,0,2.9782258219011677,11.725871890367033,0,written,True
baseline,main,orca,francis2023_circular_crossing,1002,True,success,success,81,600,0,2.963490778591319,11.32156954996217,0,written,True
baseline,main,orca,francis2023_circular_crossing,1003,True,success,success,82,600,0,2.9675919891397515,11.919885318139277,0,written,True
baseline,main,orca,francis2023_robot_crowding,1001,True,success,success,77,600,0,2.9782258219011677,11.725871890367033,0,written,True
baseline,main,orca,francis2023_robot_crowding,1002,True,success,success,81,600,0,2.963490778591319,11.32156954996217,0,written,True
baseline,main,orca,francis2023_robot_crowding,1003,True,success,success,82,600,0,2.9675919891397515,11.919885318139277,0,written,True
baseline,main,ppo,classic_bottleneck_low,1001,True,success,success,127,600,0,1.1972125853708744,21.309187862873088,0,written,True
baseline,main,ppo,classic_bottleneck_low,1002,True,success,success,136,600,0,1.0459648830263202,22.311264770030988,0,written,True
baseline,main,ppo,classic_bottleneck_low,1003,True,success,success,121,600,0,1.1147638516268354,21.076054414510736,0,written,True
baseline,main,ppo,classic_bottleneck_medium,1001,True,success,success,127,600,0,1.1972125853708744,21.309187862873088,0,written,True
baseline,main,ppo,classic_bottleneck_medium,1002,True,success,success,136,600,0,1.0459648830263202,22.311264770030988,0,written,True
baseline,main,ppo,classic_bottleneck_medium,1003,True,success,success,121,600,0,1.1147638516268354,21.076054414510736,0,written,True
baseline,main,ppo,classic_bottleneck_high,1001,True,success,success,127,600,0,1.1972125853708744,21.309187862873088,0,written,True
baseline,main,ppo,classic_bottleneck_high,1002,True,success,success,136,600,0,1.0459648830263202,22.311264770030988,0,written,True
baseline,main,ppo,classic_bottleneck_high,1003,True,success,success,121,600,0,1.1147638516268354,21.076054414510736,0,written,True
baseline,main,ppo,classic_realworld_double_bottleneck_high,1001,False,collision,collision,92,600,1,0.9901684029262763,15.882911486625675,0,written,True
baseline,main,ppo,classic_realworld_double_bottleneck_high,1002,False,collision,collision,101,600,1,0.9284816466745711,16.2399537551403,0,written,True
baseline,main,ppo,classic_realworld_double_bottleneck_high,1003,False,collision,collision,100,600,1,0.9949734353683912,17.475174751281745,0,written,True
baseline,main,ppo,classic_station_platform_medium,1001,False,collision,collision,435,600,1,0.962840331707169,80.59563018560412,0,written,True
baseline,main,ppo,classic_station_platform_medium,1002,False,collision,collision,255,600,1,0.921159479219021,48.97781896352769,0,written,True
baseline,main,ppo,classic_station_platform_medium,1003,False,timeout,max_steps,600,600,0,1.5227285692318473,56.69191151365636,0,written,True
baseline,main,ppo,classic_cross_trap_low,1001,True,success,success,252,600,0,1.0973215367144864,48.215,0,written,True
baseline,main,ppo,classic_cross_trap_low,1002,False,collision,collision,178,600,1,0.917863939837347,32.117529458999634,0,written,True
baseline,main,ppo,classic_cross_trap_low,1003,True,success,success,274,600,0,1.4463134155866295,51.96147980928424,0,written,True
baseline,main,ppo,classic_cross_trap_medium,1001,True,success,success,252,600,0,1.0973215367144864,48.215,0,written,True
baseline,main,ppo,classic_cross_trap_medium,1002,False,collision,collision,178,600,1,0.917863939837347,32.117529458999634,0,written,True
baseline,main,ppo,classic_cross_trap_medium,1003,True,success,success,274,600,0,1.4463134155866295,51.96147980928424,0,written,True
baseline,main,ppo,classic_cross_trap_high,1001,True,success,success,252,600,0,1.0973215367144864,48.215,0,written,True
baseline,main,ppo,classic_cross_trap_high,1002,False,collision,collision,178,600,1,0.917863939837347,32.117529458999634,0,written,True
baseline,main,ppo,classic_cross_trap_high,1003,True,success,success,274,600,0,1.4463134155866295,51.96147980928424,0,written,True
baseline,main,ppo,classic_doorway_low,1001,False,collision,collision,66,600,1,0.980363391190792,9.63165383100509,0,written,True
baseline,main,ppo,classic_doorway_low,1002,False,collision,collision,80,600,1,0.9433470701881624,9.695258686542518,0,written,True
baseline,main,ppo,classic_doorway_low,1003,False,collision,collision,60,600,1,0.9496661268395207,7.647445306777952,0,written,True
baseline,main,ppo,classic_doorway_medium,1001,False,collision,collision,66,600,1,0.980363391190792,9.63165383100509,0,written,True
baseline,main,ppo,classic_doorway_medium,1002,False,collision,collision,80,600,1,0.9433470701881624,9.695258686542518,0,written,True
baseline,main,ppo,classic_doorway_medium,1003,False,collision,collision,60,600,1,0.9496661268395207,7.647445306777952,0,written,True
baseline,main,ppo,classic_doorway_high,1001,False,collision,collision,66,600,1,0.980363391190792,9.63165383100509,0,written,True
baseline,main,ppo,classic_doorway_high,1002,False,collision,collision,80,600,1,0.9433470701881624,9.695258686542518,0,written,True
baseline,main,ppo,classic_doorway_high,1003,False,collision,collision,60,600,1,0.9496661268395207,7.647445306777952,0,written,True
baseline,main,ppo,classic_group_crossing_low,1001,True,success,success,92,600,0,1.9065635951394633,16.39499999999999,0,written,True
baseline,main,ppo,classic_group_crossing_low,1002,False,timeout,terminated,500,600,0,1.5065137024369017,31.413747216239564,0,written,True
baseline,main,ppo,classic_group_crossing_low,1003,True,success,success,96,600,0,2.0336476444007086,17.1765957212448,0,written,True
baseline,main,ppo,classic_group_crossing_medium,1001,True,success,success,92,600,0,1.9065635951394633,16.39499999999999,0,written,True
baseline,main,ppo,classic_group_crossing_medium,1002,False,timeout,terminated,500,600,0,1.5065137024369017,31.413747216239564,0,written,True
baseline,main,ppo,classic_group_crossing_medium,1003,True,success,success,96,600,0,2.0336476444007086,17.1765957212448,0,written,True
baseline,main,ppo,classic_group_crossing_high,1001,True,success,success,92,600,0,1.9065635951394633,16.39499999999999,0,written,True
baseline,main,ppo,classic_group_crossing_high,1002,False,timeout,terminated,500,600,0,1.5065137024369017,31.413747216239564,0,written,True
baseline,main,ppo,classic_group_crossing_high,1003,True,success,success,96,600,0,2.0336476444007086,17.1765957212448,0,written,True
baseline,main,ppo,classic_head_on_corridor_low,1001,False,collision,collision,1,600,1,0.9198577309209488,0.0,0,written,True
baseline,main,ppo,classic_head_on_corridor_low,1002,True,success,success,163,600,0,1.5656944276878146,30.473018860816968,0,written,True
baseline,main,ppo,classic_head_on_corridor_low,1003,True,success,success,181,600,0,1.2607715655364815,33.33056399583817,0,written,True
baseline,main,ppo,classic_head_on_corridor_medium,1001,False,collision,collision,1,600,1,0.9198577309209488,0.0,0,written,True
baseline,main,ppo,classic_head_on_corridor_medium,1002,True,success,success,163,600,0,1.5656944276878146,30.473018860816968,0,written,True
baseline,main,ppo,classic_head_on_corridor_medium,1003,True,success,success,181,600,0,1.2607715655364815,33.33056399583817,0,written,True
baseline,main,ppo,classic_merging_low,1001,False,collision,collision,144,600,1,0.9889074743740881,25.329999999999988,0,written,True
baseline,main,ppo,classic_merging_low,1002,False,collision,collision,138,600,1,1.019942519769285,24.42293680548668,0,written,True
baseline,main,ppo,classic_merging_low,1003,False,collision,collision,145,600,1,0.9521938651175347,26.073048807382584,0,written,True
baseline,main,ppo,classic_merging_medium,1001,False,collision,collision,144,600,1,0.9889074743740881,25.329999999999988,0,written,True
baseline,main,ppo,classic_merging_medium,1002,False,collision,collision,138,600,1,1.019942519769285,24.42293680548668,0,written,True
baseline,main,ppo,classic_merging_medium,1003,False,collision,collision,145,600,1,0.9521938651175347,26.073048807382584,0,written,True
baseline,main,ppo,classic_overtaking_low,1001,True,success,success,218,600,0,1.2196571444174444,40.77499999999998,0,written,True
baseline,main,ppo,classic_overtaking_low,1002,False,collision,collision,56,600,1,0.9345148004583643,9.133545486927034,0,written,True
baseline,main,ppo,classic_overtaking_low,1003,True,success,success,212,600,0,1.3425738443231319,39.565000000000005,0,written,True
baseline,main,ppo,classic_overtaking_medium,1001,True,success,success,218,600,0,1.2196571444174444,40.77499999999998,0,written,True
baseline,main,ppo,classic_overtaking_medium,1002,False,collision,collision,56,600,1,0.9345148004583643,9.133545486927034,0,written,True
baseline,main,ppo,classic_overtaking_medium,1003,True,success,success,212,600,0,1.3425738443231319,39.565000000000005,0,written,True
baseline,main,ppo,classic_t_intersection_low,1001,False,collision,collision,77,600,1,0.9450709860861555,11.482380473613754,0,written,True
baseline,main,ppo,classic_t_intersection_low,1002,False,collision,collision,90,600,1,0.9872748301703298,13.916851129531874,0,written,True
baseline,main,ppo,classic_t_intersection_low,1003,False,collision,collision,91,600,1,0.9845146884077194,14.139005643129352,0,written,True
baseline,main,ppo,classic_t_intersection_medium,1001,False,collision,collision,77,600,1,0.9450709860861555,11.482380473613754,0,written,True
baseline,main,ppo,classic_t_intersection_medium,1002,False,collision,collision,90,600,1,0.9872748301703298,13.916851129531874,0,written,True
baseline,main,ppo,classic_t_intersection_medium,1003,False,collision,collision,91,600,1,0.9845146884077194,14.139005643129352,0,written,True
baseline,main,ppo,classic_urban_crossing_medium,1001,True,success,success,161,600,0,1.1046345348555833,29.759319636821743,0,written,True
baseline,main,ppo,classic_urban_crossing_medium,1002,True,success,success,156,600,0,1.7022815207277748,28.81503036975861,0,written,True
baseline,main,ppo,classic_urban_crossing_medium,1003,True,success,success,164,600,0,1.4225309763318605,30.305621223449712,0,written,True
baseline,main,ppo,francis2023_frontal_approach,1001,False,collision,collision,179,600,1,0.970805958955173,33.670000000000016,0,written,True
baseline,main,ppo,francis2023_frontal_approach,1002,False,collision,collision,177,600,1,0.992664004768966,33.31499999999999,0,written,True
baseline,main,ppo,francis2023_frontal_approach,1003,False,collision,collision,180,600,1,0.9490914448277539,33.91500000000002,0,written,True
baseline,main,ppo,francis2023_pedestrian_obstruction,1001,False,collision,collision,179,600,1,0.970805958955173,33.670000000000016,0,written,True
baseline,main,ppo,francis2023_pedestrian_obstruction,1002,False,collision,collision,177,600,1,0.992664004768966,33.31499999999999,0,written,True
baseline,main,ppo,francis2023_pedestrian_obstruction,1003,False,collision,collision,180,600,1,0.9490914448277539,33.91500000000002,0,written,True
baseline,main,ppo,francis2023_pedestrian_overtaking,1001,False,collision,collision,179,600,1,0.970805958955173,33.670000000000016,0,written,True
baseline,main,ppo,francis2023_pedestrian_overtaking,1002,False,collision,collision,177,600,1,0.992664004768966,33.31499999999999,0,written,True
baseline,main,ppo,francis2023_pedestrian_overtaking,1003,False,collision,collision,180,600,1,0.9490914448277539,33.91500000000002,0,written,True
baseline,main,ppo,francis2023_robot_overtaking,1001,False,collision,collision,179,600,1,0.970805958955173,33.670000000000016,0,written,True
baseline,main,ppo,francis2023_robot_overtaking,1002,False,collision,collision,177,600,1,0.992664004768966,33.31499999999999,0,written,True
baseline,main,ppo,francis2023_robot_overtaking,1003,False,collision,collision,180,600,1,0.9490914448277539,33.91500000000002,0,written,True
baseline,main,ppo,francis2023_down_path,1001,True,success,success,164,600,0,2.0483512325678737,30.795,0,written,True
baseline,main,ppo,francis2023_down_path,1002,True,success,success,162,600,0,2.265432325589644,30.395000000000014,0,written,True
baseline,main,ppo,francis2023_down_path,1003,True,success,success,165,600,0,2.2128797021690763,30.99500000000001,0,written,True
baseline,main,ppo,francis2023_intersection_no_gesture,1001,False,collision,collision,113,600,1,1.0016539012881143,19.884494969844823,0,written,True
baseline,main,ppo,francis2023_intersection_no_gesture,1002,False,collision,collision,97,600,1,0.9639904210351748,16.987022235393525,0,written,True
baseline,main,ppo,francis2023_intersection_no_gesture,1003,False,collision,collision,105,600,1,0.9780886149061232,17.67962856411934,0,written,True
baseline,main,ppo,francis2023_blind_corner,1001,True,success,success,225,600,0,1.0494111967376267,42.29851720809937,0,written,True
baseline,main,ppo,francis2023_blind_corner,1002,False,collision,collision,103,600,1,0.9477168083492578,18.582927496433253,0,written,True
baseline,main,ppo,francis2023_blind_corner,1003,True,success,success,225,600,0,1.2265729698158263,42.679241049289686,0,written,True
baseline,main,ppo,francis2023_narrow_hallway,1001,False,collision,collision,59,600,1,0.9611579980123366,9.794999999999998,0,written,True
baseline,main,ppo,francis2023_narrow_hallway,1002,False,collision,collision,109,600,1,0.975675700718763,19.54999999999999,0,written,True
baseline,main,ppo,francis2023_narrow_hallway,1003,False,collision,collision,91,600,1,0.9980296178171829,16.185000000000006,0,written,True
baseline,main,ppo,francis2023_narrow_doorway,1001,False,collision,collision,59,600,1,0.8517697686221549,9.795,0,written,True
baseline,main,ppo,francis2023_narrow_doorway,1002,False,collision,collision,57,600,1,0.9032024479116181,9.394999999999996,0,written,True
baseline,main,ppo,francis2023_narrow_doorway,1003,False,collision,collision,60,600,1,0.8876706061481054,9.995000000000001,0,written,True
baseline,main,ppo,francis2023_entering_room,1001,True,success,success,93,600,0,1.9222481613687452,16.594999999999995,0,written,True
baseline,main,ppo,francis2023_entering_room,1002,True,success,success,96,600,0,1.6818564724933707,17.195000000000007,0,written,True
baseline,main,ppo,francis2023_entering_room,1003,True,success,success,91,600,0,1.6590797304139788,16.195000000000004,0,written,True
baseline,main,ppo,francis2023_exiting_room,1001,True,success,success,105,600,0,1.2234695255129904,18.905000000000005,0,written,True
baseline,main,ppo,francis2023_exiting_room,1002,True,success,success,101,600,0,1.5555830947995113,18.194999999999993,0,written,True
baseline,main,ppo,francis2023_exiting_room,1003,True,success,success,181,600,0,1.6600027450169133,33.628066368103006,0,written,True
baseline,main,ppo,francis2023_entering_elevator,1001,True,success,success,60,600,0,1.1196210384819107,9.994999999999997,0,written,True
baseline,main,ppo,francis2023_entering_elevator,1002,True,success,success,57,600,0,1.2748606117006216,9.395000000000003,0,written,True
baseline,main,ppo,francis2023_entering_elevator,1003,False,collision,collision,56,600,1,0.973713324214002,9.195000000000004,0,written,True
baseline,main,ppo,francis2023_exiting_elevator,1001,True,success,success,74,600,0,1.0528129847722418,12.614999999999998,0,written,True
baseline,main,ppo,francis2023_exiting_elevator,1002,True,success,success,238,600,0,1.2700496030965216,44.59204261064531,0,written,True
baseline,main,ppo,francis2023_exiting_elevator,1003,False,timeout,terminated,400,600,0,1.2187460258352512,75.98496426701547,0,written,True
baseline,main,ppo,francis2023_intersection_wait,1001,False,collision,collision,113,600,1,1.0016539012881143,19.884494969844823,0,written,True
baseline,main,ppo,francis2023_intersection_wait,1002,False,collision,collision,97,600,1,0.9639904210351748,16.987022235393525,0,written,True
baseline,main,ppo,francis2023_intersection_wait,1003,False,collision,collision,105,600,1,0.9780886149061232,17.67962856411934,0,written,True
baseline,main,ppo,francis2023_intersection_proceed,1001,False,collision,collision,113,600,1,1.0016539012881143,19.884494969844823,0,written,True
baseline,main,ppo,francis2023_intersection_proceed,1002,False,collision,collision,97,600,1,0.9639904210351748,16.987022235393525,0,written,True
baseline,main,ppo,francis2023_intersection_proceed,1003,False,collision,collision,105,600,1,0.9780886149061232,17.67962856411934,0,written,True
baseline,main,ppo,francis2023_following_human,1001,True,success,success,164,600,0,2.0483512325678737,30.795,0,written,True
baseline,main,ppo,francis2023_following_human,1002,True,success,success,162,600,0,2.265432325589644,30.395000000000014,0,written,True
baseline,main,ppo,francis2023_following_human,1003,True,success,success,165,600,0,2.2128797021690763,30.99500000000001,0,written,True
baseline,main,ppo,francis2023_leading_human,1001,True,success,success,164,600,0,2.0483512325678737,30.795,0,written,True
baseline,main,ppo,francis2023_leading_human,1002,True,success,success,162,600,0,2.265432325589644,30.395000000000014,0,written,True
baseline,main,ppo,francis2023_leading_human,1003,True,success,success,165,600,0,2.2128797021690763,30.99500000000001,0,written,True
baseline,main,ppo,francis2023_accompanying_peer,1001,True,success,success,164,600,0,2.0483512325678737,30.795,0,written,True
baseline,main,ppo,francis2023_accompanying_peer,1002,True,success,success,162,600,0,2.265432325589644,30.395000000000014,0,written,True
baseline,main,ppo,francis2023_accompanying_peer,1003,True,success,success,165,600,0,2.2128797021690763,30.99500000000001,0,written,True
baseline,main,ppo,francis2023_join_group,1001,True,success,success,69,600,0,2.897853655470072,11.794999999999998,0,written,True
baseline,main,ppo,francis2023_join_group,1002,True,success,success,67,600,0,2.947434726657835,11.395000000000008,0,written,True
baseline,main,ppo,francis2023_join_group,1003,True,success,success,70,600,0,2.8525176866109514,11.995,0,written,True
baseline,main,ppo,francis2023_leave_group,1001,True,success,success,69,600,0,2.897853655470072,11.794999999999998,0,written,True
baseline,main,ppo,francis2023_leave_group,1002,True,success,success,67,600,0,2.947434726657835,11.395000000000008,0,written,True
baseline,main,ppo,francis2023_leave_group,1003,True,success,success,70,600,0,2.8525176866109514,11.995,0,written,True
baseline,main,ppo,francis2023_crowd_navigation,1001,True,success,success,123,600,0,2.9650743671863493,22.407502915859222,0,written,True
baseline,main,ppo,francis2023_crowd_navigation,1002,True,success,success,119,600,0,2.8361184795475873,21.706103750467314,0,written,True
baseline,main,ppo,francis2023_crowd_navigation,1003,True,success,success,129,600,0,1.2856525604448654,23.659999999999993,0,written,True
baseline,main,ppo,francis2023_parallel_traffic,1001,False,collision,collision,179,600,1,0.970805958955173,33.670000000000016,0,written,True
baseline,main,ppo,francis2023_parallel_traffic,1002,False,collision,collision,177,600,1,0.992664004768966,33.31499999999999,0,written,True
baseline,main,ppo,francis2023_parallel_traffic,1003,False,collision,collision,180,600,1,0.9490914448277539,33.91500000000002,0,written,True
baseline,main,ppo,francis2023_perpendicular_traffic,1001,False,collision,collision,113,600,1,1.0016539012881143,19.884494969844823,0,written,True
baseline,main,ppo,francis2023_perpendicular_traffic,1002,False,collision,collision,97,600,1,0.9639904210351748,16.987022235393525,0,written,True
baseline,main,ppo,francis2023_perpendicular_traffic,1003,False,collision,collision,105,600,1,0.9780886149061232,17.67962856411934,0,written,True
baseline,main,ppo,francis2023_circular_crossing,1001,True,success,success,69,600,0,2.897853655470072,11.794999999999998,0,written,True
baseline,main,ppo,francis2023_circular_crossing,1002,True,success,success,67,600,0,2.947434726657835,11.395000000000008,0,written,True
baseline,main,ppo,francis2023_circular_crossing,1003,True,success,success,70,600,0,2.8525176866109514,11.995,0,written,True
baseline,main,ppo,francis2023_robot_crowding,1001,True,success,success,69,600,0,2.897853655470072,11.794999999999998,0,written,True
baseline,main,ppo,francis2023_robot_crowding,1002,True,success,success,67,600,0,2.947434726657835,11.395000000000008,0,written,True
baseline,main,ppo,francis2023_robot_crowding,1003,True,success,success,70,600,0,2.8525176866109514,11.995,0,written,True
baseline,main,prediction_planner,classic_bottleneck_low,1001,True,success,success,131,600,0,1.4228242898429189,19.67499999999996,0,written,True
baseline,main,prediction_planner,classic_bottleneck_low,1002,False,collision,collision,17,600,1,0.9865729519524667,1.4349999999999992,0,written,True
baseline,main,prediction_planner,classic_bottleneck_low,1003,True,success,success,134,600,0,1.808403876072446,20.15499999999996,0,written,True
baseline,main,prediction_planner,classic_bottleneck_medium,1001,True,success,success,131,600,0,1.4228242898429189,19.67499999999996,0,written,True
baseline,main,prediction_planner,classic_bottleneck_medium,1002,False,collision,collision,17,600,1,0.9865729519524667,1.4349999999999992,0,written,True
baseline,main,prediction_planner,classic_bottleneck_medium,1003,True,success,success,134,600,0,1.808403876072446,20.15499999999996,0,written,True
baseline,main,prediction_planner,classic_bottleneck_high,1001,True,success,success,131,600,0,1.4228242898429189,19.67499999999996,0,written,True
baseline,main,prediction_planner,classic_bottleneck_high,1002,False,collision,collision,17,600,1,0.9865729519524667,1.4349999999999992,0,written,True
baseline,main,prediction_planner,classic_bottleneck_high,1003,True,success,success,134,600,0,1.808403876072446,20.15499999999996,0,written,True
baseline,main,prediction_planner,classic_realworld_double_bottleneck_high,1001,True,success,success,308,600,0,1.1905427495101633,47.98500000000026,0,written,True
baseline,main,prediction_planner,classic_realworld_double_bottleneck_high,1002,True,success,success,298,600,0,1.0492272577735209,46.39499999999957,0,written,True
baseline,main,prediction_planner,classic_realworld_double_bottleneck_high,1003,False,collision,collision,83,600,1,0.9811862654075815,11.994999999999962,0,written,True
baseline,main,prediction_planner,classic_station_platform_medium,1001,True,success,success,572,600,0,2.071553085112939,90.22499999999998,0,written,True
baseline,main,prediction_planner,classic_station_platform_medium,1002,True,success,success,563,600,0,2.5283170312331498,88.7950000000001,0,written,True
baseline,main,prediction_planner,classic_station_platform_medium,1003,True,success,success,571,600,0,2.315969516809481,90.04499999999962,0,written,True
baseline,main,prediction_planner,classic_cross_trap_low,1001,False,collision,collision,102,600,1,0.8960924806389899,15.035000000000002,0,written,True
baseline,main,prediction_planner,classic_cross_trap_low,1002,False,collision,collision,96,600,1,0.9309891735125074,14.075000000000005,0,written,True
baseline,main,prediction_planner,classic_cross_trap_low,1003,False,collision,collision,100,600,1,0.9737736461099364,14.714999999999995,0,written,True
baseline,main,prediction_planner,classic_cross_trap_medium,1001,False,collision,collision,102,600,1,0.8960924806389899,15.035000000000002,0,written,True
baseline,main,prediction_planner,classic_cross_trap_medium,1002,False,collision,collision,96,600,1,0.9309891735125074,14.075000000000005,0,written,True
baseline,main,prediction_planner,classic_cross_trap_medium,1003,False,collision,collision,100,600,1,0.9737736461099364,14.714999999999995,0,written,True
baseline,main,prediction_planner,classic_cross_trap_high,1001,False,collision,collision,102,600,1,0.8960924806389899,15.035000000000002,0,written,True
baseline,main,prediction_planner,classic_cross_trap_high,1002,False,collision,collision,96,600,1,0.9309891735125074,14.075000000000005,0,written,True
baseline,main,prediction_planner,classic_cross_trap_high,1003,False,collision,collision,100,600,1,0.9737736461099364,14.714999999999995,0,written,True
baseline,main,prediction_planner,classic_doorway_low,1001,False,collision,collision,61,600,1,0.9741205478608818,8.475000000000023,0,written,True
baseline,main,prediction_planner,classic_doorway_low,1002,False,collision,collision,50,600,1,0.99090443516371,6.714999999999979,0,written,True
baseline,main,prediction_planner,classic_doorway_low,1003,False,collision,collision,61,600,1,0.9796185524537718,8.475000000000012,0,written,True
baseline,main,prediction_planner,classic_doorway_medium,1001,False,collision,collision,61,600,1,0.9741205478608818,8.475000000000023,0,written,True
baseline,main,prediction_planner,classic_doorway_medium,1002,False,collision,collision,50,600,1,0.99090443516371,6.714999999999979,0,written,True
baseline,main,prediction_planner,classic_doorway_medium,1003,False,collision,collision,61,600,1,0.9796185524537718,8.475000000000012,0,written,True
baseline,main,prediction_planner,classic_doorway_high,1001,False,collision,collision,61,600,1,0.9741205478608818,8.475000000000023,0,written,True
baseline,main,prediction_planner,classic_doorway_high,1002,False,collision,collision,50,600,1,0.99090443516371,6.714999999999979,0,written,True
baseline,main,prediction_planner,classic_doorway_high,1003,False,collision,collision,61,600,1,0.9796185524537718,8.475000000000012,0,written,True
baseline,main,prediction_planner,classic_group_crossing_low,1001,True,success,success,111,600,0,1.5363318638485624,16.474999999999998,0,written,True
baseline,main,prediction_planner,classic_group_crossing_low,1002,True,success,success,105,600,0,1.8157250092116468,15.514999999999972,0,written,True
baseline,main,prediction_planner,classic_group_crossing_low,1003,True,success,success,115,600,0,1.533491925034859,17.10499999999999,0,written,True
baseline,main,prediction_planner,classic_group_crossing_medium,1001,True,success,success,111,600,0,1.5363318638485624,16.474999999999998,0,written,True
baseline,main,prediction_planner,classic_group_crossing_medium,1002,True,success,success,105,600,0,1.8157250092116468,15.514999999999972,0,written,True
baseline,main,prediction_planner,classic_group_crossing_medium,1003,True,success,success,115,600,0,1.533491925034859,17.10499999999999,0,written,True
baseline,main,prediction_planner,classic_group_crossing_high,1001,True,success,success,111,600,0,1.5363318638485624,16.474999999999998,0,written,True
baseline,main,prediction_planner,classic_group_crossing_high,1002,True,success,success,105,600,0,1.8157250092116468,15.514999999999972,0,written,True
baseline,main,prediction_planner,classic_group_crossing_high,1003,True,success,success,115,600,0,1.533491925034859,17.10499999999999,0,written,True
baseline,main,prediction_planner,classic_head_on_corridor_low,1001,False,collision,collision,1,600,1,0.9198589464201928,0.0,0,written,True
baseline,main,prediction_planner,classic_head_on_corridor_low,1002,True,success,success,203,600,0,1.5656944276878146,31.195000000000032,0,written,True
baseline,main,prediction_planner,classic_head_on_corridor_low,1003,True,success,success,202,600,0,1.2607719943937015,30.904999999999987,0,written,True
baseline,main,prediction_planner,classic_head_on_corridor_medium,1001,False,collision,collision,1,600,1,0.9198589464201928,0.0,0,written,True
baseline,main,prediction_planner,classic_head_on_corridor_medium,1002,True,success,success,203,600,0,1.5656944276878146,31.195000000000032,0,written,True
baseline,main,prediction_planner,classic_head_on_corridor_medium,1003,True,success,success,202,600,0,1.2607719943937015,30.904999999999987,0,written,True
baseline,main,prediction_planner,classic_merging_low,1001,False,collision,collision,192,600,1,0.9911806181578721,29.435,0,written,True
baseline,main,prediction_planner,classic_merging_low,1002,False,collision,collision,191,600,1,0.9770904005572573,29.275000000000052,0,written,True
baseline,main,prediction_planner,classic_merging_low,1003,False,collision,collision,194,600,1,0.9849978981412625,29.754999999999995,0,written,True
baseline,main,prediction_planner,classic_merging_medium,1001,False,collision,collision,192,600,1,0.9911806181578721,29.435,0,written,True
baseline,main,prediction_planner,classic_merging_medium,1002,False,collision,collision,191,600,1,0.9770904005572573,29.275000000000052,0,written,True
baseline,main,prediction_planner,classic_merging_medium,1003,False,collision,collision,194,600,1,0.9849978981412625,29.754999999999995,0,written,True
baseline,main,prediction_planner,classic_overtaking_low,1001,False,collision,collision,161,600,1,0.9038072558837834,24.474999999999916,0,written,True
baseline,main,prediction_planner,classic_overtaking_low,1002,False,collision,collision,157,600,1,0.8787826065469492,23.834999999999937,0,written,True
baseline,main,prediction_planner,classic_overtaking_low,1003,False,collision,collision,157,600,1,0.9223604692429223,23.834999999999923,0,written,True
baseline,main,prediction_planner,classic_overtaking_medium,1001,False,collision,collision,161,600,1,0.9038072558837834,24.474999999999916,0,written,True
baseline,main,prediction_planner,classic_overtaking_medium,1002,False,collision,collision,157,600,1,0.8787826065469492,23.834999999999937,0,written,True
baseline,main,prediction_planner,classic_overtaking_medium,1003,False,collision,collision,157,600,1,0.9223604692429223,23.834999999999923,0,written,True
baseline,main,prediction_planner,classic_t_intersection_low,1001,True,success,success,152,600,0,1.6983934536800938,23.034999999999847,0,written,True
baseline,main,prediction_planner,classic_t_intersection_low,1002,False,collision,collision,99,600,1,0.9720026559356427,14.554999999999975,0,written,True
baseline,main,prediction_planner,classic_t_intersection_low,1003,True,success,success,154,600,0,1.3537312862076176,23.35500000000001,0,written,True
baseline,main,prediction_planner,classic_t_intersection_medium,1001,True,success,success,152,600,0,1.6983934536800938,23.034999999999847,0,written,True
baseline,main,prediction_planner,classic_t_intersection_medium,1002,False,collision,collision,99,600,1,0.9720026559356427,14.554999999999975,0,written,True
baseline,main,prediction_planner,classic_t_intersection_medium,1003,True,success,success,154,600,0,1.3537312862076176,23.35500000000001,0,written,True
baseline,main,prediction_planner,classic_urban_crossing_medium,1001,False,collision,collision,127,600,1,0.984629426587439,19.035000000000032,0,written,True
baseline,main,prediction_planner,classic_urban_crossing_medium,1002,True,success,success,187,600,0,1.7323193156297831,28.634999999999874,0,written,True
baseline,main,prediction_planner,classic_urban_crossing_medium,1003,False,collision,collision,125,600,1,0.9559467368402299,18.715000000000053,0,written,True
baseline,main,prediction_planner,francis2023_frontal_approach,1001,True,success,success,206,600,0,2.933055789749936,31.674999999999937,0,written,True
baseline,main,prediction_planner,francis2023_frontal_approach,1002,True,success,success,204,600,0,2.9010666638463416,31.354999999999936,0,written,True
baseline,main,prediction_planner,francis2023_frontal_approach,1003,True,success,success,208,600,0,2.9917708037026634,31.814999999999955,0,written,True
baseline,main,prediction_planner,francis2023_pedestrian_obstruction,1001,True,success,success,206,600,0,2.933055789749936,31.674999999999937,0,written,True
baseline,main,prediction_planner,francis2023_pedestrian_obstruction,1002,True,success,success,204,600,0,2.9010666638463416,31.354999999999936,0,written,True
baseline,main,prediction_planner,francis2023_pedestrian_obstruction,1003,True,success,success,208,600,0,2.9917708037026634,31.814999999999955,0,written,True
baseline,main,prediction_planner,francis2023_pedestrian_overtaking,1001,True,success,success,206,600,0,2.933055789749936,31.674999999999937,0,written,True
baseline,main,prediction_planner,francis2023_pedestrian_overtaking,1002,True,success,success,204,600,0,2.9010666638463416,31.354999999999936,0,written,True
baseline,main,prediction_planner,francis2023_pedestrian_overtaking,1003,True,success,success,208,600,0,2.9917708037026634,31.814999999999955,0,written,True
baseline,main,prediction_planner,francis2023_robot_overtaking,1001,True,success,success,206,600,0,2.933055789749936,31.674999999999937,0,written,True
baseline,main,prediction_planner,francis2023_robot_overtaking,1002,True,success,success,204,600,0,2.9010666638463416,31.354999999999936,0,written,True
baseline,main,prediction_planner,francis2023_robot_overtaking,1003,True,success,success,208,600,0,2.9917708037026634,31.814999999999955,0,written,True
baseline,main,prediction_planner,francis2023_down_path,1001,True,success,success,200,600,0,2.0462407184238947,30.709999999999937,0,written,True
baseline,main,prediction_planner,francis2023_down_path,1002,True,success,success,198,600,0,2.3661369590485113,30.394999999999936,0,written,True
baseline,main,prediction_planner,francis2023_down_path,1003,True,success,success,202,600,0,2.104941593346406,30.834999999999958,0,written,True
baseline,main,prediction_planner,francis2023_intersection_no_gesture,1001,True,success,success,144,600,0,1.0462537310651352,21.755000000000017,0,written,True
baseline,main,prediction_planner,francis2023_intersection_no_gesture,1002,True,success,success,141,600,0,1.366137592347928,21.275000000000016,0,written,True
baseline,main,prediction_planner,francis2023_intersection_no_gesture,1003,True,success,success,146,600,0,1.2100517554627415,21.830000000000013,0,written,True
baseline,main,prediction_planner,francis2023_blind_corner,1001,False,collision,collision,63,600,1,0.9671602024450169,8.794999999999984,0,written,True
baseline,main,prediction_planner,francis2023_blind_corner,1002,False,collision,collision,58,600,1,1.004357338800455,7.995000000000009,0,written,True
baseline,main,prediction_planner,francis2023_blind_corner,1003,False,collision,collision,61,600,1,0.9839405595239022,8.475000000000009,0,written,True
baseline,main,prediction_planner,francis2023_narrow_hallway,1001,True,success,success,144,600,0,1.0462537310651352,21.755000000000017,0,written,True
baseline,main,prediction_planner,francis2023_narrow_hallway,1002,True,success,success,141,600,0,1.3661375923479289,21.275000000000016,0,written,True
baseline,main,prediction_planner,francis2023_narrow_hallway,1003,True,success,success,146,600,0,1.210051755462742,21.830000000000013,0,written,True
baseline,main,prediction_planner,francis2023_narrow_doorway,1001,False,collision,collision,69,600,1,0.8537168316687022,9.755000000000006,0,written,True
baseline,main,prediction_planner,francis2023_narrow_doorway,1002,False,collision,collision,67,600,1,0.8961815219518744,9.435000000000006,0,written,True
baseline,main,prediction_planner,francis2023_narrow_doorway,1003,False,collision,collision,70,600,1,0.9089891340621975,9.915000000000006,0,written,True
baseline,main,prediction_planner,francis2023_entering_room,1001,True,success,success,106,600,0,1.9538126546457903,15.675000000000013,0,written,True
baseline,main,prediction_planner,francis2023_entering_room,1002,True,success,success,104,600,0,1.6338651590565167,15.355000000000011,0,written,True
baseline,main,prediction_planner,francis2023_entering_room,1003,True,success,success,108,600,0,1.7905065026042863,15.81500000000001,0,written,True
baseline,main,prediction_planner,francis2023_exiting_room,1001,True,success,success,117,600,0,1.9537874283273824,17.415000000000017,0,written,True
baseline,main,prediction_planner,francis2023_exiting_room,1002,True,success,success,121,600,0,1.6340123300899008,17.750000000000014,0,written,True
baseline,main,prediction_planner,francis2023_exiting_room,1003,True,success,success,116,600,0,1.789961581588451,17.275000000000016,0,written,True
baseline,main,prediction_planner,francis2023_entering_elevator,1001,True,success,success,69,600,0,1.0462542420438676,9.755000000000006,0,written,True
baseline,main,prediction_planner,francis2023_entering_elevator,1002,True,success,success,66,600,0,1.3663136016790742,9.275000000000006,0,written,True
baseline,main,prediction_planner,francis2023_entering_elevator,1003,True,success,success,71,600,0,1.2100517554627415,9.895000000000005,0,written,True
baseline,main,prediction_planner,francis2023_exiting_elevator,1001,True,success,success,80,600,0,1.0462542420438676,11.470000000000008,0,written,True
baseline,main,prediction_planner,francis2023_exiting_elevator,1002,True,success,success,84,600,0,1.2700509360775847,11.79500000000001,0,written,True
baseline,main,prediction_planner,francis2023_exiting_elevator,1003,True,success,success,78,600,0,1.2100517554627415,11.19500000000001,0,written,True
baseline,main,prediction_planner,francis2023_intersection_wait,1001,True,success,success,144,600,0,1.0462537310651352,21.755000000000017,0,written,True
baseline,main,prediction_planner,francis2023_intersection_wait,1002,True,success,success,141,600,0,1.366137592347928,21.275000000000016,0,written,True
baseline,main,prediction_planner,francis2023_intersection_wait,1003,True,success,success,146,600,0,1.2100517554627415,21.830000000000013,0,written,True
baseline,main,prediction_planner,francis2023_intersection_proceed,1001,True,success,success,144,600,0,1.0462537310651352,21.755000000000017,0,written,True
baseline,main,prediction_planner,francis2023_intersection_proceed,1002,True,success,success,141,600,0,1.366137592347928,21.275000000000016,0,written,True
baseline,main,prediction_planner,francis2023_intersection_proceed,1003,True,success,success,146,600,0,1.2100517554627415,21.830000000000013,0,written,True
baseline,main,prediction_planner,francis2023_following_human,1001,True,success,success,200,600,0,2.0462407184238947,30.709999999999937,0,written,True
baseline,main,prediction_planner,francis2023_following_human,1002,True,success,success,198,600,0,2.3661369590485113,30.394999999999936,0,written,True
baseline,main,prediction_planner,francis2023_following_human,1003,True,success,success,202,600,0,2.104941593346406,30.834999999999958,0,written,True
baseline,main,prediction_planner,francis2023_leading_human,1001,True,success,success,200,600,0,2.0462407184238947,30.709999999999937,0,written,True
baseline,main,prediction_planner,francis2023_leading_human,1002,True,success,success,198,600,0,2.3661369590485113,30.394999999999936,0,written,True
baseline,main,prediction_planner,francis2023_leading_human,1003,True,success,success,202,600,0,2.104941593346406,30.834999999999958,0,written,True
baseline,main,prediction_planner,francis2023_accompanying_peer,1001,True,success,success,200,600,0,2.0462407184238947,30.709999999999937,0,written,True
baseline,main,prediction_planner,francis2023_accompanying_peer,1002,True,success,success,198,600,0,2.3661369590485113,30.394999999999936,0,written,True
baseline,main,prediction_planner,francis2023_accompanying_peer,1003,True,success,success,202,600,0,2.104941593346406,30.834999999999958,0,written,True
baseline,main,prediction_planner,francis2023_join_group,1001,True,success,success,81,600,0,2.933055789749865,11.675000000000008,0,written,True
baseline,main,prediction_planner,francis2023_join_group,1002,True,success,success,79,600,0,2.9010666638462705,11.355000000000008,0,written,True
baseline,main,prediction_planner,francis2023_join_group,1003,True,success,success,83,600,0,2.99177080370261,11.815000000000007,0,written,True
baseline,main,prediction_planner,francis2023_leave_group,1001,True,success,success,81,600,0,2.933055789749865,11.675000000000008,0,written,True
baseline,main,prediction_planner,francis2023_leave_group,1002,True,success,success,79,600,0,2.9010666638462705,11.355000000000008,0,written,True
baseline,main,prediction_planner,francis2023_leave_group,1003,True,success,success,83,600,0,2.99177080370261,11.815000000000007,0,written,True
baseline,main,prediction_planner,francis2023_crowd_navigation,1001,True,success,success,144,600,0,2.853587992313078,21.755000000000017,0,written,True
baseline,main,prediction_planner,francis2023_crowd_navigation,1002,True,success,success,141,600,0,2.980983737032437,21.275000000000016,0,written,True
baseline,main,prediction_planner,francis2023_crowd_navigation,1003,True,success,success,146,600,0,2.9768080035119353,21.830000000000013,0,written,True
baseline,main,prediction_planner,francis2023_parallel_traffic,1001,True,success,success,206,600,0,2.933055789749936,31.674999999999937,0,written,True
baseline,main,prediction_planner,francis2023_parallel_traffic,1002,True,success,success,204,600,0,2.9010666638463416,31.354999999999936,0,written,True
baseline,main,prediction_planner,francis2023_parallel_traffic,1003,True,success,success,208,600,0,2.9917708037026634,31.814999999999955,0,written,True
baseline,main,prediction_planner,francis2023_perpendicular_traffic,1001,True,success,success,144,600,0,1.0462537310651352,21.755000000000017,0,written,True
baseline,main,prediction_planner,francis2023_perpendicular_traffic,1002,True,success,success,141,600,0,1.366137592347928,21.275000000000016,0,written,True
baseline,main,prediction_planner,francis2023_perpendicular_traffic,1003,True,success,success,146,600,0,1.2100517554627415,21.830000000000013,0,written,True
baseline,main,prediction_planner,francis2023_circular_crossing,1001,True,success,success,81,600,0,2.933055789749865,11.675000000000008,0,written,True
baseline,main,prediction_planner,francis2023_circular_crossing,1002,True,success,success,79,600,0,2.9010666638462705,11.355000000000008,0,written,True
baseline,main,prediction_planner,francis2023_circular_crossing,1003,True,success,success,83,600,0,2.99177080370261,11.815000000000007,0,written,True
baseline,main,prediction_planner,francis2023_robot_crowding,1001,True,success,success,81,600,0,2.933055789749865,11.675000000000008,0,written,True
baseline,main,prediction_planner,francis2023_robot_crowding,1002,True,success,success,79,600,0,2.9010666638462705,11.355000000000008,0,written,True
baseline,main,prediction_planner,francis2023_robot_crowding,1003,True,success,success,83,600,0,2.99177080370261,11.815000000000007,0,written,True
baseline,main,predictive_mppi,classic_bottleneck_low,1001,True,success,success,146,600,0,1.437271743177253,20.578032437775224,0,written,True
baseline,main,predictive_mppi,classic_bottleneck_low,1002,False,collision,collision,17,600,1,0.9857038088407022,1.4200000000000026,0,written,True
baseline,main,predictive_mppi,classic_bottleneck_low,1003,True,success,success,147,600,0,1.8263796145975577,20.772813088410686,0,written,True
baseline,main,predictive_mppi,classic_bottleneck_medium,1001,True,success,success,146,600,0,1.437271743177253,20.578032437775224,0,written,True
baseline,main,predictive_mppi,classic_bottleneck_medium,1002,False,collision,collision,17,600,1,0.9857038088407022,1.4200000000000026,0,written,True
baseline,main,predictive_mppi,classic_bottleneck_medium,1003,True,success,success,147,600,0,1.8263796145975577,20.772813088410686,0,written,True
baseline,main,predictive_mppi,classic_bottleneck_high,1001,True,success,success,146,600,0,1.437271743177253,20.578032437775224,0,written,True
baseline,main,predictive_mppi,classic_bottleneck_high,1002,False,collision,collision,17,600,1,0.9857038088407022,1.4200000000000026,0,written,True
baseline,main,predictive_mppi,classic_bottleneck_high,1003,True,success,success,147,600,0,1.8263796145975577,20.772813088410686,0,written,True
baseline,main,predictive_mppi,classic_realworld_double_bottleneck_high,1001,False,collision,collision,221,600,1,0.9942742385018123,31.919401200327876,0,written,True
baseline,main,predictive_mppi,classic_realworld_double_bottleneck_high,1002,False,collision,collision,505,600,1,1.0044572440749246,58.06476052569765,0,written,True
baseline,main,predictive_mppi,classic_realworld_double_bottleneck_high,1003,False,collision,collision,87,600,1,0.9600958759004504,11.856065502731276,0,written,True
baseline,main,predictive_mppi,classic_station_platform_medium,1001,False,timeout,max_steps,600,600,0,2.071553085112939,42.974885497746826,0,written,True
baseline,main,predictive_mppi,classic_station_platform_medium,1002,False,timeout,max_steps,600,600,0,2.4243948897647503,42.75803695723153,0,written,True
baseline,main,predictive_mppi,classic_station_platform_medium,1003,False,timeout,max_steps,600,600,0,2.152419582501678,43.99919219374767,0,written,True
baseline,main,predictive_mppi,classic_cross_trap_low,1001,False,collision,collision,124,600,1,0.9708727088956738,16.68053997048542,0,written,True
baseline,main,predictive_mppi,classic_cross_trap_low,1002,False,collision,collision,121,600,1,1.0233124973204744,15.834135458323328,0,written,True
baseline,main,predictive_mppi,classic_cross_trap_low,1003,False,collision,collision,125,600,1,0.9773122165655881,16.574966003626116,0,written,True
baseline,main,predictive_mppi,classic_cross_trap_medium,1001,False,collision,collision,124,600,1,0.9708727088956738,16.68053997048542,0,written,True
baseline,main,predictive_mppi,classic_cross_trap_medium,1002,False,collision,collision,121,600,1,1.0233124973204744,15.834135458323328,0,written,True
baseline,main,predictive_mppi,classic_cross_trap_medium,1003,False,collision,collision,125,600,1,0.9773122165655881,16.574966003626116,0,written,True
baseline,main,predictive_mppi,classic_cross_trap_high,1001,False,collision,collision,124,600,1,0.9708727088956738,16.68053997048542,0,written,True
baseline,main,predictive_mppi,classic_cross_trap_high,1002,False,collision,collision,121,600,1,1.0233124973204744,15.834135458323328,0,written,True
baseline,main,predictive_mppi,classic_cross_trap_high,1003,False,collision,collision,125,600,1,0.9773122165655881,16.574966003626116,0,written,True
baseline,main,predictive_mppi,classic_doorway_low,1001,False,timeout,terminated,500,600,0,1.0095012948403346,10.986306666206223,0,written,True
baseline,main,predictive_mppi,classic_doorway_low,1002,False,collision,collision,54,600,1,0.9051831150281333,6.880777236671041,0,written,True
baseline,main,predictive_mppi,classic_doorway_low,1003,False,collision,collision,48,600,1,0.9179793360661381,6.011164622737831,0,written,True
baseline,main,predictive_mppi,classic_doorway_medium,1001,False,timeout,terminated,500,600,0,1.0095012948403346,10.986306666206223,0,written,True
baseline,main,predictive_mppi,classic_doorway_medium,1002,False,collision,collision,54,600,1,0.9051831150281333,6.880777236671041,0,written,True
baseline,main,predictive_mppi,classic_doorway_medium,1003,False,collision,collision,48,600,1,0.9179793360661381,6.011164622737831,0,written,True
baseline,main,predictive_mppi,classic_doorway_high,1001,False,timeout,terminated,500,600,0,1.0095012948403346,10.986306666206223,0,written,True
baseline,main,predictive_mppi,classic_doorway_high,1002,False,collision,collision,54,600,1,0.9051831150281333,6.880777236671041,0,written,True
baseline,main,predictive_mppi,classic_doorway_high,1003,False,collision,collision,48,600,1,0.9179793360661381,6.011164622737831,0,written,True
baseline,main,predictive_mppi,classic_group_crossing_low,1001,False,collision,collision,141,600,1,0.9685174777696323,18.40757142609945,0,written,True
baseline,main,predictive_mppi,classic_group_crossing_low,1002,False,collision,collision,121,600,1,0.964598193492273,16.17084176126172,0,written,True
baseline,main,predictive_mppi,classic_group_crossing_low,1003,False,collision,collision,151,600,1,0.9670353845167515,18.22793549055266,0,written,True
baseline,main,predictive_mppi,classic_group_crossing_medium,1001,False,collision,collision,141,600,1,0.9685174777696323,18.40757142609945,0,written,True
baseline,main,predictive_mppi,classic_group_crossing_medium,1002,False,collision,collision,121,600,1,0.964598193492273,16.17084176126172,0,written,True
baseline,main,predictive_mppi,classic_group_crossing_medium,1003,False,collision,collision,151,600,1,0.9670353845167515,18.22793549055266,0,written,True
baseline,main,predictive_mppi,classic_group_crossing_high,1001,False,collision,collision,141,600,1,0.9685174777696323,18.40757142609945,0,written,True
baseline,main,predictive_mppi,classic_group_crossing_high,1002,False,collision,collision,121,600,1,0.964598193492273,16.17084176126172,0,written,True
baseline,main,predictive_mppi,classic_group_crossing_high,1003,False,collision,collision,151,600,1,0.9670353845167515,18.22793549055266,0,written,True
baseline,main,predictive_mppi,classic_head_on_corridor_low,1001,False,collision,collision,1,600,1,0.9198589464201928,0.0,0,written,True
baseline,main,predictive_mppi,classic_head_on_corridor_low,1002,False,timeout,terminated,500,600,0,1.5656904174808566,28.28908646399401,0,written,True
baseline,main,predictive_mppi,classic_head_on_corridor_low,1003,False,timeout,terminated,500,600,0,1.2607719943937015,47.966849048468205,0,written,True
baseline,main,predictive_mppi,classic_head_on_corridor_medium,1001,False,collision,collision,1,600,1,0.9198589464201928,0.0,0,written,True
baseline,main,predictive_mppi,classic_head_on_corridor_medium,1002,False,timeout,terminated,500,600,0,1.5656904174808566,28.28908646399401,0,written,True
baseline,main,predictive_mppi,classic_head_on_corridor_medium,1003,False,timeout,terminated,500,600,0,1.2607719943937015,47.966849048468205,0,written,True
baseline,main,predictive_mppi,classic_merging_low,1001,False,collision,collision,98,600,1,0.9826565802946761,13.323709373410637,0,written,True
baseline,main,predictive_mppi,classic_merging_low,1002,False,collision,collision,92,600,1,0.9831526396935685,12.58964685240106,0,written,True
baseline,main,predictive_mppi,classic_merging_low,1003,False,collision,collision,100,600,1,0.9908874969060479,13.806710240108634,0,written,True
baseline,main,predictive_mppi,classic_merging_medium,1001,False,collision,collision,98,600,1,0.9826565802946761,13.323709373410637,0,written,True
baseline,main,predictive_mppi,classic_merging_medium,1002,False,collision,collision,92,600,1,0.9831526396935685,12.58964685240106,0,written,True
baseline,main,predictive_mppi,classic_merging_medium,1003,False,collision,collision,100,600,1,0.9908874969060479,13.806710240108634,0,written,True
baseline,main,predictive_mppi,classic_overtaking_low,1001,False,collision,collision,59,600,1,0.9807185112647986,7.355483864113219,0,written,True
baseline,main,predictive_mppi,classic_overtaking_low,1002,False,collision,collision,45,600,1,0.9809627952694813,5.496526734166419,0,written,True
baseline,main,predictive_mppi,classic_overtaking_low,1003,False,timeout,terminated,600,600,0,1.0027300882908938,23.400189532362806,0,written,True
baseline,main,predictive_mppi,classic_overtaking_medium,1001,False,collision,collision,59,600,1,0.9807185112647986,7.355483864113219,0,written,True
baseline,main,predictive_mppi,classic_overtaking_medium,1002,False,collision,collision,45,600,1,0.9809627952694813,5.496526734166419,0,written,True
baseline,main,predictive_mppi,classic_overtaking_medium,1003,False,timeout,terminated,600,600,0,1.0027300882908938,23.400189532362806,0,written,True
baseline,main,predictive_mppi,classic_t_intersection_low,1001,False,collision,collision,54,600,1,0.9987606075073521,6.9386613824993315,0,written,True
baseline,main,predictive_mppi,classic_t_intersection_low,1002,False,collision,collision,39,600,1,0.9805320221015279,4.651102789676014,0,written,True
baseline,main,predictive_mppi,classic_t_intersection_low,1003,False,collision,collision,61,600,1,0.9740145961837081,7.99080005645251,0,written,True
baseline,main,predictive_mppi,classic_t_intersection_medium,1001,False,collision,collision,54,600,1,0.9987606075073521,6.9386613824993315,0,written,True
baseline,main,predictive_mppi,classic_t_intersection_medium,1002,False,collision,collision,39,600,1,0.9805320221015279,4.651102789676014,0,written,True
baseline,main,predictive_mppi,classic_t_intersection_medium,1003,False,collision,collision,61,600,1,0.9740145961837081,7.99080005645251,0,written,True
baseline,main,predictive_mppi,classic_urban_crossing_medium,1001,False,collision,collision,30,600,1,1.0014722386956454,3.369999999999995,0,written,True
baseline,main,predictive_mppi,classic_urban_crossing_medium,1002,False,collision,collision,220,600,1,0.9656884973528673,29.022494395211993,0,written,True
baseline,main,predictive_mppi,classic_urban_crossing_medium,1003,False,collision,collision,129,600,1,0.9380835515954171,18.219999999999917,0,written,True
baseline,main,predictive_mppi,francis2023_frontal_approach,1001,False,timeout,terminated,400,600,0,1.9763730439627594,42.60225375309278,0,written,True
baseline,main,predictive_mppi,francis2023_frontal_approach,1002,False,timeout,terminated,400,600,0,2.8005182214074202,42.032174685812066,0,written,True
baseline,main,predictive_mppi,francis2023_frontal_approach,1003,False,timeout,terminated,400,600,0,1.8320444075596514,41.331875799887385,0,written,True
baseline,main,predictive_mppi,francis2023_pedestrian_obstruction,1001,False,timeout,terminated,400,600,0,1.9763730439627594,42.60225375309278,0,written,True
baseline,main,predictive_mppi,francis2023_pedestrian_obstruction,1002,False,timeout,terminated,400,600,0,2.8005182214074202,42.032174685812066,0,written,True
baseline,main,predictive_mppi,francis2023_pedestrian_obstruction,1003,False,timeout,terminated,400,600,0,1.8320444075596514,41.331875799887385,0,written,True
baseline,main,predictive_mppi,francis2023_pedestrian_overtaking,1001,False,timeout,terminated,400,600,0,1.9763730439627594,42.60225375309278,0,written,True
baseline,main,predictive_mppi,francis2023_pedestrian_overtaking,1002,False,timeout,terminated,400,600,0,2.8005182214074202,42.032174685812066,0,written,True
baseline,main,predictive_mppi,francis2023_pedestrian_overtaking,1003,False,timeout,terminated,400,600,0,1.8320444075596514,41.331875799887385,0,written,True
baseline,main,predictive_mppi,francis2023_robot_overtaking,1001,False,timeout,terminated,400,600,0,1.9763730439627594,42.60225375309278,0,written,True
baseline,main,predictive_mppi,francis2023_robot_overtaking,1002,False,timeout,terminated,400,600,0,2.8005182214074202,42.032174685812066,0,written,True
baseline,main,predictive_mppi,francis2023_robot_overtaking,1003,False,timeout,terminated,400,600,0,1.8320444075596514,41.331875799887385,0,written,True
baseline,main,predictive_mppi,francis2023_down_path,1001,False,timeout,terminated,400,600,0,1.1183902378073332,40.695874681812185,0,written,True
baseline,main,predictive_mppi,francis2023_down_path,1002,False,collision,collision,212,600,1,1.0029262206123772,29.289477054944,0,written,True
baseline,main,predictive_mppi,francis2023_down_path,1003,False,collision,collision,223,600,1,1.0000208240033102,30.20749999999991,0,written,True
baseline,main,predictive_mppi,francis2023_intersection_no_gesture,1001,False,collision,collision,174,600,1,1.0008890382160407,21.864539244883254,0,written,True
baseline,main,predictive_mppi,francis2023_intersection_no_gesture,1002,False,collision,collision,154,600,1,0.974505129243619,20.417500000000054,0,written,True
baseline,main,predictive_mppi,francis2023_intersection_no_gesture,1003,False,collision,collision,152,600,1,0.989728741786885,20.762500000000024,0,written,True
baseline,main,predictive_mppi,francis2023_blind_corner,1001,False,collision,collision,143,600,1,0.9949372906492719,20.054625989238314,0,written,True
baseline,main,predictive_mppi,francis2023_blind_corner,1002,False,collision,collision,228,600,1,0.9810710881325134,32.787517050821904,0,written,True
baseline,main,predictive_mppi,francis2023_blind_corner,1003,False,collision,collision,148,600,1,0.9893730951004315,20.8187531712012,0,written,True
baseline,main,predictive_mppi,francis2023_narrow_hallway,1001,False,timeout,terminated,400,600,0,1.046302200802336,35.368942736666845,0,written,True
baseline,main,predictive_mppi,francis2023_narrow_hallway,1002,False,collision,collision,150,600,1,0.995184068839382,20.20249999999998,0,written,True
baseline,main,predictive_mppi,francis2023_narrow_hallway,1003,False,collision,collision,152,600,1,0.989728741786882,20.762500000000024,0,written,True
baseline,main,predictive_mppi,francis2023_narrow_doorway,1001,False,collision,collision,73,600,1,0.9169621304702821,9.820000000000034,0,written,True
baseline,main,predictive_mppi,francis2023_narrow_doorway,1002,False,collision,collision,71,600,1,0.9081120291634498,9.483231650853318,0,written,True
baseline,main,predictive_mppi,francis2023_narrow_doorway,1003,False,collision,collision,74,600,1,0.9272536663031948,9.93282551625094,0,written,True
baseline,main,predictive_mppi,francis2023_entering_room,1001,True,success,success,116,600,0,1.2965944353579875,15.677500000000016,0,written,True
baseline,main,predictive_mppi,francis2023_entering_room,1002,True,success,success,112,600,0,1.7600891821792986,15.268254342737485,0,written,True
baseline,main,predictive_mppi,francis2023_entering_room,1003,False,collision,collision,218,600,1,0.9939903568527019,20.948669374383684,0,written,True
baseline,main,predictive_mppi,francis2023_exiting_room,1001,True,success,success,128,600,0,1.8875889524401719,17.533921454920637,0,written,True
baseline,main,predictive_mppi,francis2023_exiting_room,1002,False,collision,collision,211,600,1,0.9898081968349985,22.961777298810798,0,written,True
baseline,main,predictive_mppi,francis2023_exiting_room,1003,False,collision,collision,209,600,1,1.0063863218915265,23.085443475037394,0,written,True
baseline,main,predictive_mppi,francis2023_entering_elevator,1001,True,success,success,76,600,0,1.3770402312892784,9.674362328540001,0,written,True
baseline,main,predictive_mppi,francis2023_entering_elevator,1002,True,success,success,73,600,0,1.3154559837202227,9.288516735334785,0,written,True
baseline,main,predictive_mppi,francis2023_entering_elevator,1003,False,collision,collision,85,600,1,0.9927187765949714,9.84874783712707,0,written,True
baseline,main,predictive_mppi,francis2023_exiting_elevator,1001,False,collision,collision,178,600,1,1.0033322566635072,17.725791511515325,0,written,True
baseline,main,predictive_mppi,francis2023_exiting_elevator,1002,False,collision,collision,167,600,1,0.9863312185740906,17.14586223230023,0,written,True
baseline,main,predictive_mppi,francis2023_exiting_elevator,1003,False,collision,collision,173,600,1,0.9814501622875391,17.51110240876945,0,written,True
baseline,main,predictive_mppi,francis2023_intersection_wait,1001,False,collision,collision,174,600,1,1.0008890382160407,21.864539244883254,0,written,True
baseline,main,predictive_mppi,francis2023_intersection_wait,1002,False,collision,collision,154,600,1,0.974505129243619,20.417500000000054,0,written,True
baseline,main,predictive_mppi,francis2023_intersection_wait,1003,False,collision,collision,152,600,1,0.989728741786885,20.762500000000024,0,written,True
baseline,main,predictive_mppi,francis2023_intersection_proceed,1001,False,collision,collision,174,600,1,1.0008890382160407,21.864539244883254,0,written,True
baseline,main,predictive_mppi,francis2023_intersection_proceed,1002,False,collision,collision,154,600,1,0.974505129243619,20.417500000000054,0,written,True
baseline,main,predictive_mppi,francis2023_intersection_proceed,1003,False,collision,collision,152,600,1,0.989728741786885,20.762500000000024,0,written,True
baseline,main,predictive_mppi,francis2023_following_human,1001,False,timeout,terminated,400,600,0,1.1183902378073332,40.695874681812185,0,written,True
baseline,main,predictive_mppi,francis2023_following_human,1002,False,collision,collision,212,600,1,1.0029262206123772,29.289477054944,0,written,True
baseline,main,predictive_mppi,francis2023_following_human,1003,False,collision,collision,223,600,1,1.0000208240033102,30.20749999999991,0,written,True
baseline,main,predictive_mppi,francis2023_leading_human,1001,False,timeout,terminated,400,600,0,1.1183902378073332,40.695874681812185,0,written,True
baseline,main,predictive_mppi,francis2023_leading_human,1002,False,collision,collision,212,600,1,1.0029262206123772,29.289477054944,0,written,True
baseline,main,predictive_mppi,francis2023_leading_human,1003,False,collision,collision,223,600,1,1.0000208240033102,30.20749999999991,0,written,True
baseline,main,predictive_mppi,francis2023_accompanying_peer,1001,False,timeout,terminated,400,600,0,1.1183902378073332,40.695874681812185,0,written,True
baseline,main,predictive_mppi,francis2023_accompanying_peer,1002,False,collision,collision,212,600,1,1.0029262206123772,29.289477054944,0,written,True
baseline,main,predictive_mppi,francis2023_accompanying_peer,1003,False,collision,collision,223,600,1,1.0000208240033102,30.20749999999991,0,written,True
baseline,main,predictive_mppi,francis2023_join_group,1001,False,collision,collision,325,600,1,1.019095753272793,25.6618223601899,0,written,True
baseline,main,predictive_mppi,francis2023_join_group,1002,False,collision,collision,323,600,1,1.003134515147048,25.692194207082597,0,written,True
baseline,main,predictive_mppi,francis2023_join_group,1003,False,collision,collision,323,600,1,0.9959835640225694,25.290801368608257,0,written,True
baseline,main,predictive_mppi,francis2023_leave_group,1001,False,collision,collision,325,600,1,1.019095753272793,25.6618223601899,0,written,True
baseline,main,predictive_mppi,francis2023_leave_group,1002,False,collision,collision,323,600,1,1.003134515147048,25.692194207082597,0,written,True
baseline,main,predictive_mppi,francis2023_leave_group,1003,False,collision,collision,323,600,1,0.9959835640225694,25.290801368608257,0,written,True
baseline,main,predictive_mppi,francis2023_crowd_navigation,1001,False,timeout,terminated,400,600,0,2.6264047542235067,36.176916812140945,0,written,True
baseline,main,predictive_mppi,francis2023_crowd_navigation,1002,False,timeout,terminated,400,600,0,2.524803341490523,35.76616019969529,0,written,True
baseline,main,predictive_mppi,francis2023_crowd_navigation,1003,False,timeout,terminated,400,600,0,2.661512641470557,35.75695064808512,0,written,True
baseline,main,predictive_mppi,francis2023_parallel_traffic,1001,False,timeout,terminated,400,600,0,1.9763730439627594,42.60225375309278,0,written,True
baseline,main,predictive_mppi,francis2023_parallel_traffic,1002,False,timeout,terminated,400,600,0,2.8005182214074202,42.032174685812066,0,written,True
baseline,main,predictive_mppi,francis2023_parallel_traffic,1003,False,timeout,terminated,400,600,0,1.8320444075596514,41.331875799887385,0,written,True
baseline,main,predictive_mppi,francis2023_perpendicular_traffic,1001,False,collision,collision,174,600,1,1.0008890382160407,21.864539244883254,0,written,True
baseline,main,predictive_mppi,francis2023_perpendicular_traffic,1002,False,collision,collision,154,600,1,0.974505129243619,20.417500000000054,0,written,True
baseline,main,predictive_mppi,francis2023_perpendicular_traffic,1003,False,collision,collision,152,600,1,0.989728741786885,20.762500000000024,0,written,True
baseline,main,predictive_mppi,francis2023_circular_crossing,1001,False,collision,collision,325,600,1,1.019095753272793,25.6618223601899,0,written,True
baseline,main,predictive_mppi,francis2023_circular_crossing,1002,False,collision,collision,323,600,1,1.003134515147048,25.692194207082597,0,written,True
baseline,main,predictive_mppi,francis2023_circular_crossing,1003,False,collision,collision,323,600,1,0.9959835640225694,25.290801368608257,0,written,True
baseline,main,predictive_mppi,francis2023_robot_crowding,1001,False,collision,collision,325,600,1,1.019095753272793,25.6618223601899,0,written,True
baseline,main,predictive_mppi,francis2023_robot_crowding,1002,False,collision,collision,323,600,1,1.003134515147048,25.692194207082597,0,written,True
baseline,main,predictive_mppi,francis2023_robot_crowding,1003,False,collision,collision,323,600,1,0.9959835640225694,25.290801368608257,0,written,True
baseline,main,risk_dwa,classic_bottleneck_low,1001,True,success,success,177,600,0,1.422824289842926,20.51499999999995,0,written,True
baseline,main,risk_dwa,classic_bottleneck_low,1002,False,collision,collision,18,600,1,0.9865729519524646,1.4350000000000063,0,written,True
baseline,main,risk_dwa,classic_bottleneck_low,1003,True,success,success,180,600,0,1.8083104299627446,20.87499999999997,0,written,True
baseline,main,risk_dwa,classic_bottleneck_medium,1001,True,success,success,177,600,0,1.422824289842926,20.51499999999995,0,written,True
baseline,main,risk_dwa,classic_bottleneck_medium,1002,False,collision,collision,18,600,1,0.9865729519524646,1.4350000000000063,0,written,True
baseline,main,risk_dwa,classic_bottleneck_medium,1003,True,success,success,180,600,0,1.8083104299627446,20.87499999999997,0,written,True
baseline,main,risk_dwa,classic_bottleneck_high,1001,True,success,success,177,600,0,1.422824289842926,20.51499999999995,0,written,True
baseline,main,risk_dwa,classic_bottleneck_high,1002,False,collision,collision,18,600,1,0.9865729519524646,1.4350000000000063,0,written,True
baseline,main,risk_dwa,classic_bottleneck_high,1003,True,success,success,180,600,0,1.8083104299627446,20.87499999999997,0,written,True
baseline,main,risk_dwa,classic_realworld_double_bottleneck_high,1001,False,collision,collision,270,600,1,0.9586545962277456,31.67500000000008,0,written,True
baseline,main,risk_dwa,classic_realworld_double_bottleneck_high,1002,False,collision,collision,480,600,1,1.0108037661888927,55.43499999999983,0,written,True
baseline,main,risk_dwa,classic_realworld_double_bottleneck_high,1003,False,collision,collision,273,600,1,0.9614680902076587,32.03500000000015,0,written,True
baseline,main,risk_dwa,classic_station_platform_medium,1001,False,timeout,max_steps,600,600,0,2.0693465255338257,43.375000000000064,0,written,True
baseline,main,risk_dwa,classic_station_platform_medium,1002,False,timeout,max_steps,600,600,0,2.549207352980455,42.435000000000066,0,written,True
baseline,main,risk_dwa,classic_station_platform_medium,1003,False,timeout,max_steps,600,600,0,2.3150687775816197,43.695000000000014,0,written,True
baseline,main,risk_dwa,classic_cross_trap_low,1001,False,collision,collision,144,600,1,0.9438479837630848,16.555,0,written,True
baseline,main,risk_dwa,classic_cross_trap_low,1002,False,collision,collision,135,600,1,0.9647726864191394,15.475000000000065,0,written,True
baseline,main,risk_dwa,classic_cross_trap_low,1003,False,collision,collision,141,600,1,1.000726185188597,16.194999999999975,0,written,True
baseline,main,risk_dwa,classic_cross_trap_medium,1001,False,collision,collision,144,600,1,0.9438479837630848,16.555,0,written,True
baseline,main,risk_dwa,classic_cross_trap_medium,1002,False,collision,collision,135,600,1,0.9647726864191394,15.475000000000065,0,written,True
baseline,main,risk_dwa,classic_cross_trap_medium,1003,False,collision,collision,141,600,1,1.000726185188597,16.194999999999975,0,written,True
baseline,main,risk_dwa,classic_cross_trap_high,1001,False,collision,collision,144,600,1,0.9438479837630848,16.555,0,written,True
baseline,main,risk_dwa,classic_cross_trap_high,1002,False,collision,collision,135,600,1,0.9647726864191394,15.475000000000065,0,written,True
baseline,main,risk_dwa,classic_cross_trap_high,1003,False,collision,collision,141,600,1,1.000726185188597,16.194999999999975,0,written,True
baseline,main,risk_dwa,classic_doorway_low,1001,False,collision,collision,56,600,1,0.8993274896506528,5.995000000000007,0,written,True
baseline,main,risk_dwa,classic_doorway_low,1002,False,collision,collision,63,600,1,0.9509346783080435,6.835000000000009,0,written,True
baseline,main,risk_dwa,classic_doorway_low,1003,False,collision,collision,53,600,1,0.9873375479443633,5.6349999999999945,0,written,True
baseline,main,risk_dwa,classic_doorway_medium,1001,False,collision,collision,56,600,1,0.8993274896506528,5.995000000000007,0,written,True
baseline,main,risk_dwa,classic_doorway_medium,1002,False,collision,collision,63,600,1,0.9509346783080435,6.835000000000009,0,written,True
baseline,main,risk_dwa,classic_doorway_medium,1003,False,collision,collision,53,600,1,0.9873375479443633,5.6349999999999945,0,written,True
baseline,main,risk_dwa,classic_doorway_high,1001,False,collision,collision,56,600,1,0.8993274896506528,5.995000000000007,0,written,True
baseline,main,risk_dwa,classic_doorway_high,1002,False,collision,collision,63,600,1,0.9509346783080435,6.835000000000009,0,written,True
baseline,main,risk_dwa,classic_doorway_high,1003,False,collision,collision,53,600,1,0.9873375479443633,5.6349999999999945,0,written,True
baseline,main,risk_dwa,classic_group_crossing_low,1001,False,collision,collision,159,600,1,0.9501284044637744,18.105000000000004,0,written,True
baseline,main,risk_dwa,classic_group_crossing_low,1002,False,collision,collision,138,600,1,0.9036541133420712,15.11500000000009,0,written,True
baseline,main,risk_dwa,classic_group_crossing_low,1003,False,collision,collision,149,600,1,0.9736081710316287,16.615000000000002,0,written,True
baseline,main,risk_dwa,classic_group_crossing_medium,1001,False,collision,collision,159,600,1,0.9501284044637744,18.105000000000004,0,written,True
baseline,main,risk_dwa,classic_group_crossing_medium,1002,False,collision,collision,138,600,1,0.9036541133420712,15.11500000000009,0,written,True
baseline,main,risk_dwa,classic_group_crossing_medium,1003,False,collision,collision,149,600,1,0.9736081710316287,16.615000000000002,0,written,True
baseline,main,risk_dwa,classic_group_crossing_high,1001,False,collision,collision,159,600,1,0.9501284044637744,18.105000000000004,0,written,True
baseline,main,risk_dwa,classic_group_crossing_high,1002,False,collision,collision,138,600,1,0.9036541133420712,15.11500000000009,0,written,True
baseline,main,risk_dwa,classic_group_crossing_high,1003,False,collision,collision,149,600,1,0.9736081710316287,16.615000000000002,0,written,True
baseline,main,risk_dwa,classic_head_on_corridor_low,1001,False,collision,collision,1,600,1,0.9198589464201928,0.0,0,written,True
baseline,main,risk_dwa,classic_head_on_corridor_low,1002,False,timeout,terminated,500,600,0,1.5656904174808566,28.55500000000002,0,written,True
baseline,main,risk_dwa,classic_head_on_corridor_low,1003,False,collision,collision,475,600,1,1.0073961061917889,56.07500000000002,0,written,True
baseline,main,risk_dwa,classic_head_on_corridor_medium,1001,False,collision,collision,1,600,1,0.9198589464201928,0.0,0,written,True
baseline,main,risk_dwa,classic_head_on_corridor_medium,1002,False,timeout,terminated,500,600,0,1.5656904174808566,28.55500000000002,0,written,True
baseline,main,risk_dwa,classic_head_on_corridor_medium,1003,False,collision,collision,475,600,1,1.0073961061917889,56.07500000000002,0,written,True
baseline,main,risk_dwa,classic_merging_low,1001,False,collision,collision,100,600,1,0.9943289293262612,11.274999999999988,0,written,True
baseline,main,risk_dwa,classic_merging_low,1002,False,collision,collision,89,600,1,0.9922611899185904,9.955000000000002,0,written,True
baseline,main,risk_dwa,classic_merging_low,1003,False,collision,collision,106,600,1,0.9856163857450444,11.994999999999985,0,written,True
baseline,main,risk_dwa,classic_merging_medium,1001,False,collision,collision,100,600,1,0.9943289293262612,11.274999999999988,0,written,True
baseline,main,risk_dwa,classic_merging_medium,1002,False,collision,collision,89,600,1,0.9922611899185904,9.955000000000002,0,written,True
baseline,main,risk_dwa,classic_merging_medium,1003,False,collision,collision,106,600,1,0.9856163857450444,11.994999999999985,0,written,True
baseline,main,risk_dwa,classic_overtaking_low,1001,False,collision,collision,60,600,1,0.9879381279115848,6.475000000000004,0,written,True
baseline,main,risk_dwa,classic_overtaking_low,1002,False,collision,collision,53,600,1,0.9896665119186232,5.634999999999986,0,written,True
baseline,main,risk_dwa,classic_overtaking_low,1003,False,timeout,terminated,600,600,0,1.0802805833329379,8.834999999999992,0,written,True
baseline,main,risk_dwa,classic_overtaking_medium,1001,False,collision,collision,60,600,1,0.9879381279115848,6.475000000000004,0,written,True
baseline,main,risk_dwa,classic_overtaking_medium,1002,False,collision,collision,53,600,1,0.9896665119186232,5.634999999999986,0,written,True
baseline,main,risk_dwa,classic_overtaking_medium,1003,False,timeout,terminated,600,600,0,1.0802805833329379,8.834999999999992,0,written,True
baseline,main,risk_dwa,classic_t_intersection_low,1001,False,collision,collision,42,600,1,0.9938223593998892,4.31500000000003,0,written,True
baseline,main,risk_dwa,classic_t_intersection_low,1002,False,collision,collision,32,600,1,0.9940853280769629,3.114999999999991,0,written,True
baseline,main,risk_dwa,classic_t_intersection_low,1003,False,collision,collision,49,600,1,0.9824051883336101,5.154999999999948,0,written,True
baseline,main,risk_dwa,classic_t_intersection_medium,1001,False,collision,collision,42,600,1,0.9938223593998892,4.31500000000003,0,written,True
baseline,main,risk_dwa,classic_t_intersection_medium,1002,False,collision,collision,32,600,1,0.9940853280769629,3.114999999999991,0,written,True
baseline,main,risk_dwa,classic_t_intersection_medium,1003,False,collision,collision,49,600,1,0.9824051883336101,5.154999999999948,0,written,True
baseline,main,risk_dwa,classic_urban_crossing_medium,1001,False,collision,collision,268,600,1,0.9824470414900658,30.715000000000018,0,written,True
baseline,main,risk_dwa,classic_urban_crossing_medium,1002,False,collision,collision,253,600,1,0.9344503163582394,28.634999999999998,0,written,True
baseline,main,risk_dwa,classic_urban_crossing_medium,1003,False,collision,collision,262,600,1,0.9504934462794271,29.634999999999984,0,written,True
baseline,main,risk_dwa,francis2023_frontal_approach,1001,False,collision,collision,320,600,1,1.0044591994019205,36.115000000000066,0,written,True
baseline,main,risk_dwa,francis2023_frontal_approach,1002,False,collision,collision,321,600,1,1.002319008988208,36.35500000000003,0,written,True
baseline,main,risk_dwa,francis2023_frontal_approach,1003,False,collision,collision,317,600,1,0.9899023749498048,35.875000000000036,0,written,True
baseline,main,risk_dwa,francis2023_pedestrian_obstruction,1001,False,collision,collision,320,600,1,1.0044591994019205,36.115000000000066,0,written,True
baseline,main,risk_dwa,francis2023_pedestrian_obstruction,1002,False,collision,collision,321,600,1,1.002319008988208,36.35500000000003,0,written,True
baseline,main,risk_dwa,francis2023_pedestrian_obstruction,1003,False,collision,collision,317,600,1,0.9899023749498048,35.875000000000036,0,written,True
baseline,main,risk_dwa,francis2023_pedestrian_overtaking,1001,False,collision,collision,320,600,1,1.0044591994019205,36.115000000000066,0,written,True
baseline,main,risk_dwa,francis2023_pedestrian_overtaking,1002,False,collision,collision,321,600,1,1.002319008988208,36.35500000000003,0,written,True
baseline,main,risk_dwa,francis2023_pedestrian_overtaking,1003,False,collision,collision,317,600,1,0.9899023749498048,35.875000000000036,0,written,True
baseline,main,risk_dwa,francis2023_robot_overtaking,1001,False,collision,collision,320,600,1,1.0044591994019205,36.115000000000066,0,written,True
baseline,main,risk_dwa,francis2023_robot_overtaking,1002,False,collision,collision,321,600,1,1.002319008988208,36.35500000000003,0,written,True
baseline,main,risk_dwa,francis2023_robot_overtaking,1003,False,collision,collision,317,600,1,0.9899023749498048,35.875000000000036,0,written,True
baseline,main,risk_dwa,francis2023_down_path,1001,False,collision,collision,272,600,1,0.9779394816633449,30.11500000000006,0,written,True
baseline,main,risk_dwa,francis2023_down_path,1002,False,collision,collision,270,600,1,0.995373942783081,30.13500000000006,0,written,True
baseline,main,risk_dwa,francis2023_down_path,1003,False,collision,collision,274,600,1,0.9643137254867116,30.475000000000076,0,written,True
baseline,main,risk_dwa,francis2023_intersection_no_gesture,1001,False,collision,collision,190,600,1,0.8995498019027128,20.865000000000002,0,written,True
baseline,main,risk_dwa,francis2023_intersection_no_gesture,1002,False,collision,collision,183,600,1,0.928395419892537,20.044999999999916,0,written,True
baseline,main,risk_dwa,francis2023_intersection_no_gesture,1003,False,collision,collision,185,600,1,0.9876101361104486,20.455000000000013,0,written,True
baseline,main,risk_dwa,francis2023_blind_corner,1001,False,collision,collision,316,600,1,1.0022332888905545,37.194999999999986,0,written,True
baseline,main,risk_dwa,francis2023_blind_corner,1002,False,collision,collision,299,600,1,1.0145453324389497,35.15500000000003,0,written,True
baseline,main,risk_dwa,francis2023_blind_corner,1003,False,collision,collision,355,600,1,0.9097057494008771,41.87499999999996,0,written,True
baseline,main,risk_dwa,francis2023_narrow_hallway,1001,False,collision,collision,189,600,1,0.960586875770612,20.280000000000005,0,written,True
baseline,main,risk_dwa,francis2023_narrow_hallway,1002,False,collision,collision,187,600,1,0.9692388980282736,19.99500000000001,0,written,True
baseline,main,risk_dwa,francis2023_narrow_hallway,1003,False,collision,collision,190,600,1,0.9486035192355501,20.455000000000013,0,written,True
baseline,main,risk_dwa,francis2023_narrow_doorway,1001,False,collision,collision,87,600,1,0.9534002082613862,9.714999999999973,0,written,True
baseline,main,risk_dwa,francis2023_narrow_doorway,1002,False,collision,collision,85,600,1,0.9979507768951658,9.47499999999997,0,written,True
baseline,main,risk_dwa,francis2023_narrow_doorway,1003,False,collision,collision,89,600,1,0.9436749484176643,9.95499999999997,0,written,True
baseline,main,risk_dwa,francis2023_entering_room,1001,True,success,success,145,600,0,1.9538126546457908,15.699999999999967,0,written,True
baseline,main,risk_dwa,francis2023_entering_room,1002,True,success,success,143,600,0,1.6339627967220451,15.34999999999998,0,written,True
baseline,main,risk_dwa,francis2023_entering_room,1003,False,collision,collision,193,600,1,0.9405088880194153,20.814999999999962,0,written,True
baseline,main,risk_dwa,francis2023_exiting_room,1001,False,collision,collision,192,600,1,0.9951573376123036,22.314999999999984,0,written,True
baseline,main,risk_dwa,francis2023_exiting_room,1002,False,collision,collision,198,600,1,0.9941867512312582,23.034999999999982,0,written,True
baseline,main,risk_dwa,francis2023_exiting_room,1003,False,collision,collision,194,600,1,0.9839987460671392,22.554999999999993,0,written,True
baseline,main,risk_dwa,francis2023_entering_elevator,1001,True,success,success,96,600,0,1.3218307703919046,9.775,0,written,True
baseline,main,risk_dwa,francis2023_entering_elevator,1002,True,success,success,95,600,0,1.2140093484439534,9.359999999999975,0,written,True
baseline,main,risk_dwa,francis2023_entering_elevator,1003,False,collision,collision,99,600,1,1.0025909752886792,9.539999999999973,0,written,True
baseline,main,risk_dwa,francis2023_exiting_elevator,1001,False,collision,collision,142,600,1,0.9951573376123277,16.314999999999955,0,written,True
baseline,main,risk_dwa,francis2023_exiting_elevator,1002,False,collision,collision,148,600,1,0.9941867512312857,17.034999999999954,0,written,True
baseline,main,risk_dwa,francis2023_exiting_elevator,1003,False,collision,collision,144,600,1,0.9839987460671641,16.554999999999968,0,written,True
baseline,main,risk_dwa,francis2023_intersection_wait,1001,False,collision,collision,190,600,1,0.8995498019027128,20.865000000000002,0,written,True
baseline,main,risk_dwa,francis2023_intersection_wait,1002,False,collision,collision,183,600,1,0.928395419892537,20.044999999999916,0,written,True
baseline,main,risk_dwa,francis2023_intersection_wait,1003,False,collision,collision,185,600,1,0.9876101361104486,20.455000000000013,0,written,True
baseline,main,risk_dwa,francis2023_intersection_proceed,1001,False,collision,collision,190,600,1,0.8995498019027128,20.865000000000002,0,written,True
baseline,main,risk_dwa,francis2023_intersection_proceed,1002,False,collision,collision,183,600,1,0.928395419892537,20.044999999999916,0,written,True
baseline,main,risk_dwa,francis2023_intersection_proceed,1003,False,collision,collision,185,600,1,0.9876101361104486,20.455000000000013,0,written,True
baseline,main,risk_dwa,francis2023_following_human,1001,False,collision,collision,272,600,1,0.9779394816633449,30.11500000000006,0,written,True
baseline,main,risk_dwa,francis2023_following_human,1002,False,collision,collision,270,600,1,0.995373942783081,30.13500000000006,0,written,True
baseline,main,risk_dwa,francis2023_following_human,1003,False,collision,collision,274,600,1,0.9643137254867116,30.475000000000076,0,written,True
baseline,main,risk_dwa,francis2023_leading_human,1001,False,collision,collision,272,600,1,0.9779394816633449,30.11500000000006,0,written,True
baseline,main,risk_dwa,francis2023_leading_human,1002,False,collision,collision,270,600,1,0.995373942783081,30.13500000000006,0,written,True
baseline,main,risk_dwa,francis2023_leading_human,1003,False,collision,collision,274,600,1,0.9643137254867116,30.475000000000076,0,written,True
baseline,main,risk_dwa,francis2023_accompanying_peer,1001,False,collision,collision,272,600,1,0.9779394816633449,30.11500000000006,0,written,True
baseline,main,risk_dwa,francis2023_accompanying_peer,1002,False,collision,collision,270,600,1,0.995373942783081,30.13500000000006,0,written,True
baseline,main,risk_dwa,francis2023_accompanying_peer,1003,False,collision,collision,274,600,1,0.9643137254867116,30.475000000000076,0,written,True
baseline,main,risk_dwa,francis2023_join_group,1001,False,collision,collision,205,600,1,0.9974497464933006,22.775,0,written,True
baseline,main,risk_dwa,francis2023_join_group,1002,False,collision,collision,200,600,1,0.9812906906569049,22.854999999999933,0,written,True
baseline,main,risk_dwa,francis2023_join_group,1003,False,collision,collision,203,600,1,0.9778365883108507,23.154999999999937,0,written,True
baseline,main,risk_dwa,francis2023_leave_group,1001,False,collision,collision,205,600,1,0.9974497464933006,22.775,0,written,True
baseline,main,risk_dwa,francis2023_leave_group,1002,False,collision,collision,200,600,1,0.9812906906569049,22.854999999999933,0,written,True
baseline,main,risk_dwa,francis2023_leave_group,1003,False,collision,collision,203,600,1,0.9778365883108507,23.154999999999937,0,written,True
baseline,main,risk_dwa,francis2023_crowd_navigation,1001,False,collision,collision,318,600,1,1.0075466191523534,36.33499999999995,0,written,True
baseline,main,risk_dwa,francis2023_crowd_navigation,1002,False,collision,collision,326,600,1,0.9909961172421647,37.58500000000004,0,written,True
baseline,main,risk_dwa,francis2023_crowd_navigation,1003,False,collision,collision,319,600,1,0.9948643539950496,36.74499999999998,0,written,True
baseline,main,risk_dwa,francis2023_parallel_traffic,1001,False,collision,collision,320,600,1,1.0044591994019205,36.115000000000066,0,written,True
baseline,main,risk_dwa,francis2023_parallel_traffic,1002,False,collision,collision,321,600,1,1.002319008988208,36.35500000000003,0,written,True
baseline,main,risk_dwa,francis2023_parallel_traffic,1003,False,collision,collision,317,600,1,0.9899023749498048,35.875000000000036,0,written,True
baseline,main,risk_dwa,francis2023_perpendicular_traffic,1001,False,collision,collision,190,600,1,0.8995498019027128,20.865000000000002,0,written,True
baseline,main,risk_dwa,francis2023_perpendicular_traffic,1002,False,collision,collision,183,600,1,0.928395419892537,20.044999999999916,0,written,True
baseline,main,risk_dwa,francis2023_perpendicular_traffic,1003,False,collision,collision,185,600,1,0.9876101361104486,20.455000000000013,0,written,True
baseline,main,risk_dwa,francis2023_circular_crossing,1001,False,collision,collision,205,600,1,0.9974497464933006,22.775,0,written,True
baseline,main,risk_dwa,francis2023_circular_crossing,1002,False,collision,collision,200,600,1,0.9812906906569049,22.854999999999933,0,written,True
baseline,main,risk_dwa,francis2023_circular_crossing,1003,False,collision,collision,203,600,1,0.9778365883108507,23.154999999999937,0,written,True
baseline,main,risk_dwa,francis2023_robot_crowding,1001,False,collision,collision,205,600,1,0.9974497464933006,22.775,0,written,True
baseline,main,risk_dwa,francis2023_robot_crowding,1002,False,collision,collision,200,600,1,0.9812906906569049,22.854999999999933,0,written,True
baseline,main,risk_dwa,francis2023_robot_crowding,1003,False,collision,collision,203,600,1,0.9778365883108507,23.154999999999937,0,written,True
baseline,main,sacadrl,classic_bottleneck_low,1001,True,success,success,203,600,0,1.4378244680510373,19.79500000000006,0,written,True
baseline,main,sacadrl,classic_bottleneck_low,1002,False,collision,collision,20,600,1,0.9478142687992454,1.4950000000000052,0,written,True
baseline,main,sacadrl,classic_bottleneck_low,1003,True,success,success,206,600,0,1.8083104299627482,20.094999999999963,0,written,True
baseline,main,sacadrl,classic_bottleneck_medium,1001,True,success,success,203,600,0,1.4378244680510373,19.79500000000006,0,written,True
baseline,main,sacadrl,classic_bottleneck_medium,1002,False,collision,collision,20,600,1,0.9478142687992454,1.4950000000000052,0,written,True
baseline,main,sacadrl,classic_bottleneck_medium,1003,True,success,success,206,600,0,1.8083104299627482,20.094999999999963,0,written,True
baseline,main,sacadrl,classic_bottleneck_high,1001,True,success,success,203,600,0,1.4378244680510373,19.79500000000006,0,written,True
baseline,main,sacadrl,classic_bottleneck_high,1002,False,collision,collision,20,600,1,0.9478142687992454,1.4950000000000052,0,written,True
baseline,main,sacadrl,classic_bottleneck_high,1003,True,success,success,206,600,0,1.8083104299627482,20.094999999999963,0,written,True
baseline,main,sacadrl,classic_realworld_double_bottleneck_high,1001,True,success,success,477,600,0,1.7895322199237391,47.19499999999992,0,written,True
baseline,main,sacadrl,classic_realworld_double_bottleneck_high,1002,True,success,success,470,600,0,1.746867075631146,46.49500000000027,0,written,True
baseline,main,sacadrl,classic_realworld_double_bottleneck_high,1003,True,success,success,481,600,0,1.6602437896512336,47.59500000000013,0,written,True
baseline,main,sacadrl,classic_station_platform_medium,1001,False,timeout,max_steps,600,600,0,2.071553085112939,59.49499999999989,0,written,True
baseline,main,sacadrl,classic_station_platform_medium,1002,False,timeout,max_steps,600,600,0,2.549240171828601,59.494999999999955,0,written,True
baseline,main,sacadrl,classic_station_platform_medium,1003,False,timeout,max_steps,600,600,0,2.315969516809481,59.49499999999998,0,written,True
baseline,main,sacadrl,classic_cross_trap_low,1001,False,collision,collision,185,600,1,0.9967520744463673,17.994999999999987,0,written,True
baseline,main,sacadrl,classic_cross_trap_low,1002,False,collision,collision,175,600,1,0.9667676718843244,16.99499999999999,0,written,True
baseline,main,sacadrl,classic_cross_trap_low,1003,False,collision,collision,174,600,1,0.9443659162162593,16.895000000000046,0,written,True
baseline,main,sacadrl,classic_cross_trap_medium,1001,False,collision,collision,185,600,1,0.9967520744463673,17.994999999999987,0,written,True
baseline,main,sacadrl,classic_cross_trap_medium,1002,False,collision,collision,175,600,1,0.9667676718843244,16.99499999999999,0,written,True
baseline,main,sacadrl,classic_cross_trap_medium,1003,False,collision,collision,174,600,1,0.9443659162162593,16.895000000000046,0,written,True
baseline,main,sacadrl,classic_cross_trap_high,1001,False,collision,collision,185,600,1,0.9967520744463673,17.994999999999987,0,written,True
baseline,main,sacadrl,classic_cross_trap_high,1002,False,collision,collision,175,600,1,0.9667676718843244,16.99499999999999,0,written,True
baseline,main,sacadrl,classic_cross_trap_high,1003,False,collision,collision,174,600,1,0.9443659162162593,16.895000000000046,0,written,True
baseline,main,sacadrl,classic_doorway_low,1001,False,collision,collision,91,600,1,1.0003489080124852,8.595000000000004,0,written,True
baseline,main,sacadrl,classic_doorway_low,1002,False,collision,collision,87,600,1,0.9646843795911881,8.195000000000011,0,written,True
baseline,main,sacadrl,classic_doorway_low,1003,False,collision,collision,91,600,1,0.9727118834118159,8.594999999999999,0,written,True
baseline,main,sacadrl,classic_doorway_medium,1001,False,collision,collision,91,600,1,1.0003489080124852,8.595000000000004,0,written,True
baseline,main,sacadrl,classic_doorway_medium,1002,False,collision,collision,87,600,1,0.9646843795911881,8.195000000000011,0,written,True
baseline,main,sacadrl,classic_doorway_medium,1003,False,collision,collision,91,600,1,0.9727118834118159,8.594999999999999,0,written,True
baseline,main,sacadrl,classic_doorway_high,1001,False,collision,collision,91,600,1,1.0003489080124852,8.595000000000004,0,written,True
baseline,main,sacadrl,classic_doorway_high,1002,False,collision,collision,87,600,1,0.9646843795911881,8.195000000000011,0,written,True
baseline,main,sacadrl,classic_doorway_high,1003,False,collision,collision,91,600,1,0.9727118834118159,8.594999999999999,0,written,True
baseline,main,sacadrl,classic_group_crossing_low,1001,True,success,success,176,600,0,2.1157862931490117,17.094999999999985,0,written,True
baseline,main,sacadrl,classic_group_crossing_low,1002,True,success,success,167,600,0,2.1526302506460624,16.195000000000118,0,written,True
baseline,main,sacadrl,classic_group_crossing_low,1003,True,success,success,179,600,0,2.3106446051564995,17.39499999999991,0,written,True
baseline,main,sacadrl,classic_group_crossing_medium,1001,True,success,success,176,600,0,2.1157862931490117,17.094999999999985,0,written,True
baseline,main,sacadrl,classic_group_crossing_medium,1002,True,success,success,167,600,0,2.1526302506460624,16.195000000000118,0,written,True
baseline,main,sacadrl,classic_group_crossing_medium,1003,True,success,success,179,600,0,2.3106446051564995,17.39499999999991,0,written,True
baseline,main,sacadrl,classic_group_crossing_high,1001,True,success,success,176,600,0,2.1157862931490117,17.094999999999985,0,written,True
baseline,main,sacadrl,classic_group_crossing_high,1002,True,success,success,167,600,0,2.1526302506460624,16.195000000000118,0,written,True
baseline,main,sacadrl,classic_group_crossing_high,1003,True,success,success,179,600,0,2.3106446051564995,17.39499999999991,0,written,True
baseline,main,sacadrl,classic_head_on_corridor_low,1001,False,collision,collision,1,600,1,0.9198601309820914,0.0,0,written,True
baseline,main,sacadrl,classic_head_on_corridor_low,1002,True,success,success,356,600,0,1.5656944276878146,35.09500000000003,0,written,True
baseline,main,sacadrl,classic_head_on_corridor_low,1003,True,success,success,338,600,0,1.2607723921418208,33.29499999999997,0,written,True
baseline,main,sacadrl,classic_head_on_corridor_medium,1001,False,collision,collision,1,600,1,0.9198601309820914,0.0,0,written,True
baseline,main,sacadrl,classic_head_on_corridor_medium,1002,True,success,success,356,600,0,1.5656944276878146,35.09500000000003,0,written,True
baseline,main,sacadrl,classic_head_on_corridor_medium,1003,True,success,success,338,600,0,1.2607723921418208,33.29499999999997,0,written,True
baseline,main,sacadrl,classic_merging_low,1001,False,collision,collision,235,600,1,0.9549049289522645,22.995000000000047,0,written,True
baseline,main,sacadrl,classic_merging_low,1002,False,collision,collision,354,600,1,0.9549915967053136,34.89499999999998,0,written,True
baseline,main,sacadrl,classic_merging_low,1003,False,collision,collision,244,600,1,0.9886486163476083,23.89500000000008,0,written,True
baseline,main,sacadrl,classic_merging_medium,1001,False,collision,collision,235,600,1,0.9549049289522645,22.995000000000047,0,written,True
baseline,main,sacadrl,classic_merging_medium,1002,False,collision,collision,354,600,1,0.9549915967053136,34.89499999999998,0,written,True
baseline,main,sacadrl,classic_merging_medium,1003,False,collision,collision,244,600,1,0.9886486163476083,23.89500000000008,0,written,True
baseline,main,sacadrl,classic_overtaking_low,1001,False,collision,collision,111,600,1,0.9796470099874304,10.595000000000018,0,written,True
baseline,main,sacadrl,classic_overtaking_low,1002,False,collision,collision,106,600,1,0.9929847283071969,10.095000000000002,0,written,True
baseline,main,sacadrl,classic_overtaking_low,1003,False,collision,collision,112,600,1,0.9631176480954327,10.69500000000001,0,written,True
baseline,main,sacadrl,classic_overtaking_medium,1001,False,collision,collision,111,600,1,0.9796470099874304,10.595000000000018,0,written,True
baseline,main,sacadrl,classic_overtaking_medium,1002,False,collision,collision,106,600,1,0.9929847283071969,10.095000000000002,0,written,True
baseline,main,sacadrl,classic_overtaking_medium,1003,False,collision,collision,112,600,1,0.9631176480954327,10.69500000000001,0,written,True
baseline,main,sacadrl,classic_t_intersection_low,1001,False,collision,collision,128,600,1,0.9208713460582032,12.294999999999925,0,written,True
baseline,main,sacadrl,classic_t_intersection_low,1002,False,collision,collision,141,600,1,0.9787498940914892,13.595000000000027,0,written,True
baseline,main,sacadrl,classic_t_intersection_low,1003,False,collision,collision,131,600,1,0.915673740991417,12.594999999999896,0,written,True
baseline,main,sacadrl,classic_t_intersection_medium,1001,False,collision,collision,128,600,1,0.9208713460582032,12.294999999999925,0,written,True
baseline,main,sacadrl,classic_t_intersection_medium,1002,False,collision,collision,141,600,1,0.9787498940914892,13.595000000000027,0,written,True
baseline,main,sacadrl,classic_t_intersection_medium,1003,False,collision,collision,131,600,1,0.915673740991417,12.594999999999896,0,written,True
baseline,main,sacadrl,classic_urban_crossing_medium,1001,False,collision,collision,59,600,1,1.0003101395148162,5.395000000000003,0,written,True
baseline,main,sacadrl,classic_urban_crossing_medium,1002,False,collision,collision,20,600,1,0.9981603322466989,1.4950000000000008,0,written,True
baseline,main,sacadrl,classic_urban_crossing_medium,1003,False,collision,collision,55,600,1,0.9210261980726206,4.994999999999997,0,written,True
baseline,main,sacadrl,francis2023_frontal_approach,1001,False,collision,collision,73,600,1,0.961189464203481,6.795,0,written,True
baseline,main,sacadrl,francis2023_frontal_approach,1002,False,collision,collision,68,600,1,0.9837629451067771,6.295000000000002,0,written,True
baseline,main,sacadrl,francis2023_frontal_approach,1003,False,collision,collision,68,600,1,0.9315382652684144,6.294999999999999,0,written,True
baseline,main,sacadrl,francis2023_pedestrian_obstruction,1001,False,collision,collision,73,600,1,0.961189464203481,6.795,0,written,True
baseline,main,sacadrl,francis2023_pedestrian_obstruction,1002,False,collision,collision,68,600,1,0.9837629451067771,6.295000000000002,0,written,True
baseline,main,sacadrl,francis2023_pedestrian_obstruction,1003,False,collision,collision,68,600,1,0.9315382652684144,6.294999999999999,0,written,True
baseline,main,sacadrl,francis2023_pedestrian_overtaking,1001,False,collision,collision,73,600,1,0.961189464203481,6.795,0,written,True
baseline,main,sacadrl,francis2023_pedestrian_overtaking,1002,False,collision,collision,68,600,1,0.9837629451067771,6.295000000000002,0,written,True
baseline,main,sacadrl,francis2023_pedestrian_overtaking,1003,False,collision,collision,68,600,1,0.9315382652684144,6.294999999999999,0,written,True
baseline,main,sacadrl,francis2023_robot_overtaking,1001,False,collision,collision,73,600,1,0.961189464203481,6.795,0,written,True
baseline,main,sacadrl,francis2023_robot_overtaking,1002,False,collision,collision,68,600,1,0.9837629451067771,6.295000000000002,0,written,True
baseline,main,sacadrl,francis2023_robot_overtaking,1003,False,collision,collision,68,600,1,0.9315382652684144,6.294999999999999,0,written,True
baseline,main,sacadrl,francis2023_down_path,1001,False,collision,collision,33,600,1,0.9780435176097801,2.794999999999999,0,written,True
baseline,main,sacadrl,francis2023_down_path,1002,False,collision,collision,32,600,1,0.9349112439513113,2.6950000000000016,0,written,True
baseline,main,sacadrl,francis2023_down_path,1003,False,collision,collision,37,600,1,0.9424845872711766,3.1949999999999976,0,written,True
baseline,main,sacadrl,francis2023_intersection_no_gesture,1001,True,success,success,234,600,0,1.0494111967376267,22.895000000000117,0,written,True
baseline,main,sacadrl,francis2023_intersection_no_gesture,1002,True,success,success,228,600,0,1.1039674869437759,22.294999999999938,0,written,True
baseline,main,sacadrl,francis2023_intersection_no_gesture,1003,False,collision,collision,50,600,1,0.9839395246564762,4.494999999999997,0,written,True
baseline,main,sacadrl,francis2023_blind_corner,1001,False,timeout,terminated,400,600,0,1.0494111967376267,39.494999999999976,0,written,True
baseline,main,sacadrl,francis2023_blind_corner,1002,False,timeout,terminated,400,600,0,1.2825246308582396,39.494999999999955,0,written,True
baseline,main,sacadrl,francis2023_blind_corner,1003,False,timeout,terminated,400,600,0,1.2265729698158263,39.495000000000005,0,written,True
baseline,main,sacadrl,francis2023_narrow_hallway,1001,True,success,success,234,600,0,1.0494111967376258,22.89500000000011,0,written,True
baseline,main,sacadrl,francis2023_narrow_hallway,1002,True,success,success,228,600,0,1.103967486943772,22.29499999999994,0,written,True
baseline,main,sacadrl,francis2023_narrow_hallway,1003,False,collision,collision,50,600,1,0.9839395246564713,4.495000000000001,0,written,True
baseline,main,sacadrl,francis2023_narrow_doorway,1001,False,collision,collision,118,600,1,0.9585680872637925,11.295000000000014,0,written,True
baseline,main,sacadrl,francis2023_narrow_doorway,1002,False,collision,collision,110,600,1,0.9653709248770229,10.495000000000006,0,written,True
baseline,main,sacadrl,francis2023_narrow_doorway,1003,False,collision,collision,114,600,1,0.9260042544999767,10.895000000000005,0,written,True
baseline,main,sacadrl,francis2023_entering_room,1001,False,collision,collision,101,600,1,0.95342151312587,9.595000000000002,0,written,True
baseline,main,sacadrl,francis2023_entering_room,1002,False,collision,collision,96,600,1,0.9401897140920028,9.095,0,written,True
baseline,main,sacadrl,francis2023_entering_room,1003,False,collision,collision,101,600,1,0.9729612382290591,9.594999999999999,0,written,True
baseline,main,sacadrl,francis2023_exiting_room,1001,True,success,success,180,600,0,1.2929222226013235,17.494999999999997,0,written,True
baseline,main,sacadrl,francis2023_exiting_room,1002,True,success,success,183,600,0,1.237073026632285,17.794999999999956,0,written,True
baseline,main,sacadrl,francis2023_exiting_room,1003,True,success,success,178,600,0,1.3797318505947422,17.295000000000016,0,written,True
baseline,main,sacadrl,francis2023_entering_elevator,1001,False,collision,collision,100,600,1,0.9848167314432609,9.495000000000003,0,written,True
baseline,main,sacadrl,francis2023_entering_elevator,1002,False,collision,collision,80,600,1,0.9919869271096,7.495000000000002,0,written,True
baseline,main,sacadrl,francis2023_entering_elevator,1003,False,collision,collision,96,600,1,1.0034987037302978,9.095000000000002,0,written,True
baseline,main,sacadrl,francis2023_exiting_elevator,1001,True,success,success,121,600,0,1.0528129847722418,11.59500000000001,0,written,True
baseline,main,sacadrl,francis2023_exiting_elevator,1002,True,success,success,123,600,0,1.2700509360775847,11.794999999999966,0,written,True
baseline,main,sacadrl,francis2023_exiting_elevator,1003,True,success,success,118,600,0,1.2187460258352512,11.294999999999998,0,written,True
baseline,main,sacadrl,francis2023_intersection_wait,1001,True,success,success,234,600,0,1.0494111967376267,22.895000000000117,0,written,True
baseline,main,sacadrl,francis2023_intersection_wait,1002,True,success,success,228,600,0,1.1039674869437759,22.294999999999938,0,written,True
baseline,main,sacadrl,francis2023_intersection_wait,1003,False,collision,collision,50,600,1,0.9839395246564762,4.494999999999997,0,written,True
baseline,main,sacadrl,francis2023_intersection_proceed,1001,True,success,success,234,600,0,1.0494111967376267,22.895000000000117,0,written,True
baseline,main,sacadrl,francis2023_intersection_proceed,1002,True,success,success,228,600,0,1.1039674869437759,22.294999999999938,0,written,True
baseline,main,sacadrl,francis2023_intersection_proceed,1003,False,collision,collision,50,600,1,0.9839395246564762,4.494999999999997,0,written,True
baseline,main,sacadrl,francis2023_following_human,1001,False,collision,collision,33,600,1,0.9780435176097801,2.794999999999999,0,written,True
baseline,main,sacadrl,francis2023_following_human,1002,False,collision,collision,32,600,1,0.9349112439513113,2.6950000000000016,0,written,True
baseline,main,sacadrl,francis2023_following_human,1003,False,collision,collision,37,600,1,0.9424845872711766,3.1949999999999976,0,written,True
baseline,main,sacadrl,francis2023_leading_human,1001,False,collision,collision,33,600,1,0.9780435176097801,2.794999999999999,0,written,True
baseline,main,sacadrl,francis2023_leading_human,1002,False,collision,collision,32,600,1,0.9349112439513113,2.6950000000000016,0,written,True
baseline,main,sacadrl,francis2023_leading_human,1003,False,collision,collision,37,600,1,0.9424845872711766,3.1949999999999976,0,written,True
baseline,main,sacadrl,francis2023_accompanying_peer,1001,False,collision,collision,33,600,1,0.9780435176097801,2.794999999999999,0,written,True
baseline,main,sacadrl,francis2023_accompanying_peer,1002,False,collision,collision,32,600,1,0.9349112439513113,2.6950000000000016,0,written,True
baseline,main,sacadrl,francis2023_accompanying_peer,1003,False,collision,collision,37,600,1,0.9424845872711766,3.1949999999999976,0,written,True
baseline,main,sacadrl,francis2023_join_group,1001,True,success,success,128,600,0,2.923849729687616,12.29500000000001,0,written,True
baseline,main,sacadrl,francis2023_join_group,1002,True,success,success,124,600,0,2.9316579787057444,11.895000000000003,0,written,True
baseline,main,sacadrl,francis2023_join_group,1003,True,success,success,129,600,0,2.9458706898958016,12.395,0,written,True
baseline,main,sacadrl,francis2023_leave_group,1001,True,success,success,128,600,0,2.923849729687616,12.29500000000001,0,written,True
baseline,main,sacadrl,francis2023_leave_group,1002,True,success,success,124,600,0,2.9316579787057444,11.895000000000003,0,written,True
baseline,main,sacadrl,francis2023_leave_group,1003,True,success,success,129,600,0,2.9458706898958016,12.395,0,written,True
baseline,main,sacadrl,francis2023_crowd_navigation,1001,True,success,success,234,600,0,2.999551353261604,22.895000000000117,0,written,True
baseline,main,sacadrl,francis2023_crowd_navigation,1002,True,success,success,228,600,0,2.9156361355636804,22.294999999999938,0,written,True
baseline,main,sacadrl,francis2023_crowd_navigation,1003,True,success,success,234,600,0,2.9981882872749357,22.89499999999994,0,written,True
baseline,main,sacadrl,francis2023_parallel_traffic,1001,False,collision,collision,73,600,1,0.961189464203481,6.795,0,written,True
baseline,main,sacadrl,francis2023_parallel_traffic,1002,False,collision,collision,68,600,1,0.9837629451067771,6.295000000000002,0,written,True
baseline,main,sacadrl,francis2023_parallel_traffic,1003,False,collision,collision,68,600,1,0.9315382652684144,6.294999999999999,0,written,True
baseline,main,sacadrl,francis2023_perpendicular_traffic,1001,True,success,success,234,600,0,1.0494111967376267,22.895000000000117,0,written,True
baseline,main,sacadrl,francis2023_perpendicular_traffic,1002,True,success,success,228,600,0,1.1039674869437759,22.294999999999938,0,written,True
baseline,main,sacadrl,francis2023_perpendicular_traffic,1003,False,collision,collision,50,600,1,0.9839395246564762,4.494999999999997,0,written,True
baseline,main,sacadrl,francis2023_circular_crossing,1001,True,success,success,128,600,0,2.923849729687616,12.29500000000001,0,written,True
baseline,main,sacadrl,francis2023_circular_crossing,1002,True,success,success,124,600,0,2.9316579787057444,11.895000000000003,0,written,True
baseline,main,sacadrl,francis2023_circular_crossing,1003,True,success,success,129,600,0,2.9458706898958016,12.395,0,written,True
baseline,main,sacadrl,francis2023_robot_crowding,1001,True,success,success,128,600,0,2.923849729687616,12.29500000000001,0,written,True
baseline,main,sacadrl,francis2023_robot_crowding,1002,True,success,success,124,600,0,2.9316579787057444,11.895000000000003,0,written,True
baseline,main,sacadrl,francis2023_robot_crowding,1003,True,success,success,129,600,0,2.9458706898958016,12.395,0,written,True
baseline,main,scenario_adaptive_hybrid_orca_v2_bottleneck_yield,classic_bottleneck_low,1001,True,success,success,118,600,0,1.5124568149606352,19.841249947547936,0,written,True
baseline,main,scenario_adaptive_hybrid_orca_v2_bottleneck_yield,classic_bottleneck_low,1002,True,success,success,121,600,0,1.1116964550774722,20.663124955296517,0,written,True
baseline,main,scenario_adaptive_hybrid_orca_v2_bottleneck_yield,classic_bottleneck_low,1003,True,success,success,118,600,0,1.8083609609607183,20.187499995231562,0,written,True
baseline,main,scenario_adaptive_hybrid_orca_v2_bottleneck_yield,classic_bottleneck_medium,1001,True,success,success,118,600,0,1.5124568149606352,19.841249947547936,0,written,True
baseline,main,scenario_adaptive_hybrid_orca_v2_bottleneck_yield,classic_bottleneck_medium,1002,True,success,success,121,600,0,1.1116964550774722,20.663124955296517,0,written,True
baseline,main,scenario_adaptive_hybrid_orca_v2_bottleneck_yield,classic_bottleneck_medium,1003,True,success,success,118,600,0,1.8083609609607183,20.187499995231562,0,written,True
baseline,main,scenario_adaptive_hybrid_orca_v2_bottleneck_yield,classic_bottleneck_high,1001,True,success,success,118,600,0,1.5124568149606352,19.841249947547936,0,written,True
baseline,main,scenario_adaptive_hybrid_orca_v2_bottleneck_yield,classic_bottleneck_high,1002,True,success,success,121,600,0,1.1116964550774722,20.663124955296517,0,written,True
baseline,main,scenario_adaptive_hybrid_orca_v2_bottleneck_yield,classic_bottleneck_high,1003,True,success,success,118,600,0,1.8083609609607183,20.187499995231562,0,written,True
baseline,main,scenario_adaptive_hybrid_orca_v2_bottleneck_yield,classic_realworld_double_bottleneck_high,1001,True,success,success,267,600,0,1.7776782159037767,47.14168937742703,0,written,True
baseline,main,scenario_adaptive_hybrid_orca_v2_bottleneck_yield,classic_realworld_double_bottleneck_high,1002,True,success,success,263,600,0,1.816252626161358,46.607578051090165,0,written,True
baseline,main,scenario_adaptive_hybrid_orca_v2_bottleneck_yield,classic_realworld_double_bottleneck_high,1003,True,success,success,278,600,0,1.7921546566329416,47.39763343816003,0,written,True
baseline,main,scenario_adaptive_hybrid_orca_v2_bottleneck_yield,classic_station_platform_medium,1001,True,success,success,476,600,0,2.075521629713637,87.04968733906742,0,written,True
baseline,main,scenario_adaptive_hybrid_orca_v2_bottleneck_yield,classic_station_platform_medium,1002,True,success,success,471,600,0,2.549240171828601,86.28828108549095,0,written,True
baseline,main,scenario_adaptive_hybrid_orca_v2_bottleneck_yield,classic_station_platform_medium,1003,True,success,success,483,600,0,2.3165951677224177,87.24401047458241,0,written,True
baseline,main,scenario_adaptive_hybrid_orca_v2_bottleneck_yield,classic_cross_trap_low,1001,True,success,success,239,600,0,1.1520314555198068,43.32703117370602,0,written,True
baseline,main,scenario_adaptive_hybrid_orca_v2_bottleneck_yield,classic_cross_trap_low,1002,True,success,success,263,600,0,1.1918961787071771,42.45749994277947,0,written,True
baseline,main,scenario_adaptive_hybrid_orca_v2_bottleneck_yield,classic_cross_trap_low,1003,True,success,success,243,600,0,1.233434803961244,42.88556146179627,0,written,True
baseline,main,scenario_adaptive_hybrid_orca_v2_bottleneck_yield,classic_cross_trap_medium,1001,True,success,success,239,600,0,1.1520314555198068,43.32703117370602,0,written,True
baseline,main,scenario_adaptive_hybrid_orca_v2_bottleneck_yield,classic_cross_trap_medium,1002,True,success,success,263,600,0,1.1918961787071771,42.45749994277947,0,written,True
baseline,main,scenario_adaptive_hybrid_orca_v2_bottleneck_yield,classic_cross_trap_medium,1003,True,success,success,243,600,0,1.233434803961244,42.88556146179627,0,written,True
baseline,main,scenario_adaptive_hybrid_orca_v2_bottleneck_yield,classic_cross_trap_high,1001,True,success,success,239,600,0,1.1520314555198068,43.32703117370602,0,written,True
baseline,main,scenario_adaptive_hybrid_orca_v2_bottleneck_yield,classic_cross_trap_high,1002,True,success,success,263,600,0,1.1918961787071771,42.45749994277947,0,written,True
baseline,main,scenario_adaptive_hybrid_orca_v2_bottleneck_yield,classic_cross_trap_high,1003,True,success,success,243,600,0,1.233434803961244,42.88556146179627,0,written,True
baseline,main,scenario_adaptive_hybrid_orca_v2_bottleneck_yield,classic_doorway_low,1001,True,success,success,80,600,0,1.0839533391463714,12.148867167234414,0,written,True
baseline,main,scenario_adaptive_hybrid_orca_v2_bottleneck_yield,classic_doorway_low,1002,True,success,success,88,600,0,1.2401425812770634,12.62771328439317,0,written,True
baseline,main,scenario_adaptive_hybrid_orca_v2_bottleneck_yield,classic_doorway_low,1003,True,success,success,76,600,0,1.2292669176956712,11.689166639248539,0,written,True
baseline,main,scenario_adaptive_hybrid_orca_v2_bottleneck_yield,classic_doorway_medium,1001,True,success,success,80,600,0,1.0839533391463714,12.148867167234414,0,written,True
baseline,main,scenario_adaptive_hybrid_orca_v2_bottleneck_yield,classic_doorway_medium,1002,True,success,success,88,600,0,1.2401425812770634,12.62771328439317,0,written,True
baseline,main,scenario_adaptive_hybrid_orca_v2_bottleneck_yield,classic_doorway_medium,1003,True,success,success,76,600,0,1.2292669176956712,11.689166639248539,0,written,True
baseline,main,scenario_adaptive_hybrid_orca_v2_bottleneck_yield,classic_doorway_high,1001,True,success,success,80,600,0,1.0839533391463714,12.148867167234414,0,written,True
baseline,main,scenario_adaptive_hybrid_orca_v2_bottleneck_yield,classic_doorway_high,1002,True,success,success,88,600,0,1.2401425812770634,12.62771328439317,0,written,True
baseline,main,scenario_adaptive_hybrid_orca_v2_bottleneck_yield,classic_doorway_high,1003,True,success,success,76,600,0,1.2292669176956712,11.689166639248539,0,written,True
baseline,main,scenario_adaptive_hybrid_orca_v2_bottleneck_yield,classic_group_crossing_low,1001,True,success,success,100,600,0,1.8937060714468419,16.519374988675157,0,written,True
baseline,main,scenario_adaptive_hybrid_orca_v2_bottleneck_yield,classic_group_crossing_low,1002,True,success,success,95,600,0,2.0833468525587584,15.61916663924851,0,written,True
baseline,main,scenario_adaptive_hybrid_orca_v2_bottleneck_yield,classic_group_crossing_low,1003,True,success,success,107,600,0,2.2161465629137127,16.817265732362863,0,written,True
baseline,main,scenario_adaptive_hybrid_orca_v2_bottleneck_yield,classic_group_crossing_medium,1001,True,success,success,100,600,0,1.8937060714468419,16.519374988675157,0,written,True
baseline,main,scenario_adaptive_hybrid_orca_v2_bottleneck_yield,classic_group_crossing_medium,1002,True,success,success,95,600,0,2.0833468525587584,15.61916663924851,0,written,True
baseline,main,scenario_adaptive_hybrid_orca_v2_bottleneck_yield,classic_group_crossing_medium,1003,True,success,success,107,600,0,2.2161465629137127,16.817265732362863,0,written,True
baseline,main,scenario_adaptive_hybrid_orca_v2_bottleneck_yield,classic_group_crossing_high,1001,True,success,success,100,600,0,1.8937060714468419,16.519374988675157,0,written,True
baseline,main,scenario_adaptive_hybrid_orca_v2_bottleneck_yield,classic_group_crossing_high,1002,True,success,success,95,600,0,2.0833468525587584,15.61916663924851,0,written,True
baseline,main,scenario_adaptive_hybrid_orca_v2_bottleneck_yield,classic_group_crossing_high,1003,True,success,success,107,600,0,2.2161465629137127,16.817265732362863,0,written,True
baseline,main,scenario_adaptive_hybrid_orca_v2_bottleneck_yield,classic_head_on_corridor_low,1001,False,collision,collision,1,600,1,0.9148821669017663,0.0,0,written,True
baseline,main,scenario_adaptive_hybrid_orca_v2_bottleneck_yield,classic_head_on_corridor_low,1002,True,success,success,170,600,0,1.5656944276878146,30.1978124988078,0,written,True
baseline,main,scenario_adaptive_hybrid_orca_v2_bottleneck_yield,classic_head_on_corridor_low,1003,True,success,success,184,600,0,1.2607723921418208,30.374977302402257,0,written,True
baseline,main,scenario_adaptive_hybrid_orca_v2_bottleneck_yield,classic_head_on_corridor_medium,1001,False,collision,collision,1,600,1,0.9148821669017663,0.0,0,written,True
baseline,main,scenario_adaptive_hybrid_orca_v2_bottleneck_yield,classic_head_on_corridor_medium,1002,True,success,success,170,600,0,1.5656944276878146,30.1978124988078,0,written,True
baseline,main,scenario_adaptive_hybrid_orca_v2_bottleneck_yield,classic_head_on_corridor_medium,1003,True,success,success,184,600,0,1.2607723921418208,30.374977302402257,0,written,True
baseline,main,scenario_adaptive_hybrid_orca_v2_bottleneck_yield,classic_merging_low,1001,True,success,success,396,600,0,1.76178131797534,71.01124985635283,0,written,True
baseline,main,scenario_adaptive_hybrid_orca_v2_bottleneck_yield,classic_merging_low,1002,True,success,success,388,600,0,1.7605817422405678,69.56890609562397,0,written,True
baseline,main,scenario_adaptive_hybrid_orca_v2_bottleneck_yield,classic_merging_low,1003,True,success,success,405,600,0,1.7577787079334355,70.01484694421293,0,written,True
baseline,main,scenario_adaptive_hybrid_orca_v2_bottleneck_yield,classic_merging_medium,1001,True,success,success,396,600,0,1.76178131797534,71.01124985635283,0,written,True
baseline,main,scenario_adaptive_hybrid_orca_v2_bottleneck_yield,classic_merging_medium,1002,True,success,success,388,600,0,1.7605817422405678,69.56890609562397,0,written,True
baseline,main,scenario_adaptive_hybrid_orca_v2_bottleneck_yield,classic_merging_medium,1003,True,success,success,405,600,0,1.7577787079334355,70.01484694421293,0,written,True
baseline,main,scenario_adaptive_hybrid_orca_v2_bottleneck_yield,classic_overtaking_low,1001,True,success,success,204,600,0,1.0217107317806244,35.84749996304516,0,written,True
baseline,main,scenario_adaptive_hybrid_orca_v2_bottleneck_yield,classic_overtaking_low,1002,True,success,success,204,600,0,1.051654460736407,35.72062494099144,0,written,True
baseline,main,scenario_adaptive_hybrid_orca_v2_bottleneck_yield,classic_overtaking_low,1003,True,success,success,213,600,0,1.0481794588523965,35.23071655288342,0,written,True
baseline,main,scenario_adaptive_hybrid_orca_v2_bottleneck_yield,classic_overtaking_medium,1001,True,success,success,204,600,0,1.0217107317806244,35.84749996304516,0,written,True
baseline,main,scenario_adaptive_hybrid_orca_v2_bottleneck_yield,classic_overtaking_medium,1002,True,success,success,204,600,0,1.051654460736407,35.72062494099144,0,written,True
baseline,main,scenario_adaptive_hybrid_orca_v2_bottleneck_yield,classic_overtaking_medium,1003,True,success,success,213,600,0,1.0481794588523965,35.23071655288342,0,written,True
baseline,main,scenario_adaptive_hybrid_orca_v2_bottleneck_yield,classic_t_intersection_low,1001,True,success,success,137,600,0,2.0107673050363912,23.746249952316266,0,written,True
baseline,main,scenario_adaptive_hybrid_orca_v2_bottleneck_yield,classic_t_intersection_low,1002,True,success,success,146,600,0,1.3050524847448521,25.523749951124202,0,written,True
baseline,main,scenario_adaptive_hybrid_orca_v2_bottleneck_yield,classic_t_intersection_low,1003,True,success,success,148,600,0,1.4569544824006984,24.18171144222223,0,written,True
baseline,main,scenario_adaptive_hybrid_orca_v2_bottleneck_yield,classic_t_intersection_medium,1001,True,success,success,137,600,0,2.0107673050363912,23.746249952316266,0,written,True
baseline,main,scenario_adaptive_hybrid_orca_v2_bottleneck_yield,classic_t_intersection_medium,1002,True,success,success,146,600,0,1.3050524847448521,25.523749951124202,0,written,True
baseline,main,scenario_adaptive_hybrid_orca_v2_bottleneck_yield,classic_t_intersection_medium,1003,True,success,success,148,600,0,1.4569544824006984,24.18171144222223,0,written,True
baseline,main,scenario_adaptive_hybrid_orca_v2_bottleneck_yield,classic_urban_crossing_medium,1001,False,timeout,terminated,600,600,0,1.0945811044094391,22.480000000000167,0,written,True
baseline,main,scenario_adaptive_hybrid_orca_v2_bottleneck_yield,classic_urban_crossing_medium,1002,True,success,success,157,600,0,1.7323193156297831,28.717499977350215,0,written,True
baseline,main,scenario_adaptive_hybrid_orca_v2_bottleneck_yield,classic_urban_crossing_medium,1003,True,success,success,169,600,0,1.4225309763318605,30.119618134672532,0,written,True
baseline,main,scenario_adaptive_hybrid_orca_v2_bottleneck_yield,francis2023_frontal_approach,1001,True,success,success,180,600,0,2.9986421751118852,31.68672043442737,0,written,True
baseline,main,scenario_adaptive_hybrid_orca_v2_bottleneck_yield,francis2023_frontal_approach,1002,True,success,success,174,600,0,2.9333152699197367,31.3482465072473,0,written,True
baseline,main,scenario_adaptive_hybrid_orca_v2_bottleneck_yield,francis2023_frontal_approach,1003,True,success,success,196,600,0,2.99613305221043,31.903540735244682,0,written,True
baseline,main,scenario_adaptive_hybrid_orca_v2_bottleneck_yield,francis2023_pedestrian_obstruction,1001,True,success,success,180,600,0,2.9986421751118852,31.68672043442737,0,written,True
baseline,main,scenario_adaptive_hybrid_orca_v2_bottleneck_yield,francis2023_pedestrian_obstruction,1002,True,success,success,174,600,0,2.9333152699197367,31.3482465072473,0,written,True
baseline,main,scenario_adaptive_hybrid_orca_v2_bottleneck_yield,francis2023_pedestrian_obstruction,1003,True,success,success,196,600,0,2.99613305221043,31.903540735244682,0,written,True
baseline,main,scenario_adaptive_hybrid_orca_v2_bottleneck_yield,francis2023_pedestrian_overtaking,1001,True,success,success,180,600,0,2.9986421751118852,31.68672043442737,0,written,True
baseline,main,scenario_adaptive_hybrid_orca_v2_bottleneck_yield,francis2023_pedestrian_overtaking,1002,True,success,success,174,600,0,2.9333152699197367,31.3482465072473,0,written,True
baseline,main,scenario_adaptive_hybrid_orca_v2_bottleneck_yield,francis2023_pedestrian_overtaking,1003,True,success,success,196,600,0,2.99613305221043,31.903540735244682,0,written,True
baseline,main,scenario_adaptive_hybrid_orca_v2_bottleneck_yield,francis2023_robot_overtaking,1001,True,success,success,180,600,0,2.9986421751118852,31.68672043442737,0,written,True
baseline,main,scenario_adaptive_hybrid_orca_v2_bottleneck_yield,francis2023_robot_overtaking,1002,True,success,success,174,600,0,2.9333152699197367,31.3482465072473,0,written,True
baseline,main,scenario_adaptive_hybrid_orca_v2_bottleneck_yield,francis2023_robot_overtaking,1003,True,success,success,196,600,0,2.99613305221043,31.903540735244682,0,written,True
baseline,main,scenario_adaptive_hybrid_orca_v2_bottleneck_yield,francis2023_down_path,1001,True,success,success,174,600,0,1.9992853045177046,30.62994163592663,0,written,True
baseline,main,scenario_adaptive_hybrid_orca_v2_bottleneck_yield,francis2023_down_path,1002,True,success,success,169,600,0,1.9959453255345456,30.32810327808059,0,written,True
baseline,main,scenario_adaptive_hybrid_orca_v2_bottleneck_yield,francis2023_down_path,1003,True,success,success,191,600,0,1.504186190821307,30.89368906145296,0,written,True
baseline,main,scenario_adaptive_hybrid_orca_v2_bottleneck_yield,francis2023_intersection_no_gesture,1001,False,timeout,terminated,400,600,0,1.046227104591184,5.982500000000013,0,written,True
baseline,main,scenario_adaptive_hybrid_orca_v2_bottleneck_yield,francis2023_intersection_no_gesture,1002,True,success,success,124,600,0,1.3797398313904337,21.34337889075281,0,written,True
baseline,main,scenario_adaptive_hybrid_orca_v2_bottleneck_yield,francis2023_intersection_no_gesture,1003,True,success,success,324,600,0,1.0569856182159951,24.021522953948693,0,written,True
baseline,main,scenario_adaptive_hybrid_orca_v2_bottleneck_yield,francis2023_blind_corner,1001,True,success,success,252,600,0,1.0494111967376267,43.603628012488315,0,written,True
baseline,main,scenario_adaptive_hybrid_orca_v2_bottleneck_yield,francis2023_blind_corner,1002,True,success,success,246,600,0,1.3803897726212893,43.10628031293544,0,written,True
baseline,main,scenario_adaptive_hybrid_orca_v2_bottleneck_yield,francis2023_blind_corner,1003,True,success,success,246,600,0,1.2265729698158263,43.65981763839716,0,written,True
baseline,main,scenario_adaptive_hybrid_orca_v2_bottleneck_yield,francis2023_narrow_hallway,1001,False,timeout,terminated,400,600,0,1.046227104591184,5.982500000000013,0,written,True
baseline,main,scenario_adaptive_hybrid_orca_v2_bottleneck_yield,francis2023_narrow_hallway,1002,True,success,success,124,600,0,1.3797398313904323,21.3433788907528,0,written,True
baseline,main,scenario_adaptive_hybrid_orca_v2_bottleneck_yield,francis2023_narrow_hallway,1003,True,success,success,329,600,0,1.2129677712564917,21.88896673098209,0,written,True
baseline,main,scenario_adaptive_hybrid_orca_v2_bottleneck_yield,francis2023_narrow_doorway,1001,False,timeout,terminated,400,600,0,1.2232287741928756,9.943861842205123,0,written,True
baseline,main,scenario_adaptive_hybrid_orca_v2_bottleneck_yield,francis2023_narrow_doorway,1002,False,timeout,terminated,400,600,0,1.1602869592325349,9.605818743854751,0,written,True
baseline,main,scenario_adaptive_hybrid_orca_v2_bottleneck_yield,francis2023_narrow_doorway,1003,False,timeout,terminated,400,600,0,1.1747480134097796,10.12287429705262,0,written,True
baseline,main,scenario_adaptive_hybrid_orca_v2_bottleneck_yield,francis2023_entering_room,1001,True,success,success,105,600,0,1.1033933442346298,15.746491058468825,0,written,True
baseline,main,scenario_adaptive_hybrid_orca_v2_bottleneck_yield,francis2023_entering_room,1002,True,success,success,99,600,0,1.1028146382500894,15.323437483708064,0,written,True
baseline,main,scenario_adaptive_hybrid_orca_v2_bottleneck_yield,francis2023_entering_room,1003,True,success,success,110,600,0,1.04073998879047,15.93221642792224,0,written,True
baseline,main,scenario_adaptive_hybrid_orca_v2_bottleneck_yield,francis2023_exiting_room,1001,True,success,success,121,600,0,1.2285581299569526,17.452633493989687,0,written,True
baseline,main,scenario_adaptive_hybrid_orca_v2_bottleneck_yield,francis2023_exiting_room,1002,True,success,success,125,600,0,1.2798335907843295,17.853273022870223,0,written,True
baseline,main,scenario_adaptive_hybrid_orca_v2_bottleneck_yield,francis2023_exiting_room,1003,True,success,success,115,600,0,1.2369107940922637,17.3260445795307,0,written,True
baseline,main,scenario_adaptive_hybrid_orca_v2_bottleneck_yield,francis2023_entering_elevator,1001,True,success,success,75,600,0,1.0487741374682717,9.721519638895991,0,written,True
baseline,main,scenario_adaptive_hybrid_orca_v2_bottleneck_yield,francis2023_entering_elevator,1002,True,success,success,68,600,0,1.041419190164321,9.344636065761252,0,written,True
baseline,main,scenario_adaptive_hybrid_orca_v2_bottleneck_yield,francis2023_entering_elevator,1003,True,success,success,83,600,0,1.0497387614627451,9.912499996920435,0,written,True
baseline,main,scenario_adaptive_hybrid_orca_v2_bottleneck_yield,francis2023_exiting_elevator,1001,True,success,success,109,600,0,1.0528129847722418,11.47091223322317,0,written,True
baseline,main,scenario_adaptive_hybrid_orca_v2_bottleneck_yield,francis2023_exiting_elevator,1002,True,success,success,91,600,0,1.2700496030965216,11.802541325787717,0,written,True
baseline,main,scenario_adaptive_hybrid_orca_v2_bottleneck_yield,francis2023_exiting_elevator,1003,True,success,success,78,600,0,1.2186585759041024,11.300859644656366,0,written,True
baseline,main,scenario_adaptive_hybrid_orca_v2_bottleneck_yield,francis2023_intersection_wait,1001,False,timeout,terminated,400,600,0,1.046227104591184,5.982500000000013,0,written,True
baseline,main,scenario_adaptive_hybrid_orca_v2_bottleneck_yield,francis2023_intersection_wait,1002,True,success,success,124,600,0,1.3797398313904337,21.34337889075281,0,written,True
baseline,main,scenario_adaptive_hybrid_orca_v2_bottleneck_yield,francis2023_intersection_wait,1003,True,success,success,324,600,0,1.0569856182159951,24.021522953948693,0,written,True
baseline,main,scenario_adaptive_hybrid_orca_v2_bottleneck_yield,francis2023_intersection_proceed,1001,False,timeout,terminated,400,600,0,1.046227104591184,5.982500000000013,0,written,True
baseline,main,scenario_adaptive_hybrid_orca_v2_bottleneck_yield,francis2023_intersection_proceed,1002,True,success,success,124,600,0,1.3797398313904337,21.34337889075281,0,written,True
baseline,main,scenario_adaptive_hybrid_orca_v2_bottleneck_yield,francis2023_intersection_proceed,1003,True,success,success,324,600,0,1.0569856182159951,24.021522953948693,0,written,True
baseline,main,scenario_adaptive_hybrid_orca_v2_bottleneck_yield,francis2023_following_human,1001,True,success,success,174,600,0,1.9992853045177046,30.62994163592663,0,written,True
baseline,main,scenario_adaptive_hybrid_orca_v2_bottleneck_yield,francis2023_following_human,1002,True,success,success,169,600,0,1.9959453255345456,30.32810327808059,0,written,True
baseline,main,scenario_adaptive_hybrid_orca_v2_bottleneck_yield,francis2023_following_human,1003,True,success,success,191,600,0,1.504186190821307,30.89368906145296,0,written,True
baseline,main,scenario_adaptive_hybrid_orca_v2_bottleneck_yield,francis2023_leading_human,1001,True,success,success,174,600,0,1.9992853045177046,30.62994163592663,0,written,True
baseline,main,scenario_adaptive_hybrid_orca_v2_bottleneck_yield,francis2023_leading_human,1002,True,success,success,169,600,0,1.9959453255345456,30.32810327808059,0,written,True
baseline,main,scenario_adaptive_hybrid_orca_v2_bottleneck_yield,francis2023_leading_human,1003,True,success,success,191,600,0,1.504186190821307,30.89368906145296,0,written,True
baseline,main,scenario_adaptive_hybrid_orca_v2_bottleneck_yield,francis2023_accompanying_peer,1001,True,success,success,174,600,0,1.9992853045177046,30.62994163592663,0,written,True
baseline,main,scenario_adaptive_hybrid_orca_v2_bottleneck_yield,francis2023_accompanying_peer,1002,True,success,success,169,600,0,1.9959453255345456,30.32810327808059,0,written,True
baseline,main,scenario_adaptive_hybrid_orca_v2_bottleneck_yield,francis2023_accompanying_peer,1003,True,success,success,191,600,0,1.504186190821307,30.89368906145296,0,written,True
baseline,main,scenario_adaptive_hybrid_orca_v2_bottleneck_yield,francis2023_join_group,1001,True,success,success,81,600,0,3.0051904369997366,11.71888442556064,0,written,True
baseline,main,scenario_adaptive_hybrid_orca_v2_bottleneck_yield,francis2023_join_group,1002,True,success,success,75,600,0,2.979795658894484,11.337246078650166,0,written,True
baseline,main,scenario_adaptive_hybrid_orca_v2_bottleneck_yield,francis2023_join_group,1003,True,success,success,92,600,0,2.947317155712574,12.048541313707828,0,written,True
baseline,main,scenario_adaptive_hybrid_orca_v2_bottleneck_yield,francis2023_leave_group,1001,True,success,success,116,600,0,2.967870162051042,11.715439797922228,0,written,True
baseline,main,scenario_adaptive_hybrid_orca_v2_bottleneck_yield,francis2023_leave_group,1002,True,success,success,112,600,0,2.9976863552197743,11.284530340241503,0,written,True
baseline,main,scenario_adaptive_hybrid_orca_v2_bottleneck_yield,francis2023_leave_group,1003,True,success,success,117,600,0,2.9782580324231516,11.935227149599747,0,written,True
baseline,main,scenario_adaptive_hybrid_orca_v2_bottleneck_yield,francis2023_crowd_navigation,1001,True,success,success,131,600,0,2.966407022575553,21.7076282749573,0,written,True
baseline,main,scenario_adaptive_hybrid_orca_v2_bottleneck_yield,francis2023_crowd_navigation,1002,True,success,success,124,600,0,2.9400078416547175,21.34337889075281,0,written,True
baseline,main,scenario_adaptive_hybrid_orca_v2_bottleneck_yield,francis2023_crowd_navigation,1003,True,success,success,144,600,0,2.965996219632879,21.95031856412693,0,written,True
baseline,main,scenario_adaptive_hybrid_orca_v2_bottleneck_yield,francis2023_parallel_traffic,1001,True,success,success,180,600,0,2.9986421751118852,31.68672043442737,0,written,True
baseline,main,scenario_adaptive_hybrid_orca_v2_bottleneck_yield,francis2023_parallel_traffic,1002,True,success,success,174,600,0,2.9333152699197367,31.3482465072473,0,written,True
baseline,main,scenario_adaptive_hybrid_orca_v2_bottleneck_yield,francis2023_parallel_traffic,1003,True,success,success,196,600,0,2.99613305221043,31.903540735244682,0,written,True
baseline,main,scenario_adaptive_hybrid_orca_v2_bottleneck_yield,francis2023_perpendicular_traffic,1001,True,success,success,213,600,0,1.0474554132163791,21.653671960905168,0,written,True
baseline,main,scenario_adaptive_hybrid_orca_v2_bottleneck_yield,francis2023_perpendicular_traffic,1002,True,success,success,124,600,0,1.3797398313904337,21.34337889075281,0,written,True
baseline,main,scenario_adaptive_hybrid_orca_v2_bottleneck_yield,francis2023_perpendicular_traffic,1003,True,success,success,155,600,0,1.2129767408584664,21.875300042877605,0,written,True
baseline,main,scenario_adaptive_hybrid_orca_v2_bottleneck_yield,francis2023_circular_crossing,1001,True,success,success,81,600,0,3.0051904369997366,11.71888442556064,0,written,True
baseline,main,scenario_adaptive_hybrid_orca_v2_bottleneck_yield,francis2023_circular_crossing,1002,True,success,success,75,600,0,2.979795658894484,11.337246078650166,0,written,True
baseline,main,scenario_adaptive_hybrid_orca_v2_bottleneck_yield,francis2023_circular_crossing,1003,True,success,success,92,600,0,2.947317155712574,12.048541313707828,0,written,True
baseline,main,scenario_adaptive_hybrid_orca_v2_bottleneck_yield,francis2023_robot_crowding,1001,True,success,success,81,600,0,3.0051904369997366,11.71888442556064,0,written,True
baseline,main,scenario_adaptive_hybrid_orca_v2_bottleneck_yield,francis2023_robot_crowding,1002,True,success,success,75,600,0,2.979795658894484,11.337246078650166,0,written,True
baseline,main,scenario_adaptive_hybrid_orca_v2_bottleneck_yield,francis2023_robot_crowding,1003,True,success,success,92,600,0,2.947317155712574,12.048541313707828,0,written,True
baseline,main,scenario_adaptive_hybrid_orca_v2_collision_guard,classic_bottleneck_low,1001,True,success,success,118,600,0,1.5124568149606352,19.841249947547936,0,written,True
baseline,main,scenario_adaptive_hybrid_orca_v2_collision_guard,classic_bottleneck_low,1002,True,success,success,121,600,0,1.1116964550774722,20.663124955296517,0,written,True
baseline,main,scenario_adaptive_hybrid_orca_v2_collision_guard,classic_bottleneck_low,1003,True,success,success,118,600,0,1.8083609609607183,20.187499995231562,0,written,True
baseline,main,scenario_adaptive_hybrid_orca_v2_collision_guard,classic_bottleneck_medium,1001,True,success,success,118,600,0,1.5124568149606352,19.841249947547936,0,written,True
baseline,main,scenario_adaptive_hybrid_orca_v2_collision_guard,classic_bottleneck_medium,1002,True,success,success,121,600,0,1.1116964550774722,20.663124955296517,0,written,True
baseline,main,scenario_adaptive_hybrid_orca_v2_collision_guard,classic_bottleneck_medium,1003,True,success,success,118,600,0,1.8083609609607183,20.187499995231562,0,written,True
baseline,main,scenario_adaptive_hybrid_orca_v2_collision_guard,classic_bottleneck_high,1001,True,success,success,118,600,0,1.5124568149606352,19.841249947547936,0,written,True
baseline,main,scenario_adaptive_hybrid_orca_v2_collision_guard,classic_bottleneck_high,1002,True,success,success,121,600,0,1.1116964550774722,20.663124955296517,0,written,True
baseline,main,scenario_adaptive_hybrid_orca_v2_collision_guard,classic_bottleneck_high,1003,True,success,success,118,600,0,1.8083609609607183,20.187499995231562,0,written,True
baseline,main,scenario_adaptive_hybrid_orca_v2_collision_guard,classic_realworld_double_bottleneck_high,1001,True,success,success,267,600,0,1.7776782159037767,47.14168937742703,0,written,True
baseline,main,scenario_adaptive_hybrid_orca_v2_collision_guard,classic_realworld_double_bottleneck_high,1002,True,success,success,263,600,0,1.816252626161358,46.607578051090165,0,written,True
baseline,main,scenario_adaptive_hybrid_orca_v2_collision_guard,classic_realworld_double_bottleneck_high,1003,True,success,success,278,600,0,1.7921546566329416,47.39763343816003,0,written,True
baseline,main,scenario_adaptive_hybrid_orca_v2_collision_guard,classic_station_platform_medium,1001,True,success,success,476,600,0,2.075521629713637,87.04968733906742,0,written,True
baseline,main,scenario_adaptive_hybrid_orca_v2_collision_guard,classic_station_platform_medium,1002,True,success,success,471,600,0,2.549240171828601,86.28828108549095,0,written,True
baseline,main,scenario_adaptive_hybrid_orca_v2_collision_guard,classic_station_platform_medium,1003,True,success,success,483,600,0,2.3165951677224177,87.24401047458241,0,written,True
baseline,main,scenario_adaptive_hybrid_orca_v2_collision_guard,classic_cross_trap_low,1001,True,success,success,239,600,0,1.1520314555198068,43.32703117370602,0,written,True
baseline,main,scenario_adaptive_hybrid_orca_v2_collision_guard,classic_cross_trap_low,1002,True,success,success,263,600,0,1.1918961787071771,42.45749994277947,0,written,True
baseline,main,scenario_adaptive_hybrid_orca_v2_collision_guard,classic_cross_trap_low,1003,True,success,success,243,600,0,1.233434803961244,42.88556146179627,0,written,True
baseline,main,scenario_adaptive_hybrid_orca_v2_collision_guard,classic_cross_trap_medium,1001,True,success,success,239,600,0,1.1520314555198068,43.32703117370602,0,written,True
baseline,main,scenario_adaptive_hybrid_orca_v2_collision_guard,classic_cross_trap_medium,1002,True,success,success,263,600,0,1.1918961787071771,42.45749994277947,0,written,True
baseline,main,scenario_adaptive_hybrid_orca_v2_collision_guard,classic_cross_trap_medium,1003,True,success,success,243,600,0,1.233434803961244,42.88556146179627,0,written,True
baseline,main,scenario_adaptive_hybrid_orca_v2_collision_guard,classic_cross_trap_high,1001,True,success,success,239,600,0,1.1520314555198068,43.32703117370602,0,written,True
baseline,main,scenario_adaptive_hybrid_orca_v2_collision_guard,classic_cross_trap_high,1002,True,success,success,263,600,0,1.1918961787071771,42.45749994277947,0,written,True
baseline,main,scenario_adaptive_hybrid_orca_v2_collision_guard,classic_cross_trap_high,1003,True,success,success,243,600,0,1.233434803961244,42.88556146179627,0,written,True
baseline,main,scenario_adaptive_hybrid_orca_v2_collision_guard,classic_doorway_low,1001,True,success,success,80,600,0,1.0839533391463714,12.148867167234414,0,written,True
baseline,main,scenario_adaptive_hybrid_orca_v2_collision_guard,classic_doorway_low,1002,True,success,success,88,600,0,1.2401425812770634,12.62771328439317,0,written,True
baseline,main,scenario_adaptive_hybrid_orca_v2_collision_guard,classic_doorway_low,1003,True,success,success,76,600,0,1.2292669176956712,11.689166639248539,0,written,True
baseline,main,scenario_adaptive_hybrid_orca_v2_collision_guard,classic_doorway_medium,1001,True,success,success,80,600,0,1.0839533391463714,12.148867167234414,0,written,True
baseline,main,scenario_adaptive_hybrid_orca_v2_collision_guard,classic_doorway_medium,1002,True,success,success,88,600,0,1.2401425812770634,12.62771328439317,0,written,True
baseline,main,scenario_adaptive_hybrid_orca_v2_collision_guard,classic_doorway_medium,1003,True,success,success,76,600,0,1.2292669176956712,11.689166639248539,0,written,True
baseline,main,scenario_adaptive_hybrid_orca_v2_collision_guard,classic_doorway_high,1001,True,success,success,80,600,0,1.0839533391463714,12.148867167234414,0,written,True
baseline,main,scenario_adaptive_hybrid_orca_v2_collision_guard,classic_doorway_high,1002,True,success,success,88,600,0,1.2401425812770634,12.62771328439317,0,written,True
baseline,main,scenario_adaptive_hybrid_orca_v2_collision_guard,classic_doorway_high,1003,True,success,success,76,600,0,1.2292669176956712,11.689166639248539,0,written,True
baseline,main,scenario_adaptive_hybrid_orca_v2_collision_guard,classic_group_crossing_low,1001,True,success,success,100,600,0,1.8937060714468419,16.519374988675157,0,written,True
baseline,main,scenario_adaptive_hybrid_orca_v2_collision_guard,classic_group_crossing_low,1002,True,success,success,95,600,0,2.0833468525587584,15.61916663924851,0,written,True
baseline,main,scenario_adaptive_hybrid_orca_v2_collision_guard,classic_group_crossing_low,1003,True,success,success,107,600,0,2.2161465629137127,16.817265732362863,0,written,True
baseline,main,scenario_adaptive_hybrid_orca_v2_collision_guard,classic_group_crossing_medium,1001,True,success,success,100,600,0,1.8937060714468419,16.519374988675157,0,written,True
baseline,main,scenario_adaptive_hybrid_orca_v2_collision_guard,classic_group_crossing_medium,1002,True,success,success,95,600,0,2.0833468525587584,15.61916663924851,0,written,True
baseline,main,scenario_adaptive_hybrid_orca_v2_collision_guard,classic_group_crossing_medium,1003,True,success,success,107,600,0,2.2161465629137127,16.817265732362863,0,written,True
baseline,main,scenario_adaptive_hybrid_orca_v2_collision_guard,classic_group_crossing_high,1001,True,success,success,100,600,0,1.8937060714468419,16.519374988675157,0,written,True
baseline,main,scenario_adaptive_hybrid_orca_v2_collision_guard,classic_group_crossing_high,1002,True,success,success,95,600,0,2.0833468525587584,15.61916663924851,0,written,True
baseline,main,scenario_adaptive_hybrid_orca_v2_collision_guard,classic_group_crossing_high,1003,True,success,success,107,600,0,2.2161465629137127,16.817265732362863,0,written,True
baseline,main,scenario_adaptive_hybrid_orca_v2_collision_guard,classic_head_on_corridor_low,1001,False,collision,collision,1,600,1,0.9148821669017663,0.0,0,written,True
baseline,main,scenario_adaptive_hybrid_orca_v2_collision_guard,classic_head_on_corridor_low,1002,True,success,success,170,600,0,1.5656944276878146,30.1978124988078,0,written,True
baseline,main,scenario_adaptive_hybrid_orca_v2_collision_guard,classic_head_on_corridor_low,1003,True,success,success,184,600,0,1.2607723921418208,30.374977302402257,0,written,True
baseline,main,scenario_adaptive_hybrid_orca_v2_collision_guard,classic_head_on_corridor_medium,1001,False,collision,collision,1,600,1,0.9148821669017663,0.0,0,written,True
baseline,main,scenario_adaptive_hybrid_orca_v2_collision_guard,classic_head_on_corridor_medium,1002,True,success,success,170,600,0,1.5656944276878146,30.1978124988078,0,written,True
baseline,main,scenario_adaptive_hybrid_orca_v2_collision_guard,classic_head_on_corridor_medium,1003,True,success,success,184,600,0,1.2607723921418208,30.374977302402257,0,written,True
baseline,main,scenario_adaptive_hybrid_orca_v2_collision_guard,classic_merging_low,1001,True,success,success,396,600,0,1.76178131797534,71.01124985635283,0,written,True
baseline,main,scenario_adaptive_hybrid_orca_v2_collision_guard,classic_merging_low,1002,True,success,success,388,600,0,1.7605817422405678,69.56890609562397,0,written,True
baseline,main,scenario_adaptive_hybrid_orca_v2_collision_guard,classic_merging_low,1003,True,success,success,405,600,0,1.7577787079334355,70.01484694421293,0,written,True
baseline,main,scenario_adaptive_hybrid_orca_v2_collision_guard,classic_merging_medium,1001,True,success,success,396,600,0,1.76178131797534,71.01124985635283,0,written,True
baseline,main,scenario_adaptive_hybrid_orca_v2_collision_guard,classic_merging_medium,1002,True,success,success,388,600,0,1.7605817422405678,69.56890609562397,0,written,True
baseline,main,scenario_adaptive_hybrid_orca_v2_collision_guard,classic_merging_medium,1003,True,success,success,405,600,0,1.7577787079334355,70.01484694421293,0,written,True
baseline,main,scenario_adaptive_hybrid_orca_v2_collision_guard,classic_overtaking_low,1001,True,success,success,204,600,0,1.0217107317806244,35.84749996304516,0,written,True
baseline,main,scenario_adaptive_hybrid_orca_v2_collision_guard,classic_overtaking_low,1002,True,success,success,204,600,0,1.051654460736407,35.72062494099144,0,written,True
baseline,main,scenario_adaptive_hybrid_orca_v2_collision_guard,classic_overtaking_low,1003,True,success,success,213,600,0,1.0481794588523965,35.23071655288342,0,written,True
baseline,main,scenario_adaptive_hybrid_orca_v2_collision_guard,classic_overtaking_medium,1001,True,success,success,204,600,0,1.0217107317806244,35.84749996304516,0,written,True
baseline,main,scenario_adaptive_hybrid_orca_v2_collision_guard,classic_overtaking_medium,1002,True,success,success,204,600,0,1.051654460736407,35.72062494099144,0,written,True
baseline,main,scenario_adaptive_hybrid_orca_v2_collision_guard,classic_overtaking_medium,1003,True,success,success,213,600,0,1.0481794588523965,35.23071655288342,0,written,True
baseline,main,scenario_adaptive_hybrid_orca_v2_collision_guard,classic_t_intersection_low,1001,True,success,success,137,600,0,2.0107673050363912,23.746249952316266,0,written,True
baseline,main,scenario_adaptive_hybrid_orca_v2_collision_guard,classic_t_intersection_low,1002,True,success,success,146,600,0,1.3050524847448521,25.523749951124202,0,written,True
baseline,main,scenario_adaptive_hybrid_orca_v2_collision_guard,classic_t_intersection_low,1003,True,success,success,148,600,0,1.4569544824006984,24.18171144222223,0,written,True
baseline,main,scenario_adaptive_hybrid_orca_v2_collision_guard,classic_t_intersection_medium,1001,True,success,success,137,600,0,2.0107673050363912,23.746249952316266,0,written,True
baseline,main,scenario_adaptive_hybrid_orca_v2_collision_guard,classic_t_intersection_medium,1002,True,success,success,146,600,0,1.3050524847448521,25.523749951124202,0,written,True
baseline,main,scenario_adaptive_hybrid_orca_v2_collision_guard,classic_t_intersection_medium,1003,True,success,success,148,600,0,1.4569544824006984,24.18171144222223,0,written,True
baseline,main,scenario_adaptive_hybrid_orca_v2_collision_guard,classic_urban_crossing_medium,1001,False,timeout,terminated,600,600,0,1.0945811044094391,22.480000000000167,0,written,True
baseline,main,scenario_adaptive_hybrid_orca_v2_collision_guard,classic_urban_crossing_medium,1002,True,success,success,157,600,0,1.7323193156297831,28.717499977350215,0,written,True
baseline,main,scenario_adaptive_hybrid_orca_v2_collision_guard,classic_urban_crossing_medium,1003,True,success,success,169,600,0,1.4225309763318605,30.119618134672532,0,written,True
baseline,main,scenario_adaptive_hybrid_orca_v2_collision_guard,francis2023_frontal_approach,1001,True,success,success,180,600,0,2.9986421751118852,31.68672043442737,0,written,True
baseline,main,scenario_adaptive_hybrid_orca_v2_collision_guard,francis2023_frontal_approach,1002,True,success,success,174,600,0,2.9333152699197367,31.3482465072473,0,written,True
baseline,main,scenario_adaptive_hybrid_orca_v2_collision_guard,francis2023_frontal_approach,1003,True,success,success,196,600,0,2.99613305221043,31.903540735244682,0,written,True
baseline,main,scenario_adaptive_hybrid_orca_v2_collision_guard,francis2023_pedestrian_obstruction,1001,True,success,success,180,600,0,2.9986421751118852,31.68672043442737,0,written,True
baseline,main,scenario_adaptive_hybrid_orca_v2_collision_guard,francis2023_pedestrian_obstruction,1002,True,success,success,174,600,0,2.9333152699197367,31.3482465072473,0,written,True
baseline,main,scenario_adaptive_hybrid_orca_v2_collision_guard,francis2023_pedestrian_obstruction,1003,True,success,success,196,600,0,2.99613305221043,31.903540735244682,0,written,True
baseline,main,scenario_adaptive_hybrid_orca_v2_collision_guard,francis2023_pedestrian_overtaking,1001,True,success,success,180,600,0,2.9986421751118852,31.68672043442737,0,written,True
baseline,main,scenario_adaptive_hybrid_orca_v2_collision_guard,francis2023_pedestrian_overtaking,1002,True,success,success,174,600,0,2.9333152699197367,31.3482465072473,0,written,True
baseline,main,scenario_adaptive_hybrid_orca_v2_collision_guard,francis2023_pedestrian_overtaking,1003,True,success,success,196,600,0,2.99613305221043,31.903540735244682,0,written,True
baseline,main,scenario_adaptive_hybrid_orca_v2_collision_guard,francis2023_robot_overtaking,1001,True,success,success,180,600,0,2.9986421751118852,31.68672043442737,0,written,True
baseline,main,scenario_adaptive_hybrid_orca_v2_collision_guard,francis2023_robot_overtaking,1002,True,success,success,174,600,0,2.9333152699197367,31.3482465072473,0,written,True
baseline,main,scenario_adaptive_hybrid_orca_v2_collision_guard,francis2023_robot_overtaking,1003,True,success,success,196,600,0,2.99613305221043,31.903540735244682,0,written,True
baseline,main,scenario_adaptive_hybrid_orca_v2_collision_guard,francis2023_down_path,1001,True,success,success,174,600,0,1.9992853045177046,30.62994163592663,0,written,True
baseline,main,scenario_adaptive_hybrid_orca_v2_collision_guard,francis2023_down_path,1002,True,success,success,169,600,0,1.9959453255345456,30.32810327808059,0,written,True
baseline,main,scenario_adaptive_hybrid_orca_v2_collision_guard,francis2023_down_path,1003,True,success,success,191,600,0,1.504186190821307,30.89368906145296,0,written,True
baseline,main,scenario_adaptive_hybrid_orca_v2_collision_guard,francis2023_intersection_no_gesture,1001,False,timeout,terminated,400,600,0,1.046227104591184,5.982500000000013,0,written,True
baseline,main,scenario_adaptive_hybrid_orca_v2_collision_guard,francis2023_intersection_no_gesture,1002,True,success,success,124,600,0,1.3797398313904337,21.34337889075281,0,written,True
baseline,main,scenario_adaptive_hybrid_orca_v2_collision_guard,francis2023_intersection_no_gesture,1003,True,success,success,324,600,0,1.0569856182159951,24.021522953948693,0,written,True
baseline,main,scenario_adaptive_hybrid_orca_v2_collision_guard,francis2023_blind_corner,1001,True,success,success,252,600,0,1.0494111967376267,43.603628012488315,0,written,True
baseline,main,scenario_adaptive_hybrid_orca_v2_collision_guard,francis2023_blind_corner,1002,True,success,success,246,600,0,1.3803897726212893,43.10628031293544,0,written,True
baseline,main,scenario_adaptive_hybrid_orca_v2_collision_guard,francis2023_blind_corner,1003,True,success,success,246,600,0,1.2265729698158263,43.65981763839716,0,written,True
baseline,main,scenario_adaptive_hybrid_orca_v2_collision_guard,francis2023_narrow_hallway,1001,False,timeout,terminated,400,600,0,1.046227104591184,5.982500000000013,0,written,True
baseline,main,scenario_adaptive_hybrid_orca_v2_collision_guard,francis2023_narrow_hallway,1002,True,success,success,124,600,0,1.3797398313904323,21.3433788907528,0,written,True
baseline,main,scenario_adaptive_hybrid_orca_v2_collision_guard,francis2023_narrow_hallway,1003,True,success,success,329,600,0,1.2129677712564917,21.88896673098209,0,written,True
baseline,main,scenario_adaptive_hybrid_orca_v2_collision_guard,francis2023_narrow_doorway,1001,False,timeout,terminated,400,600,0,1.2232287741928756,9.943861842205123,0,written,True
baseline,main,scenario_adaptive_hybrid_orca_v2_collision_guard,francis2023_narrow_doorway,1002,False,timeout,terminated,400,600,0,1.1602869592325349,9.605818743854751,0,written,True
baseline,main,scenario_adaptive_hybrid_orca_v2_collision_guard,francis2023_narrow_doorway,1003,False,timeout,terminated,400,600,0,1.1747480134097796,10.12287429705262,0,written,True
baseline,main,scenario_adaptive_hybrid_orca_v2_collision_guard,francis2023_entering_room,1001,True,success,success,105,600,0,1.1033933442346298,15.746491058468825,0,written,True
baseline,main,scenario_adaptive_hybrid_orca_v2_collision_guard,francis2023_entering_room,1002,True,success,success,99,600,0,1.1028146382500894,15.323437483708064,0,written,True
baseline,main,scenario_adaptive_hybrid_orca_v2_collision_guard,francis2023_entering_room,1003,True,success,success,110,600,0,1.04073998879047,15.93221642792224,0,written,True
baseline,main,scenario_adaptive_hybrid_orca_v2_collision_guard,francis2023_exiting_room,1001,True,success,success,121,600,0,1.2285581299569526,17.452633493989687,0,written,True
baseline,main,scenario_adaptive_hybrid_orca_v2_collision_guard,francis2023_exiting_room,1002,True,success,success,125,600,0,1.2798335907843295,17.853273022870223,0,written,True
baseline,main,scenario_adaptive_hybrid_orca_v2_collision_guard,francis2023_exiting_room,1003,True,success,success,115,600,0,1.2369107940922637,17.3260445795307,0,written,True
baseline,main,scenario_adaptive_hybrid_orca_v2_collision_guard,francis2023_entering_elevator,1001,True,success,success,75,600,0,1.0487741374682717,9.721519638895991,0,written,True
baseline,main,scenario_adaptive_hybrid_orca_v2_collision_guard,francis2023_entering_elevator,1002,True,success,success,68,600,0,1.041419190164321,9.344636065761252,0,written,True
baseline,main,scenario_adaptive_hybrid_orca_v2_collision_guard,francis2023_entering_elevator,1003,True,success,success,83,600,0,1.0497387614627451,9.912499996920435,0,written,True
baseline,main,scenario_adaptive_hybrid_orca_v2_collision_guard,francis2023_exiting_elevator,1001,True,success,success,109,600,0,1.0528129847722418,11.47091223322317,0,written,True
baseline,main,scenario_adaptive_hybrid_orca_v2_collision_guard,francis2023_exiting_elevator,1002,True,success,success,91,600,0,1.2700496030965216,11.802541325787717,0,written,True
baseline,main,scenario_adaptive_hybrid_orca_v2_collision_guard,francis2023_exiting_elevator,1003,True,success,success,78,600,0,1.2186585759041024,11.300859644656366,0,written,True
baseline,main,scenario_adaptive_hybrid_orca_v2_collision_guard,francis2023_intersection_wait,1001,False,timeout,terminated,400,600,0,1.046227104591184,5.982500000000013,0,written,True
baseline,main,scenario_adaptive_hybrid_orca_v2_collision_guard,francis2023_intersection_wait,1002,True,success,success,124,600,0,1.3797398313904337,21.34337889075281,0,written,True
baseline,main,scenario_adaptive_hybrid_orca_v2_collision_guard,francis2023_intersection_wait,1003,True,success,success,324,600,0,1.0569856182159951,24.021522953948693,0,written,True
baseline,main,scenario_adaptive_hybrid_orca_v2_collision_guard,francis2023_intersection_proceed,1001,False,timeout,terminated,400,600,0,1.046227104591184,5.982500000000013,0,written,True
baseline,main,scenario_adaptive_hybrid_orca_v2_collision_guard,francis2023_intersection_proceed,1002,True,success,success,124,600,0,1.3797398313904337,21.34337889075281,0,written,True
baseline,main,scenario_adaptive_hybrid_orca_v2_collision_guard,francis2023_intersection_proceed,1003,True,success,success,324,600,0,1.0569856182159951,24.021522953948693,0,written,True
baseline,main,scenario_adaptive_hybrid_orca_v2_collision_guard,francis2023_following_human,1001,True,success,success,174,600,0,1.9992853045177046,30.62994163592663,0,written,True
baseline,main,scenario_adaptive_hybrid_orca_v2_collision_guard,francis2023_following_human,1002,True,success,success,169,600,0,1.9959453255345456,30.32810327808059,0,written,True
baseline,main,scenario_adaptive_hybrid_orca_v2_collision_guard,francis2023_following_human,1003,True,success,success,191,600,0,1.504186190821307,30.89368906145296,0,written,True
baseline,main,scenario_adaptive_hybrid_orca_v2_collision_guard,francis2023_leading_human,1001,True,success,success,174,600,0,1.9992853045177046,30.62994163592663,0,written,True
baseline,main,scenario_adaptive_hybrid_orca_v2_collision_guard,francis2023_leading_human,1002,True,success,success,169,600,0,1.9959453255345456,30.32810327808059,0,written,True
baseline,main,scenario_adaptive_hybrid_orca_v2_collision_guard,francis2023_leading_human,1003,True,success,success,191,600,0,1.504186190821307,30.89368906145296,0,written,True
baseline,main,scenario_adaptive_hybrid_orca_v2_collision_guard,francis2023_accompanying_peer,1001,True,success,success,174,600,0,1.9992853045177046,30.62994163592663,0,written,True
baseline,main,scenario_adaptive_hybrid_orca_v2_collision_guard,francis2023_accompanying_peer,1002,True,success,success,169,600,0,1.9959453255345456,30.32810327808059,0,written,True
baseline,main,scenario_adaptive_hybrid_orca_v2_collision_guard,francis2023_accompanying_peer,1003,True,success,success,191,600,0,1.504186190821307,30.89368906145296,0,written,True
baseline,main,scenario_adaptive_hybrid_orca_v2_collision_guard,francis2023_join_group,1001,True,success,success,81,600,0,3.0051904369997366,11.71888442556064,0,written,True
baseline,main,scenario_adaptive_hybrid_orca_v2_collision_guard,francis2023_join_group,1002,True,success,success,75,600,0,2.979795658894484,11.337246078650166,0,written,True
baseline,main,scenario_adaptive_hybrid_orca_v2_collision_guard,francis2023_join_group,1003,True,success,success,92,600,0,2.947317155712574,12.048541313707828,0,written,True
baseline,main,scenario_adaptive_hybrid_orca_v2_collision_guard,francis2023_leave_group,1001,True,success,success,116,600,0,2.967870162051042,11.715439797922228,0,written,True
baseline,main,scenario_adaptive_hybrid_orca_v2_collision_guard,francis2023_leave_group,1002,True,success,success,112,600,0,2.9976863552197743,11.284530340241503,0,written,True
baseline,main,scenario_adaptive_hybrid_orca_v2_collision_guard,francis2023_leave_group,1003,True,success,success,117,600,0,2.9782580324231516,11.935227149599747,0,written,True
baseline,main,scenario_adaptive_hybrid_orca_v2_collision_guard,francis2023_crowd_navigation,1001,True,success,success,131,600,0,2.966407022575553,21.7076282749573,0,written,True
baseline,main,scenario_adaptive_hybrid_orca_v2_collision_guard,francis2023_crowd_navigation,1002,True,success,success,124,600,0,2.9400078416547175,21.34337889075281,0,written,True
baseline,main,scenario_adaptive_hybrid_orca_v2_collision_guard,francis2023_crowd_navigation,1003,True,success,success,144,600,0,2.965996219632879,21.95031856412693,0,written,True
baseline,main,scenario_adaptive_hybrid_orca_v2_collision_guard,francis2023_parallel_traffic,1001,True,success,success,180,600,0,2.9986421751118852,31.68672043442737,0,written,True
baseline,main,scenario_adaptive_hybrid_orca_v2_collision_guard,francis2023_parallel_traffic,1002,True,success,success,174,600,0,2.9333152699197367,31.3482465072473,0,written,True
baseline,main,scenario_adaptive_hybrid_orca_v2_collision_guard,francis2023_parallel_traffic,1003,True,success,success,196,600,0,2.99613305221043,31.903540735244682,0,written,True
baseline,main,scenario_adaptive_hybrid_orca_v2_collision_guard,francis2023_perpendicular_traffic,1001,True,success,success,213,600,0,1.0474554132163791,21.653671960905168,0,written,True
baseline,main,scenario_adaptive_hybrid_orca_v2_collision_guard,francis2023_perpendicular_traffic,1002,True,success,success,124,600,0,1.3797398313904337,21.34337889075281,0,written,True
baseline,main,scenario_adaptive_hybrid_orca_v2_collision_guard,francis2023_perpendicular_traffic,1003,True,success,success,155,600,0,1.2129767408584664,21.875300042877605,0,written,True
baseline,main,scenario_adaptive_hybrid_orca_v2_collision_guard,francis2023_circular_crossing,1001,True,success,success,81,600,0,3.0051904369997366,11.71888442556064,0,written,True
baseline,main,scenario_adaptive_hybrid_orca_v2_collision_guard,francis2023_circular_crossing,1002,True,success,success,75,600,0,2.979795658894484,11.337246078650166,0,written,True
baseline,main,scenario_adaptive_hybrid_orca_v2_collision_guard,francis2023_circular_crossing,1003,True,success,success,92,600,0,2.947317155712574,12.048541313707828,0,written,True
baseline,main,scenario_adaptive_hybrid_orca_v2_collision_guard,francis2023_robot_crowding,1001,True,success,success,81,600,0,3.0051904369997366,11.71888442556064,0,written,True
baseline,main,scenario_adaptive_hybrid_orca_v2_collision_guard,francis2023_robot_crowding,1002,True,success,success,75,600,0,2.979795658894484,11.337246078650166,0,written,True
baseline,main,scenario_adaptive_hybrid_orca_v2_collision_guard,francis2023_robot_crowding,1003,True,success,success,92,600,0,2.947317155712574,12.048541313707828,0,written,True
baseline,main,social_force,classic_bottleneck_low,1001,False,timeout,terminated,500,600,0,1.0979181497447221,74.47367507834937,0,written,True
baseline,main,social_force,classic_bottleneck_low,1002,False,timeout,terminated,500,600,0,1.7235942100509252,75.17739378857983,0,written,True
baseline,main,social_force,classic_bottleneck_low,1003,False,timeout,terminated,500,600,0,1.6414269928833836,73.90513871047865,0,written,True
baseline,main,social_force,classic_bottleneck_medium,1001,False,timeout,terminated,500,600,0,1.0979181497447221,74.47367507834937,0,written,True
baseline,main,social_force,classic_bottleneck_medium,1002,False,timeout,terminated,500,600,0,1.7235942100509252,75.17739378857983,0,written,True
baseline,main,social_force,classic_bottleneck_medium,1003,False,timeout,terminated,500,600,0,1.6414269928833836,73.90513871047865,0,written,True
baseline,main,social_force,classic_bottleneck_high,1001,False,timeout,terminated,500,600,0,1.0979181497447221,74.47367507834937,0,written,True
baseline,main,social_force,classic_bottleneck_high,1002,False,timeout,terminated,500,600,0,1.7235942100509252,75.17739378857983,0,written,True
baseline,main,social_force,classic_bottleneck_high,1003,False,timeout,terminated,500,600,0,1.6414269928833836,73.90513871047865,0,written,True
baseline,main,social_force,classic_realworld_double_bottleneck_high,1001,False,timeout,max_steps,600,600,0,4.130372255278093,87.52801103842938,0,written,True
baseline,main,social_force,classic_realworld_double_bottleneck_high,1002,False,timeout,max_steps,600,600,0,4.0106709702745915,86.8669258209891,0,written,True
baseline,main,social_force,classic_realworld_double_bottleneck_high,1003,False,timeout,max_steps,600,600,0,4.269800870974167,86.89544579808586,0,written,True
baseline,main,social_force,classic_station_platform_medium,1001,False,timeout,max_steps,600,600,0,2.0776059719209226,46.861458108097096,0,written,True
baseline,main,social_force,classic_station_platform_medium,1002,False,timeout,max_steps,600,600,0,2.549240171828601,39.47798219654182,0,written,True
baseline,main,social_force,classic_station_platform_medium,1003,False,timeout,max_steps,600,600,0,2.3169563753936484,43.77288072665358,0,written,True
baseline,main,social_force,classic_cross_trap_low,1001,False,timeout,terminated,600,600,0,3.103945846548392,38.16162795633261,0,written,True
baseline,main,social_force,classic_cross_trap_low,1002,False,timeout,terminated,600,600,0,3.335652717519877,38.413887972289785,0,written,True
baseline,main,social_force,classic_cross_trap_low,1003,False,timeout,terminated,600,600,0,3.4252887766865716,32.48741699348861,0,written,True
baseline,main,social_force,classic_cross_trap_medium,1001,False,timeout,terminated,600,600,0,3.103945846548392,38.16162795633261,0,written,True
baseline,main,social_force,classic_cross_trap_medium,1002,False,timeout,terminated,600,600,0,3.335652717519877,38.413887972289785,0,written,True
baseline,main,social_force,classic_cross_trap_medium,1003,False,timeout,terminated,600,600,0,3.4252887766865716,32.48741699348861,0,written,True
baseline,main,social_force,classic_cross_trap_high,1001,False,timeout,terminated,600,600,0,3.103945846548392,38.16162795633261,0,written,True
baseline,main,social_force,classic_cross_trap_high,1002,False,timeout,terminated,600,600,0,3.335652717519877,38.413887972289785,0,written,True
baseline,main,social_force,classic_cross_trap_high,1003,False,timeout,terminated,600,600,0,3.4252887766865716,32.48741699348861,0,written,True
baseline,main,social_force,classic_doorway_low,1001,False,timeout,terminated,500,600,0,5.321331491672833,8.418190827303267,0,written,True
baseline,main,social_force,classic_doorway_low,1002,False,timeout,terminated,500,600,0,4.986229372977452,9.980003952341345,0,written,True
baseline,main,social_force,classic_doorway_low,1003,False,timeout,terminated,500,600,0,5.285745994370208,7.251802492111324,0,written,True
baseline,main,social_force,classic_doorway_medium,1001,False,timeout,terminated,500,600,0,5.321331491672833,8.418190827303267,0,written,True
baseline,main,social_force,classic_doorway_medium,1002,False,timeout,terminated,500,600,0,4.986229372977452,9.980003952341345,0,written,True
baseline,main,social_force,classic_doorway_medium,1003,False,timeout,terminated,500,600,0,5.285745994370208,7.251802492111324,0,written,True
baseline,main,social_force,classic_doorway_high,1001,False,timeout,terminated,500,600,0,5.321331491672833,8.418190827303267,0,written,True
baseline,main,social_force,classic_doorway_high,1002,False,timeout,terminated,500,600,0,4.986229372977452,9.980003952341345,0,written,True
baseline,main,social_force,classic_doorway_high,1003,False,timeout,terminated,500,600,0,5.285745994370208,7.251802492111324,0,written,True
baseline,main,social_force,classic_group_crossing_low,1001,False,timeout,terminated,500,600,0,2.1113536687415615,15.09681472541354,0,written,True
baseline,main,social_force,classic_group_crossing_low,1002,False,timeout,terminated,500,600,0,1.7896579011938023,15.554546600190607,0,written,True
baseline,main,social_force,classic_group_crossing_low,1003,False,timeout,terminated,500,600,0,2.6159059005921645,14.961256681267088,0,written,True
baseline,main,social_force,classic_group_crossing_medium,1001,False,timeout,terminated,500,600,0,2.1113536687415615,15.09681472541354,0,written,True
baseline,main,social_force,classic_group_crossing_medium,1002,False,timeout,terminated,500,600,0,1.7896579011938023,15.554546600190607,0,written,True
baseline,main,social_force,classic_group_crossing_medium,1003,False,timeout,terminated,500,600,0,2.6159059005921645,14.961256681267088,0,written,True
baseline,main,social_force,classic_group_crossing_high,1001,False,timeout,terminated,500,600,0,2.1113536687415615,15.09681472541354,0,written,True
baseline,main,social_force,classic_group_crossing_high,1002,False,timeout,terminated,500,600,0,1.7896579011938023,15.554546600190607,0,written,True
baseline,main,social_force,classic_group_crossing_high,1003,False,timeout,terminated,500,600,0,2.6159059005921645,14.961256681267088,0,written,True
baseline,main,social_force,classic_head_on_corridor_low,1001,False,collision,collision,1,600,1,0.9198601309820914,0.0,0,written,True
baseline,main,social_force,classic_head_on_corridor_low,1002,True,success,success,291,600,0,1.5656944276878146,29.859175756040933,0,written,True
baseline,main,social_force,classic_head_on_corridor_low,1003,False,timeout,terminated,500,600,0,1.2607723921418208,29.26559211169146,0,written,True
baseline,main,social_force,classic_head_on_corridor_medium,1001,False,collision,collision,1,600,1,0.9198601309820914,0.0,0,written,True
baseline,main,social_force,classic_head_on_corridor_medium,1002,True,success,success,291,600,0,1.5656944276878146,29.859175756040933,0,written,True
baseline,main,social_force,classic_head_on_corridor_medium,1003,False,timeout,terminated,500,600,0,1.2607723921418208,29.26559211169146,0,written,True
baseline,main,social_force,classic_merging_low,1001,False,timeout,terminated,600,600,0,5.102197447915317,23.240920378889975,0,written,True
baseline,main,social_force,classic_merging_low,1002,False,timeout,terminated,600,600,0,4.483488670781365,23.69069722990497,0,written,True
baseline,main,social_force,classic_merging_low,1003,False,timeout,terminated,600,600,0,5.137056999262677,22.13757964487311,0,written,True
baseline,main,social_force,classic_merging_medium,1001,False,timeout,terminated,600,600,0,5.102197447915317,23.240920378889975,0,written,True
baseline,main,social_force,classic_merging_medium,1002,False,timeout,terminated,600,600,0,4.483488670781365,23.69069722990497,0,written,True
baseline,main,social_force,classic_merging_medium,1003,False,timeout,terminated,600,600,0,5.137056999262677,22.13757964487311,0,written,True
baseline,main,social_force,classic_overtaking_low,1001,False,timeout,terminated,600,600,0,2.570385472582897,20.96814199295264,0,written,True
baseline,main,social_force,classic_overtaking_low,1002,False,timeout,terminated,600,600,0,2.053162471507064,19.857437654384796,0,written,True
baseline,main,social_force,classic_overtaking_low,1003,False,timeout,terminated,600,600,0,2.951124357827176,20.033194440340402,0,written,True
baseline,main,social_force,classic_overtaking_medium,1001,False,timeout,terminated,600,600,0,2.570385472582897,20.96814199295264,0,written,True
baseline,main,social_force,classic_overtaking_medium,1002,False,timeout,terminated,600,600,0,2.053162471507064,19.857437654384796,0,written,True
baseline,main,social_force,classic_overtaking_medium,1003,False,timeout,terminated,600,600,0,2.951124357827176,20.033194440340402,0,written,True
baseline,main,social_force,classic_t_intersection_low,1001,False,collision,collision,71,600,1,0.9979692896051102,8.898836035916375,0,written,True
baseline,main,social_force,classic_t_intersection_low,1002,False,collision,collision,38,600,1,0.9797660909929573,4.394886804763775,0,written,True
baseline,main,social_force,classic_t_intersection_low,1003,False,collision,collision,71,600,1,0.9758280375350343,8.04172369786817,0,written,True
baseline,main,social_force,classic_t_intersection_medium,1001,False,collision,collision,71,600,1,0.9979692896051102,8.898836035916375,0,written,True
baseline,main,social_force,classic_t_intersection_medium,1002,False,collision,collision,38,600,1,0.9797660909929573,4.394886804763775,0,written,True
baseline,main,social_force,classic_t_intersection_medium,1003,False,collision,collision,71,600,1,0.9758280375350343,8.04172369786817,0,written,True
baseline,main,social_force,classic_urban_crossing_medium,1001,False,timeout,terminated,600,600,0,1.0151151681755017,93.49248858781732,0,written,True
baseline,main,social_force,classic_urban_crossing_medium,1002,False,timeout,terminated,600,600,0,1.03139554442746,93.7805993359446,0,written,True
baseline,main,social_force,classic_urban_crossing_medium,1003,False,timeout,terminated,600,600,0,1.0135125578694866,93.5964599373423,0,written,True
baseline,main,social_force,francis2023_frontal_approach,1001,False,timeout,terminated,400,600,0,2.092028235843932,49.216441578171384,0,written,True
baseline,main,social_force,francis2023_frontal_approach,1002,True,success,success,350,600,0,2.0445215342709657,49.11928032399992,0,written,True
baseline,main,social_force,francis2023_frontal_approach,1003,False,timeout,terminated,400,600,0,2.102040980260224,48.73327890961704,0,written,True
baseline,main,social_force,francis2023_pedestrian_obstruction,1001,False,timeout,terminated,400,600,0,2.092028235843932,49.216441578171384,0,written,True
baseline,main,social_force,francis2023_pedestrian_obstruction,1002,True,success,success,350,600,0,2.0445215342709657,49.11928032399992,0,written,True
baseline,main,social_force,francis2023_pedestrian_obstruction,1003,False,timeout,terminated,400,600,0,2.102040980260224,48.73327890961704,0,written,True
baseline,main,social_force,francis2023_pedestrian_overtaking,1001,False,timeout,terminated,400,600,0,2.092028235843932,49.216441578171384,0,written,True
baseline,main,social_force,francis2023_pedestrian_overtaking,1002,True,success,success,350,600,0,2.0445215342709657,49.11928032399992,0,written,True
baseline,main,social_force,francis2023_pedestrian_overtaking,1003,False,timeout,terminated,400,600,0,2.102040980260224,48.73327890961704,0,written,True
baseline,main,social_force,francis2023_robot_overtaking,1001,False,timeout,terminated,400,600,0,2.092028235843932,49.216441578171384,0,written,True
baseline,main,social_force,francis2023_robot_overtaking,1002,True,success,success,350,600,0,2.0445215342709657,49.11928032399992,0,written,True
baseline,main,social_force,francis2023_robot_overtaking,1003,False,timeout,terminated,400,600,0,2.102040980260224,48.73327890961704,0,written,True
baseline,main,social_force,francis2023_down_path,1001,False,timeout,terminated,400,600,0,2.0387212038158244,48.44408011294353,0,written,True
baseline,main,social_force,francis2023_down_path,1002,True,success,success,355,600,0,2.096323009148543,47.730966744336456,0,written,True
baseline,main,social_force,francis2023_down_path,1003,False,timeout,terminated,400,600,0,1.64603249581206,53.23860046888175,0,written,True
baseline,main,social_force,francis2023_intersection_no_gesture,1001,False,timeout,terminated,400,600,0,1.0300138961916872,62.91133585633098,0,written,True
baseline,main,social_force,francis2023_intersection_no_gesture,1002,False,timeout,terminated,400,600,0,1.0531533412530556,62.96773704927905,0,written,True
baseline,main,social_force,francis2023_intersection_no_gesture,1003,False,timeout,terminated,400,600,0,1.0205064283568936,62.7879446943197,0,written,True
baseline,main,social_force,francis2023_blind_corner,1001,False,collision,collision,32,600,1,0.9561937503472021,3.789999999999996,0,written,True
baseline,main,social_force,francis2023_blind_corner,1002,False,collision,collision,30,600,1,0.9190153390798987,3.4950000000000028,0,written,True
baseline,main,social_force,francis2023_blind_corner,1003,False,collision,collision,31,600,1,0.9787761707158062,3.5900000000000003,0,written,True
baseline,main,social_force,francis2023_narrow_hallway,1001,False,collision,collision,26,600,1,0.9311060584148587,2.7350000000000003,0,written,True
baseline,main,social_force,francis2023_narrow_hallway,1002,False,collision,collision,26,600,1,0.9923138891738965,2.3750000000000004,0,written,True
baseline,main,social_force,francis2023_narrow_hallway,1003,False,collision,collision,26,600,1,0.9695781250864526,2.565,0,written,True
baseline,main,social_force,francis2023_narrow_doorway,1001,False,timeout,terminated,400,600,0,1.7040947447843116,58.05160124200193,0,written,True
baseline,main,social_force,francis2023_narrow_doorway,1002,False,timeout,terminated,400,600,0,1.7101041073733632,58.33106421660379,0,written,True
baseline,main,social_force,francis2023_narrow_doorway,1003,False,timeout,terminated,400,600,0,1.6433330593204698,58.01603496278364,0,written,True
baseline,main,social_force,francis2023_entering_room,1001,False,timeout,terminated,400,600,0,3.3928506006763786,8.417531651288396,0,written,True
baseline,main,social_force,francis2023_entering_room,1002,False,timeout,terminated,400,600,0,3.7494137613119487,9.360153792633394,0,written,True
baseline,main,social_force,francis2023_entering_room,1003,False,timeout,terminated,400,600,0,3.207496437010922,9.395417133057627,0,written,True
baseline,main,social_force,francis2023_exiting_room,1001,False,timeout,terminated,400,600,0,3.978285977310232,61.365496278906186,0,written,True
baseline,main,social_force,francis2023_exiting_room,1002,False,timeout,terminated,400,600,0,3.976745046955782,60.89606819937046,0,written,True
baseline,main,social_force,francis2023_exiting_room,1003,False,timeout,terminated,400,600,0,3.9820221142512797,61.524128729673706,0,written,True
baseline,main,social_force,francis2023_entering_elevator,1001,False,timeout,terminated,400,600,0,3.172874451599204,57.88075917137414,0,written,True
baseline,main,social_force,francis2023_entering_elevator,1002,False,timeout,terminated,400,600,0,3.004208099631852,57.03562167725419,0,written,True
baseline,main,social_force,francis2023_entering_elevator,1003,False,timeout,terminated,400,600,0,3.1597630142515962,55.65787716645468,0,written,True
baseline,main,social_force,francis2023_exiting_elevator,1001,False,collision,collision,26,600,1,0.9738986725277954,2.667887127820177,0,written,True
baseline,main,social_force,francis2023_exiting_elevator,1002,False,collision,collision,26,600,1,0.9247645106482079,2.5649999999999973,0,written,True
baseline,main,social_force,francis2023_exiting_elevator,1003,False,collision,collision,26,600,1,0.9544398446698733,2.501057524455803,0,written,True
baseline,main,social_force,francis2023_intersection_wait,1001,False,timeout,terminated,400,600,0,1.0300138961916872,62.91133585633098,0,written,True
baseline,main,social_force,francis2023_intersection_wait,1002,False,timeout,terminated,400,600,0,1.0531533412530556,62.96773704927905,0,written,True
baseline,main,social_force,francis2023_intersection_wait,1003,False,timeout,terminated,400,600,0,1.0205064283568936,62.7879446943197,0,written,True
baseline,main,social_force,francis2023_intersection_proceed,1001,False,timeout,terminated,400,600,0,1.0300138961916872,62.91133585633098,0,written,True
baseline,main,social_force,francis2023_intersection_proceed,1002,False,timeout,terminated,400,600,0,1.0531533412530556,62.96773704927905,0,written,True
baseline,main,social_force,francis2023_intersection_proceed,1003,False,timeout,terminated,400,600,0,1.0205064283568936,62.7879446943197,0,written,True
baseline,main,social_force,francis2023_following_human,1001,False,timeout,terminated,400,600,0,2.0387212038158244,48.44408011294353,0,written,True
baseline,main,social_force,francis2023_following_human,1002,True,success,success,355,600,0,2.096323009148543,47.730966744336456,0,written,True
baseline,main,social_force,francis2023_following_human,1003,False,timeout,terminated,400,600,0,1.64603249581206,53.23860046888175,0,written,True
baseline,main,social_force,francis2023_leading_human,1001,False,timeout,terminated,400,600,0,2.0387212038158244,48.44408011294353,0,written,True
baseline,main,social_force,francis2023_leading_human,1002,True,success,success,355,600,0,2.096323009148543,47.730966744336456,0,written,True
baseline,main,social_force,francis2023_leading_human,1003,False,timeout,terminated,400,600,0,1.64603249581206,53.23860046888175,0,written,True
baseline,main,social_force,francis2023_accompanying_peer,1001,False,timeout,terminated,400,600,0,2.0387212038158244,48.44408011294353,0,written,True
baseline,main,social_force,francis2023_accompanying_peer,1002,True,success,success,355,600,0,2.096323009148543,47.730966744336456,0,written,True
baseline,main,social_force,francis2023_accompanying_peer,1003,False,timeout,terminated,400,600,0,1.64603249581206,53.23860046888175,0,written,True
baseline,main,social_force,francis2023_join_group,1001,False,timeout,terminated,400,600,0,3.3928506006763786,11.692487676214807,0,written,True
baseline,main,social_force,francis2023_join_group,1002,False,timeout,terminated,400,600,0,3.7494137613119487,22.15912085453734,0,written,True
baseline,main,social_force,francis2023_join_group,1003,False,timeout,terminated,400,600,0,3.207496437010922,11.02673085779861,0,written,True
baseline,main,social_force,francis2023_leave_group,1001,False,timeout,terminated,400,600,0,3.3928506006763786,11.692487676214807,0,written,True
baseline,main,social_force,francis2023_leave_group,1002,False,timeout,terminated,400,600,0,3.7494137613119487,22.15912085453734,0,written,True
baseline,main,social_force,francis2023_leave_group,1003,False,timeout,terminated,400,600,0,3.207496437010922,11.02673085779861,0,written,True
baseline,main,social_force,francis2023_crowd_navigation,1001,False,timeout,terminated,400,600,0,3.3928506006763786,21.63706897833883,0,written,True
baseline,main,social_force,francis2023_crowd_navigation,1002,False,timeout,terminated,400,600,0,3.7494137613119487,29.041192400775316,0,written,True
baseline,main,social_force,francis2023_crowd_navigation,1003,False,timeout,terminated,400,600,0,3.207496437010922,21.343347286120625,0,written,True
baseline,main,social_force,francis2023_parallel_traffic,1001,False,timeout,terminated,400,600,0,2.092028235843932,49.216441578171384,0,written,True
baseline,main,social_force,francis2023_parallel_traffic,1002,True,success,success,350,600,0,2.0445215342709657,49.11928032399992,0,written,True
baseline,main,social_force,francis2023_parallel_traffic,1003,False,timeout,terminated,400,600,0,2.102040980260224,48.73327890961704,0,written,True
baseline,main,social_force,francis2023_perpendicular_traffic,1001,False,timeout,terminated,400,600,0,1.0300138961916872,62.91133585633098,0,written,True
baseline,main,social_force,francis2023_perpendicular_traffic,1002,False,timeout,terminated,400,600,0,1.0531533412530556,62.96773704927905,0,written,True
baseline,main,social_force,francis2023_perpendicular_traffic,1003,False,timeout,terminated,400,600,0,1.0205064283568936,62.7879446943197,0,written,True
baseline,main,social_force,francis2023_circular_crossing,1001,False,timeout,terminated,400,600,0,3.3928506006763786,11.692487676214807,0,written,True
baseline,main,social_force,francis2023_circular_crossing,1002,False,timeout,terminated,400,600,0,3.7494137613119487,22.15912085453734,0,written,True
baseline,main,social_force,francis2023_circular_crossing,1003,False,timeout,terminated,400,600,0,3.207496437010922,11.02673085779861,0,written,True
baseline,main,social_force,francis2023_robot_crowding,1001,False,timeout,terminated,400,600,0,3.3928506006763786,11.692487676214807,0,written,True
baseline,main,social_force,francis2023_robot_crowding,1002,False,timeout,terminated,400,600,0,3.7494137613119487,22.15912085453734,0,written,True
baseline,main,social_force,francis2023_robot_crowding,1003,False,timeout,terminated,400,600,0,3.207496437010922,11.02673085779861,0,written,True
baseline,main,socnav_sampling,classic_bottleneck_low,1001,True,success,success,109,600,0,1.5029591081687343,19.79500000000001,0,written,True
baseline,main,socnav_sampling,classic_bottleneck_low,1002,False,collision,collision,19,600,1,0.9666196974101184,1.799999999999991,0,written,True
baseline,main,socnav_sampling,classic_bottleneck_low,1003,True,success,success,111,600,0,1.8542863189220526,20.194999999999993,0,written,True
baseline,main,socnav_sampling,classic_bottleneck_medium,1001,True,success,success,109,600,0,1.5029591081687343,19.79500000000001,0,written,True
baseline,main,socnav_sampling,classic_bottleneck_medium,1002,False,collision,collision,19,600,1,0.9666196974101184,1.799999999999991,0,written,True
baseline,main,socnav_sampling,classic_bottleneck_medium,1003,True,success,success,111,600,0,1.8542863189220526,20.194999999999993,0,written,True
baseline,main,socnav_sampling,classic_bottleneck_high,1001,True,success,success,109,600,0,1.5029591081687343,19.79500000000001,0,written,True
baseline,main,socnav_sampling,classic_bottleneck_high,1002,False,collision,collision,19,600,1,0.9666196974101184,1.799999999999991,0,written,True
baseline,main,socnav_sampling,classic_bottleneck_high,1003,True,success,success,111,600,0,1.8542863189220526,20.194999999999993,0,written,True
baseline,main,socnav_sampling,classic_realworld_double_bottleneck_high,1001,True,success,success,246,600,0,1.9584496552223025,47.1895008046951,0,written,True
baseline,main,socnav_sampling,classic_realworld_double_bottleneck_high,1002,True,success,success,243,600,0,1.9729387131664877,46.59499999999996,0,written,True
baseline,main,socnav_sampling,classic_realworld_double_bottleneck_high,1003,True,success,success,248,600,0,1.970462697948343,47.301406878373754,0,written,True
baseline,main,socnav_sampling,classic_station_platform_medium,1001,True,success,success,451,600,0,2.074823439178597,88.15871982484985,0,written,True
baseline,main,socnav_sampling,classic_station_platform_medium,1002,True,success,success,447,600,0,2.549240171828601,87.37208949918957,0,written,True
baseline,main,socnav_sampling,classic_station_platform_medium,1003,True,success,success,453,600,0,2.3165171192237564,88.40524166488812,0,written,True
baseline,main,socnav_sampling,classic_cross_trap_low,1001,False,collision,collision,99,600,1,0.9879677066092262,17.79500000000001,0,written,True
baseline,main,socnav_sampling,classic_cross_trap_low,1002,False,collision,collision,95,600,1,0.9808700302931513,16.995,0,written,True
baseline,main,socnav_sampling,classic_cross_trap_low,1003,False,collision,collision,98,600,1,0.992523451852154,17.595000000000002,0,written,True
baseline,main,socnav_sampling,classic_cross_trap_medium,1001,False,collision,collision,99,600,1,0.9879677066092262,17.79500000000001,0,written,True
baseline,main,socnav_sampling,classic_cross_trap_medium,1002,False,collision,collision,95,600,1,0.9808700302931513,16.995,0,written,True
baseline,main,socnav_sampling,classic_cross_trap_medium,1003,False,collision,collision,98,600,1,0.992523451852154,17.595000000000002,0,written,True
baseline,main,socnav_sampling,classic_cross_trap_high,1001,False,collision,collision,99,600,1,0.9879677066092262,17.79500000000001,0,written,True
baseline,main,socnav_sampling,classic_cross_trap_high,1002,False,collision,collision,95,600,1,0.9808700302931513,16.995,0,written,True
baseline,main,socnav_sampling,classic_cross_trap_high,1003,False,collision,collision,98,600,1,0.992523451852154,17.595000000000002,0,written,True
baseline,main,socnav_sampling,classic_doorway_low,1001,False,collision,collision,42,600,1,0.9281165704471759,6.395000000000008,0,written,True
baseline,main,socnav_sampling,classic_doorway_low,1002,True,success,success,74,600,0,1.1378139464935508,12.66597323631999,0,written,True
baseline,main,socnav_sampling,classic_doorway_low,1003,True,success,success,68,600,0,1.0330163736253286,11.592880333800165,0,written,True
baseline,main,socnav_sampling,classic_doorway_medium,1001,False,collision,collision,42,600,1,0.9281165704471759,6.395000000000008,0,written,True
baseline,main,socnav_sampling,classic_doorway_medium,1002,True,success,success,74,600,0,1.1378139464935508,12.66597323631999,0,written,True
baseline,main,socnav_sampling,classic_doorway_medium,1003,True,success,success,68,600,0,1.0330163736253286,11.592880333800165,0,written,True
baseline,main,socnav_sampling,classic_doorway_high,1001,False,collision,collision,42,600,1,0.9281165704471759,6.395000000000008,0,written,True
baseline,main,socnav_sampling,classic_doorway_high,1002,True,success,success,74,600,0,1.1378139464935508,12.66597323631999,0,written,True
baseline,main,socnav_sampling,classic_doorway_high,1003,True,success,success,68,600,0,1.0330163736253286,11.592880333800165,0,written,True
baseline,main,socnav_sampling,classic_group_crossing_low,1001,True,success,success,92,600,0,1.822875610878517,16.39372840434322,0,written,True
baseline,main,socnav_sampling,classic_group_crossing_low,1002,True,success,success,88,600,0,2.069307938860648,15.595,0,written,True
baseline,main,socnav_sampling,classic_group_crossing_low,1003,True,success,success,94,600,0,2.159722877712968,16.69398960332809,0,written,True
baseline,main,socnav_sampling,classic_group_crossing_medium,1001,True,success,success,92,600,0,1.822875610878517,16.39372840434322,0,written,True
baseline,main,socnav_sampling,classic_group_crossing_medium,1002,True,success,success,88,600,0,2.069307938860648,15.595,0,written,True
baseline,main,socnav_sampling,classic_group_crossing_medium,1003,True,success,success,94,600,0,2.159722877712968,16.69398960332809,0,written,True
baseline,main,socnav_sampling,classic_group_crossing_high,1001,True,success,success,92,600,0,1.822875610878517,16.39372840434322,0,written,True
baseline,main,socnav_sampling,classic_group_crossing_high,1002,True,success,success,88,600,0,2.069307938860648,15.595,0,written,True
baseline,main,socnav_sampling,classic_group_crossing_high,1003,True,success,success,94,600,0,2.159722877712968,16.69398960332809,0,written,True
baseline,main,socnav_sampling,classic_head_on_corridor_low,1001,False,collision,collision,1,600,1,0.9198601309820914,0.0,0,written,True
baseline,main,socnav_sampling,classic_head_on_corridor_low,1002,True,success,success,162,600,0,1.5656944276878146,30.389080809603097,0,written,True
baseline,main,socnav_sampling,classic_head_on_corridor_low,1003,True,success,success,163,600,0,1.2607723921418208,30.30109184653012,0,written,True
baseline,main,socnav_sampling,classic_head_on_corridor_medium,1001,False,collision,collision,1,600,1,0.9198601309820914,0.0,0,written,True
baseline,main,socnav_sampling,classic_head_on_corridor_medium,1002,True,success,success,162,600,0,1.5656944276878146,30.389080809603097,0,written,True
baseline,main,socnav_sampling,classic_head_on_corridor_medium,1003,True,success,success,163,600,0,1.2607723921418208,30.30109184653012,0,written,True
baseline,main,socnav_sampling,classic_merging_low,1001,True,success,success,380,600,0,1.673531295719299,73.95903540605079,0,written,True
baseline,main,socnav_sampling,classic_merging_low,1002,True,success,success,377,600,0,1.675230535103264,73.3546742054595,0,written,True
baseline,main,socnav_sampling,classic_merging_low,1003,True,success,success,381,600,0,1.6740327437244464,73.76328353131407,0,written,True
baseline,main,socnav_sampling,classic_merging_medium,1001,True,success,success,380,600,0,1.673531295719299,73.95903540605079,0,written,True
baseline,main,socnav_sampling,classic_merging_medium,1002,True,success,success,377,600,0,1.675230535103264,73.3546742054595,0,written,True
baseline,main,socnav_sampling,classic_merging_medium,1003,True,success,success,381,600,0,1.6740327437244464,73.76328353131407,0,written,True
baseline,main,socnav_sampling,classic_overtaking_low,1001,True,success,success,194,600,0,1.2267355563874296,36.76388574382171,0,written,True
baseline,main,socnav_sampling,classic_overtaking_low,1002,True,success,success,195,600,0,1.2429751189085971,36.90094661951699,0,written,True
baseline,main,socnav_sampling,classic_overtaking_low,1003,True,success,success,192,600,0,1.2615421334855355,36.07047898309214,0,written,True
baseline,main,socnav_sampling,classic_overtaking_medium,1001,True,success,success,194,600,0,1.2267355563874296,36.76388574382171,0,written,True
baseline,main,socnav_sampling,classic_overtaking_medium,1002,True,success,success,195,600,0,1.2429751189085971,36.90094661951699,0,written,True
baseline,main,socnav_sampling,classic_overtaking_medium,1003,True,success,success,192,600,0,1.2615421334855355,36.07047898309214,0,written,True
baseline,main,socnav_sampling,classic_t_intersection_low,1001,True,success,success,132,600,0,1.9638362896916428,24.395000000000014,0,written,True
baseline,main,socnav_sampling,classic_t_intersection_low,1002,True,success,success,136,600,0,1.3050524847448521,25.194999999999997,0,written,True
baseline,main,socnav_sampling,classic_t_intersection_low,1003,True,success,success,134,600,0,1.518686414760355,24.61500000000001,0,written,True
baseline,main,socnav_sampling,classic_t_intersection_medium,1001,True,success,success,132,600,0,1.9638362896916428,24.395000000000014,0,written,True
baseline,main,socnav_sampling,classic_t_intersection_medium,1002,True,success,success,136,600,0,1.3050524847448521,25.194999999999997,0,written,True
baseline,main,socnav_sampling,classic_t_intersection_medium,1003,True,success,success,134,600,0,1.518686414760355,24.61500000000001,0,written,True
baseline,main,socnav_sampling,classic_urban_crossing_medium,1001,True,success,success,160,600,0,1.104814551548642,29.99500000000001,0,written,True
baseline,main,socnav_sampling,classic_urban_crossing_medium,1002,True,success,success,153,600,0,1.7323193156297831,28.595000000000006,0,written,True
baseline,main,socnav_sampling,classic_urban_crossing_medium,1003,True,success,success,161,600,0,1.4225309763318605,30.015,0,written,True
baseline,main,socnav_sampling,francis2023_frontal_approach,1001,True,success,success,169,600,0,2.9602681722315785,31.71797357215205,0,written,True
baseline,main,socnav_sampling,francis2023_frontal_approach,1002,True,success,success,167,600,0,2.8984584785884344,31.375000000000004,0,written,True
baseline,main,socnav_sampling,francis2023_frontal_approach,1003,True,success,success,172,600,0,2.987111201885729,31.895000000000007,0,written,True
baseline,main,socnav_sampling,francis2023_pedestrian_obstruction,1001,True,success,success,169,600,0,2.9602681722315785,31.71797357215205,0,written,True
baseline,main,socnav_sampling,francis2023_pedestrian_obstruction,1002,True,success,success,167,600,0,2.8984584785884344,31.375000000000004,0,written,True
baseline,main,socnav_sampling,francis2023_pedestrian_obstruction,1003,True,success,success,172,600,0,2.987111201885729,31.895000000000007,0,written,True
baseline,main,socnav_sampling,francis2023_pedestrian_overtaking,1001,True,success,success,169,600,0,2.9602681722315785,31.71797357215205,0,written,True
baseline,main,socnav_sampling,francis2023_pedestrian_overtaking,1002,True,success,success,167,600,0,2.8984584785884344,31.375000000000004,0,written,True
baseline,main,socnav_sampling,francis2023_pedestrian_overtaking,1003,True,success,success,172,600,0,2.987111201885729,31.895000000000007,0,written,True
baseline,main,socnav_sampling,francis2023_robot_overtaking,1001,True,success,success,169,600,0,2.9602681722315785,31.71797357215205,0,written,True
baseline,main,socnav_sampling,francis2023_robot_overtaking,1002,True,success,success,167,600,0,2.8984584785884344,31.375000000000004,0,written,True
baseline,main,socnav_sampling,francis2023_robot_overtaking,1003,True,success,success,172,600,0,2.987111201885729,31.895000000000007,0,written,True
baseline,main,socnav_sampling,francis2023_down_path,1001,True,success,success,164,600,0,2.0009779892032706,30.714999999999986,0,written,True
baseline,main,socnav_sampling,francis2023_down_path,1002,True,success,success,162,600,0,1.9695040203878438,30.374999999999996,0,written,True
baseline,main,socnav_sampling,francis2023_down_path,1003,True,success,success,167,600,0,1.687525119726145,30.894999999999996,0,written,True
baseline,main,socnav_sampling,francis2023_intersection_no_gesture,1001,True,success,success,119,600,0,1.0494111967376267,21.71884368021809,0,written,True
baseline,main,socnav_sampling,francis2023_intersection_no_gesture,1002,True,success,success,117,600,0,1.379029300611191,21.375000000000004,0,written,True
baseline,main,socnav_sampling,francis2023_intersection_no_gesture,1003,True,success,success,122,600,0,1.2265729698158263,21.89499999999999,0,written,True
baseline,main,socnav_sampling,francis2023_blind_corner,1001,True,success,success,230,600,0,1.0494111967376267,43.805000000000035,0,written,True
baseline,main,socnav_sampling,francis2023_blind_corner,1002,True,success,success,227,600,0,1.359466420868369,43.26327133791546,0,written,True
baseline,main,socnav_sampling,francis2023_blind_corner,1003,True,success,success,230,600,0,1.2265729698158263,43.96716305641338,0,written,True
baseline,main,socnav_sampling,francis2023_narrow_hallway,1001,True,success,success,119,600,0,1.0494111967376258,21.718843676050987,0,written,True
baseline,main,socnav_sampling,francis2023_narrow_hallway,1002,True,success,success,117,600,0,1.3790292994567255,21.375000000000007,0,written,True
baseline,main,socnav_sampling,francis2023_narrow_hallway,1003,True,success,success,122,600,0,1.2265729698158263,21.894999999999992,0,written,True
baseline,main,socnav_sampling,francis2023_narrow_doorway,1001,False,collision,collision,62,600,1,0.9597705965732797,10.395000000000005,0,written,True
baseline,main,socnav_sampling,francis2023_narrow_doorway,1002,False,collision,collision,59,600,1,0.9756245623153248,9.795000000000005,0,written,True
baseline,main,socnav_sampling,francis2023_narrow_doorway,1003,False,collision,collision,63,600,1,0.9688229388150322,10.595000000000002,0,written,True
baseline,main,socnav_sampling,francis2023_entering_room,1001,False,collision,collision,58,600,1,0.9759914072765574,9.594999999999995,0,written,True
baseline,main,socnav_sampling,francis2023_entering_room,1002,False,collision,collision,57,600,1,1.005841324961404,9.395,0,written,True
baseline,main,socnav_sampling,francis2023_entering_room,1003,False,collision,collision,59,600,1,0.9783103412193107,9.794999999999996,0,written,True
baseline,main,socnav_sampling,francis2023_exiting_room,1001,False,collision,collision,42,600,1,0.9613311874752903,6.395000000000007,0,written,True
baseline,main,socnav_sampling,francis2023_exiting_room,1002,False,collision,collision,44,600,1,0.9799777077926456,6.795000000000002,0,written,True
baseline,main,socnav_sampling,francis2023_exiting_room,1003,False,collision,collision,41,600,1,0.9687357076754567,6.194999999999997,0,written,True
baseline,main,socnav_sampling,francis2023_entering_elevator,1001,False,collision,collision,48,600,1,0.9586440224198998,7.595000000000005,0,written,True
baseline,main,socnav_sampling,francis2023_entering_elevator,1002,False,collision,collision,47,600,1,0.9984812809663851,7.3950000000000005,0,written,True
baseline,main,socnav_sampling,francis2023_entering_elevator,1003,False,collision,collision,48,600,1,0.9992666371764095,7.594999999999998,0,written,True
baseline,main,socnav_sampling,francis2023_exiting_elevator,1001,True,success,success,69,600,0,1.0528129847722418,11.55,0,written,True
baseline,main,socnav_sampling,francis2023_exiting_elevator,1002,True,success,success,72,600,0,1.1689720360654139,11.829431560660709,0,written,True
baseline,main,socnav_sampling,francis2023_exiting_elevator,1003,True,success,success,67,600,0,1.2181335064821786,11.364360218993161,0,written,True
baseline,main,socnav_sampling,francis2023_intersection_wait,1001,True,success,success,119,600,0,1.0494111967376267,21.71884368021809,0,written,True
baseline,main,socnav_sampling,francis2023_intersection_wait,1002,True,success,success,117,600,0,1.379029300611191,21.375000000000004,0,written,True
baseline,main,socnav_sampling,francis2023_intersection_wait,1003,True,success,success,122,600,0,1.2265729698158263,21.89499999999999,0,written,True
baseline,main,socnav_sampling,francis2023_intersection_proceed,1001,True,success,success,119,600,0,1.0494111967376267,21.71884368021809,0,written,True
baseline,main,socnav_sampling,francis2023_intersection_proceed,1002,True,success,success,117,600,0,1.379029300611191,21.375000000000004,0,written,True
baseline,main,socnav_sampling,francis2023_intersection_proceed,1003,True,success,success,122,600,0,1.2265729698158263,21.89499999999999,0,written,True
baseline,main,socnav_sampling,francis2023_following_human,1001,True,success,success,164,600,0,2.0009779892032706,30.714999999999986,0,written,True
baseline,main,socnav_sampling,francis2023_following_human,1002,True,success,success,162,600,0,1.9695040203878438,30.374999999999996,0,written,True
baseline,main,socnav_sampling,francis2023_following_human,1003,True,success,success,167,600,0,1.687525119726145,30.894999999999996,0,written,True
baseline,main,socnav_sampling,francis2023_leading_human,1001,True,success,success,164,600,0,2.0009779892032706,30.714999999999986,0,written,True
baseline,main,socnav_sampling,francis2023_leading_human,1002,True,success,success,162,600,0,1.9695040203878438,30.374999999999996,0,written,True
baseline,main,socnav_sampling,francis2023_leading_human,1003,True,success,success,167,600,0,1.687525119726145,30.894999999999996,0,written,True
baseline,main,socnav_sampling,francis2023_accompanying_peer,1001,True,success,success,164,600,0,2.0009779892032706,30.714999999999986,0,written,True
baseline,main,socnav_sampling,francis2023_accompanying_peer,1002,True,success,success,162,600,0,1.9695040203878438,30.374999999999996,0,written,True
baseline,main,socnav_sampling,francis2023_accompanying_peer,1003,True,success,success,167,600,0,1.687525119726145,30.894999999999996,0,written,True
baseline,main,socnav_sampling,francis2023_join_group,1001,True,success,success,69,600,0,2.967247468757582,11.720629159713907,0,written,True
baseline,main,socnav_sampling,francis2023_join_group,1002,True,success,success,67,600,0,2.9051643290432225,11.375000000000004,0,written,True
baseline,main,socnav_sampling,francis2023_join_group,1003,True,success,success,72,600,0,2.994381060829417,11.895,0,written,True
baseline,main,socnav_sampling,francis2023_leave_group,1001,True,success,success,69,600,0,2.967247468757582,11.720629159713907,0,written,True
baseline,main,socnav_sampling,francis2023_leave_group,1002,True,success,success,67,600,0,2.9051643290432225,11.375000000000004,0,written,True
baseline,main,socnav_sampling,francis2023_leave_group,1003,True,success,success,72,600,0,2.994381060829417,11.895,0,written,True
baseline,main,socnav_sampling,francis2023_crowd_navigation,1001,True,success,success,119,600,0,2.9615080701954724,21.71884368021809,0,written,True
baseline,main,socnav_sampling,francis2023_crowd_navigation,1002,True,success,success,117,600,0,2.899998313501277,21.375000000000004,0,written,True
baseline,main,socnav_sampling,francis2023_crowd_navigation,1003,True,success,success,122,600,0,2.9882216844427876,21.89499999999999,0,written,True
baseline,main,socnav_sampling,francis2023_parallel_traffic,1001,True,success,success,169,600,0,2.9602681722315785,31.71797357215205,0,written,True
baseline,main,socnav_sampling,francis2023_parallel_traffic,1002,True,success,success,167,600,0,2.8984584785884344,31.375000000000004,0,written,True
baseline,main,socnav_sampling,francis2023_parallel_traffic,1003,True,success,success,172,600,0,2.987111201885729,31.895000000000007,0,written,True
baseline,main,socnav_sampling,francis2023_perpendicular_traffic,1001,True,success,success,119,600,0,1.0494111967376267,21.71884368021809,0,written,True
baseline,main,socnav_sampling,francis2023_perpendicular_traffic,1002,True,success,success,117,600,0,1.379029300611191,21.375000000000004,0,written,True
baseline,main,socnav_sampling,francis2023_perpendicular_traffic,1003,True,success,success,122,600,0,1.2265729698158263,21.89499999999999,0,written,True
baseline,main,socnav_sampling,francis2023_circular_crossing,1001,True,success,success,69,600,0,2.967247468757582,11.720629159713907,0,written,True
baseline,main,socnav_sampling,francis2023_circular_crossing,1002,True,success,success,67,600,0,2.9051643290432225,11.375000000000004,0,written,True
baseline,main,socnav_sampling,francis2023_circular_crossing,1003,True,success,success,72,600,0,2.994381060829417,11.895,0,written,True
baseline,main,socnav_sampling,francis2023_robot_crowding,1001,True,success,success,69,600,0,2.967247468757582,11.720629159713907,0,written,True
baseline,main,socnav_sampling,francis2023_robot_crowding,1002,True,success,success,67,600,0,2.9051643290432225,11.375000000000004,0,written,True
baseline,main,socnav_sampling,francis2023_robot_crowding,1003,True,success,success,72,600,0,2.994381060829417,11.895,0,written,True
top,main,goal,classic_bottleneck_low,1001,True,success,success,203,500,0,1.5030080265499708,19.759800146079243,0,written,True
top,main,goal,classic_bottleneck_low,1002,False,collision,collision,23,500,1,0.977026690250868,1.7833347437397726,0,written,True
top,main,goal,classic_bottleneck_low,1003,True,success,success,238,500,0,2.0929194490603233,23.23637932062061,0,written,True
top,main,goal,classic_bottleneck_medium,1001,True,success,success,203,500,0,1.5030080265499708,19.759800146079243,0,written,True
top,main,goal,classic_bottleneck_medium,1002,False,collision,collision,23,500,1,0.977026690250868,1.7833347437397726,0,written,True
top,main,goal,classic_bottleneck_medium,1003,True,success,success,238,500,0,2.0929194490603233,23.23637932062061,0,written,True
top,main,goal,classic_bottleneck_high,1001,True,success,success,203,500,0,1.5030080265499708,19.759800146079243,0,written,True
top,main,goal,classic_bottleneck_high,1002,False,collision,collision,23,500,1,0.977026690250868,1.7833347437397726,0,written,True
top,main,goal,classic_bottleneck_high,1003,True,success,success,238,500,0,2.0929194490603233,23.23637932062061,0,written,True
top,main,goal,classic_realworld_double_bottleneck_high,1001,True,success,success,476,700,0,1.9073613963821,47.033192018042065,0,written,True
top,main,goal,classic_realworld_double_bottleneck_high,1002,True,success,success,471,700,0,1.934579877934547,46.45403437103931,0,written,True
top,main,goal,classic_realworld_double_bottleneck_high,1003,True,success,success,487,700,0,1.9505075987275882,47.92190725056676,0,written,True
top,main,goal,classic_station_platform_medium,1001,False,timeout,max_steps,650,650,0,2.074823439178597,63.318327022326464,0,written,True
top,main,goal,classic_station_platform_medium,1002,False,timeout,max_steps,650,650,0,2.549240171828601,63.325502556520675,0,written,True
top,main,goal,classic_station_platform_medium,1003,False,timeout,max_steps,650,650,0,2.6203101327453346,63.180550834708654,0,written,True
top,main,goal,classic_cross_trap_low,1001,False,collision,collision,180,600,1,0.9823031011167105,17.248707850894895,0,written,True
top,main,goal,classic_cross_trap_low,1002,False,collision,collision,172,600,1,0.9925249284341083,16.432521099052416,0,written,True
top,main,goal,classic_cross_trap_low,1003,False,collision,collision,151,600,1,0.9979820290664799,14.4118883025365,0,written,True
top,main,goal,classic_cross_trap_medium,1001,False,collision,collision,180,600,1,0.9823031011167105,17.248707850894895,0,written,True
top,main,goal,classic_cross_trap_medium,1002,False,collision,collision,172,600,1,0.9925249284341083,16.432521099052416,0,written,True
top,main,goal,classic_cross_trap_medium,1003,False,collision,collision,151,600,1,0.9979820290664799,14.4118883025365,0,written,True
top,main,goal,classic_cross_trap_high,1001,False,collision,collision,180,600,1,0.9823031011167105,17.248707850894895,0,written,True
top,main,goal,classic_cross_trap_high,1002,False,collision,collision,172,600,1,0.9925249284341083,16.432521099052416,0,written,True
top,main,goal,classic_cross_trap_high,1003,False,collision,collision,151,600,1,0.9979820290664799,14.4118883025365,0,written,True
top,main,goal,classic_doorway_low,1001,False,collision,collision,100,500,1,0.997738888525015,8.98432365039342,0,written,True
top,main,goal,classic_doorway_low,1002,False,collision,collision,107,500,1,0.9967392733788756,9.858992519969652,0,written,True
top,main,goal,classic_doorway_low,1003,False,collision,collision,61,500,1,0.9934199266788627,5.460789082378251,0,written,True
top,main,goal,classic_doorway_medium,1001,False,collision,collision,100,500,1,0.997738888525015,8.98432365039342,0,written,True
top,main,goal,classic_doorway_medium,1002,False,collision,collision,107,500,1,0.9967392733788756,9.858992519969652,0,written,True
top,main,goal,classic_doorway_medium,1003,False,collision,collision,61,500,1,0.9934199266788627,5.460789082378251,0,written,True
top,main,goal,classic_doorway_high,1001,False,collision,collision,100,500,1,0.997738888525015,8.98432365039342,0,written,True
top,main,goal,classic_doorway_high,1002,False,collision,collision,107,500,1,0.9967392733788756,9.858992519969652,0,written,True
top,main,goal,classic_doorway_high,1003,False,collision,collision,61,500,1,0.9934199266788627,5.460789082378251,0,written,True
top,main,goal,classic_group_crossing_low,1001,True,success,success,171,500,0,1.838921571483437,16.293367285812025,0,written,True
top,main,goal,classic_group_crossing_low,1002,True,success,success,161,500,0,2.064910082930061,15.402289650875312,0,written,True
top,main,goal,classic_group_crossing_low,1003,True,success,success,180,500,0,2.352731514783957,17.315438867548306,0,written,True
top,main,goal,classic_group_crossing_medium,1001,True,success,success,171,500,0,1.838921571483437,16.293367285812025,0,written,True
top,main,goal,classic_group_crossing_medium,1002,True,success,success,161,500,0,2.064910082930061,15.402289650875312,0,written,True
top,main,goal,classic_group_crossing_medium,1003,True,success,success,180,500,0,2.352731514783957,17.315438867548306,0,written,True
top,main,goal,classic_group_crossing_high,1001,True,success,success,171,500,0,1.838921571483437,16.293367285812025,0,written,True
top,main,goal,classic_group_crossing_high,1002,True,success,success,161,500,0,2.064910082930061,15.402289650875312,0,written,True
top,main,goal,classic_group_crossing_high,1003,True,success,success,180,500,0,2.352731514783957,17.315438867548306,0,written,True
top,main,goal,classic_head_on_corridor_low,1001,True,success,success,306,500,0,1.622035605766589,29.87250888264652,0,written,True
top,main,goal,classic_head_on_corridor_low,1002,True,success,success,308,500,0,1.5657354692752037,29.9961630264116,0,written,True
top,main,goal,classic_head_on_corridor_low,1003,True,success,success,276,500,0,4.402268035953148,27.099948630680775,0,written,True
top,main,goal,classic_head_on_corridor_medium,1001,True,success,success,306,500,0,1.622035605766589,29.87250888264652,0,written,True
top,main,goal,classic_head_on_corridor_medium,1002,True,success,success,308,500,0,1.5657354692752037,29.9961630264116,0,written,True
top,main,goal,classic_head_on_corridor_medium,1003,True,success,success,276,500,0,4.402268035953148,27.099948630680775,0,written,True
top,main,goal,classic_merging_low,1001,False,timeout,max_steps,600,600,0,1.245820560898116,55.9334846555775,0,written,True
top,main,goal,classic_merging_low,1002,False,timeout,max_steps,600,600,0,1.241354804328398,55.85240119509333,0,written,True
top,main,goal,classic_merging_low,1003,False,timeout,max_steps,600,600,0,1.2434273629504307,55.840655337528666,0,written,True
top,main,goal,classic_merging_medium,1001,False,timeout,max_steps,600,600,0,1.245820560898116,55.9334846555775,0,written,True
top,main,goal,classic_merging_medium,1002,False,timeout,max_steps,600,600,0,1.241354804328398,55.85240119509333,0,written,True
top,main,goal,classic_merging_medium,1003,False,timeout,max_steps,600,600,0,1.2434273629504307,55.840655337528666,0,written,True
top,main,goal,classic_overtaking_low,1001,False,collision,collision,306,600,1,0.9691115489747242,28.98182461658031,0,written,True
top,main,goal,classic_overtaking_low,1002,False,collision,collision,300,600,1,0.9846179437226606,28.200058800061157,0,written,True
top,main,goal,classic_overtaking_low,1003,False,collision,collision,264,600,1,0.9838669565412622,25.367453824428214,0,written,True
top,main,goal,classic_overtaking_medium,1001,False,collision,collision,306,600,1,0.9691115489747242,28.98182461658031,0,written,True
top,main,goal,classic_overtaking_medium,1002,False,collision,collision,300,600,1,0.9846179437226606,28.200058800061157,0,written,True
top,main,goal,classic_overtaking_medium,1003,False,collision,collision,264,600,1,0.9838669565412622,25.367453824428214,0,written,True
top,main,goal,classic_t_intersection_low,1001,False,collision,collision,133,500,1,0.9648584424011427,12.180384288402195,0,written,True
top,main,goal,classic_t_intersection_low,1002,False,collision,collision,145,500,1,0.9864639554543498,13.07790162686058,0,written,True
top,main,goal,classic_t_intersection_low,1003,False,collision,collision,169,500,1,0.9532429813729331,15.835184777396773,0,written,True
top,main,goal,classic_t_intersection_medium,1001,False,collision,collision,133,500,1,0.9648584424011427,12.180384288402195,0,written,True
top,main,goal,classic_t_intersection_medium,1002,False,collision,collision,145,500,1,0.9864639554543498,13.07790162686058,0,written,True
top,main,goal,classic_t_intersection_medium,1003,False,collision,collision,169,500,1,0.9532429813729331,15.835184777396773,0,written,True
top,main,goal,classic_urban_crossing_medium,1001,True,success,success,297,600,0,1.783669598797645,29.18379329989089,0,written,True
top,main,goal,classic_urban_crossing_medium,1002,True,success,success,291,600,0,1.7323193156297831,28.555303953696523,0,written,True
top,main,goal,classic_urban_crossing_medium,1003,True,success,success,316,600,0,1.4246506380143495,30.636387902038326,0,written,True
top,main,goal,francis2023_frontal_approach,1001,True,success,success,324,400,0,2.928882791831791,31.736926888799662,0,written,True
top,main,goal,francis2023_frontal_approach,1002,True,success,success,321,400,0,2.991926212338684,31.283962258804756,0,written,True
top,main,goal,francis2023_frontal_approach,1003,True,success,success,331,400,0,2.817230335631569,32.32083658801512,0,written,True
top,main,goal,francis2023_pedestrian_obstruction,1001,True,success,success,324,400,0,2.928882791831791,31.736926888799662,0,written,True
top,main,goal,francis2023_pedestrian_obstruction,1002,True,success,success,321,400,0,2.991926212338684,31.283962258804756,0,written,True
top,main,goal,francis2023_pedestrian_obstruction,1003,True,success,success,331,400,0,2.817230335631569,32.32083658801512,0,written,True
top,main,goal,francis2023_pedestrian_overtaking,1001,True,success,success,456,600,0,2.992041297284841,31.67499999999997,0,written,True
top,main,goal,francis2023_pedestrian_overtaking,1002,True,success,success,452,600,0,2.973601848008297,31.319239565095927,0,written,True
top,main,goal,francis2023_pedestrian_overtaking,1003,True,success,success,465,600,0,2.809878859118955,32.30306139113365,0,written,True
top,main,goal,francis2023_robot_overtaking,1001,True,success,success,324,400,0,2.928882791831791,31.736926888799662,0,written,True
top,main,goal,francis2023_robot_overtaking,1002,True,success,success,321,400,0,2.991926212338684,31.283962258804756,0,written,True
top,main,goal,francis2023_robot_overtaking,1003,True,success,success,331,400,0,2.817230335631569,32.32083658801512,0,written,True
top,main,goal,francis2023_down_path,1001,True,success,success,312,400,0,1.9958193445860557,30.670834992338236,0,written,True
top,main,goal,francis2023_down_path,1002,True,success,success,311,400,0,2.016526702120735,30.28933718765455,0,written,True
top,main,goal,francis2023_down_path,1003,True,success,success,324,400,0,1.8739656733423842,31.461548501186666,0,written,True
top,main,goal,francis2023_intersection_no_gesture,1001,True,success,success,222,400,0,1.3918006783214079,21.60597371129911,0,written,True
top,main,goal,francis2023_intersection_no_gesture,1002,True,success,success,221,400,0,1.379029300611191,21.28661673967909,0,written,True
top,main,goal,francis2023_intersection_no_gesture,1003,True,success,success,231,400,0,1.8415638272411337,22.323535622981932,0,written,True
top,main,goal,francis2023_blind_corner,1001,False,timeout,max_steps,400,400,0,1.3918006783214043,38.62743866983172,0,written,True
top,main,goal,francis2023_blind_corner,1002,False,timeout,max_steps,400,400,0,1.3803897726212893,38.60968194798675,0,written,True
top,main,goal,francis2023_blind_corner,1003,False,timeout,max_steps,400,400,0,2.0103379136860187,38.89444995660112,0,written,True
top,main,goal,francis2023_narrow_hallway,1001,True,success,success,222,400,0,1.391800678321407,21.60597383151749,0,written,True
top,main,goal,francis2023_narrow_hallway,1002,True,success,success,221,400,0,1.3790292994567255,21.2866166002543,0,written,True
top,main,goal,francis2023_narrow_hallway,1003,True,success,success,231,400,0,1.2181335060129097,22.32353561842569,0,written,True
top,main,goal,francis2023_narrow_doorway,1001,False,collision,collision,107,400,1,0.9513586440359282,10.069099693672857,0,written,True
top,main,goal,francis2023_narrow_doorway,1002,False,collision,collision,102,400,1,0.9977862004639406,9.643000632207958,0,written,True
top,main,goal,francis2023_narrow_doorway,1003,False,collision,collision,113,400,1,0.9866875230265816,10.693098943635945,0,written,True
top,main,goal,francis2023_entering_room,1001,True,success,success,165,400,0,1.745596498965307,15.744579914698104,0,written,True
top,main,goal,francis2023_entering_room,1002,True,success,success,162,400,0,1.7407870619500563,15.332955060834212,0,written,True
top,main,goal,francis2023_entering_room,1003,True,success,success,172,400,0,1.6781105439582278,16.397721602779583,0,written,True
top,main,goal,francis2023_exiting_room,1001,True,success,success,183,400,0,1.7354618609306414,17.482005057847978,0,written,True
top,main,goal,francis2023_exiting_room,1002,True,success,success,186,400,0,1.7279328012147037,17.82246246467156,0,written,True
top,main,goal,francis2023_exiting_room,1003,True,success,success,178,400,0,1.6483137242436048,17.103956055243465,0,written,True
top,main,goal,francis2023_entering_elevator,1001,True,success,success,104,400,0,1.981476748465045,9.693997941500742,0,written,True
top,main,goal,francis2023_entering_elevator,1002,True,success,success,102,400,0,1.9862390484540815,9.335505261486494,0,written,True
top,main,goal,francis2023_entering_elevator,1003,True,success,success,111,400,0,2.089254427020757,10.310255125891265,0,written,True
top,main,goal,francis2023_exiting_elevator,1001,True,success,success,120,400,0,1.4479003579886585,11.462600772354195,0,written,True
top,main,goal,francis2023_exiting_elevator,1002,True,success,success,123,400,0,1.6695326559864125,11.789043318020637,0,written,True
top,main,goal,francis2023_exiting_elevator,1003,True,success,success,117,400,0,1.6171859297722326,10.923393825706,0,written,True
top,main,goal,francis2023_intersection_wait,1001,True,success,success,222,400,0,1.3918006783214079,21.60597371129911,0,written,True
top,main,goal,francis2023_intersection_wait,1002,True,success,success,221,400,0,1.379029300611191,21.28661673967909,0,written,True
top,main,goal,francis2023_intersection_wait,1003,True,success,success,231,400,0,1.8415638272411337,22.323535622981932,0,written,True
top,main,goal,francis2023_intersection_proceed,1001,True,success,success,222,400,0,1.3918006783214079,21.60597371129911,0,written,True
top,main,goal,francis2023_intersection_proceed,1002,True,success,success,221,400,0,1.379029300611191,21.28661673967909,0,written,True
top,main,goal,francis2023_intersection_proceed,1003,True,success,success,231,400,0,1.8415638272411337,22.323535622981932,0,written,True
top,main,goal,francis2023_following_human,1001,True,success,success,312,400,0,1.9958193445860557,30.670834992338236,0,written,True
top,main,goal,francis2023_following_human,1002,True,success,success,311,400,0,2.016526702120735,30.28933718765455,0,written,True
top,main,goal,francis2023_following_human,1003,True,success,success,324,400,0,1.8739656733423842,31.461548501186666,0,written,True
top,main,goal,francis2023_leading_human,1001,True,success,success,312,400,0,1.9958193445860557,30.670834992338236,0,written,True
top,main,goal,francis2023_leading_human,1002,True,success,success,311,400,0,2.016526702120735,30.28933718765455,0,written,True
top,main,goal,francis2023_leading_human,1003,True,success,success,324,400,0,1.8739656733423842,31.461548501186666,0,written,True
top,main,goal,francis2023_accompanying_peer,1001,True,success,success,312,400,0,1.9958193445860557,30.670834992338236,0,written,True
top,main,goal,francis2023_accompanying_peer,1002,True,success,success,311,400,0,2.016526702120735,30.28933718765455,0,written,True
top,main,goal,francis2023_accompanying_peer,1003,True,success,success,324,400,0,1.8739656733423842,31.461548501186666,0,written,True
top,main,goal,francis2023_join_group,1001,True,success,success,124,400,0,2.9263295750132565,11.749202085114314,0,written,True
top,main,goal,francis2023_join_group,1002,True,success,success,121,400,0,2.989253301900663,11.293873559032951,0,written,True
top,main,goal,francis2023_join_group,1003,True,success,success,131,400,0,2.817230335631569,12.33052232834174,0,written,True
top,main,goal,francis2023_leave_group,1001,True,success,success,124,400,0,2.9263295750132565,11.749202085114314,0,written,True
top,main,goal,francis2023_leave_group,1002,True,success,success,121,400,0,2.989253301900663,11.293873559032951,0,written,True
top,main,goal,francis2023_leave_group,1003,True,success,success,131,400,0,2.817230335631569,12.33052232834174,0,written,True
top,main,goal,francis2023_crowd_navigation,1001,True,success,success,224,400,0,2.928063873295669,21.740313859662344,0,written,True
top,main,goal,francis2023_crowd_navigation,1002,True,success,success,221,400,0,2.9911744282881507,21.28661673967909,0,written,True
top,main,goal,francis2023_crowd_navigation,1003,True,success,success,231,400,0,2.817230335631569,22.323535622981932,0,written,True
top,main,goal,francis2023_parallel_traffic,1001,True,success,success,324,400,0,2.928882791831791,31.736926888799662,0,written,True
top,main,goal,francis2023_parallel_traffic,1002,True,success,success,321,400,0,2.991926212338684,31.283962258804756,0,written,True
top,main,goal,francis2023_parallel_traffic,1003,True,success,success,331,400,0,2.817230335631569,32.32083658801512,0,written,True
top,main,goal,francis2023_perpendicular_traffic,1001,True,success,success,222,400,0,1.3918006783214079,21.60597371129911,0,written,True
top,main,goal,francis2023_perpendicular_traffic,1002,True,success,success,221,400,0,1.379029300611191,21.28661673967909,0,written,True
top,main,goal,francis2023_perpendicular_traffic,1003,True,success,success,231,400,0,1.8415638272411337,22.323535622981932,0,written,True
top,main,goal,francis2023_circular_crossing,1001,True,success,success,124,400,0,2.9263295750132565,11.749202085114314,0,written,True
top,main,goal,francis2023_circular_crossing,1002,True,success,success,121,400,0,2.989253301900663,11.293873559032951,0,written,True
top,main,goal,francis2023_circular_crossing,1003,True,success,success,131,400,0,2.817230335631569,12.33052232834174,0,written,True
top,main,goal,francis2023_robot_crowding,1001,True,success,success,124,400,0,2.9263295750132565,11.749202085114314,0,written,True
top,main,goal,francis2023_robot_crowding,1002,True,success,success,121,400,0,2.989253301900663,11.293873559032951,0,written,True
top,main,goal,francis2023_robot_crowding,1003,True,success,success,131,400,0,2.817230335631569,12.33052232834174,0,written,True
top,main,guarded_ppo,classic_bottleneck_low,1001,True,success,success,204,500,0,1.6012584641082162,19.870000174045558,0,written,True
top,main,guarded_ppo,classic_bottleneck_low,1002,True,success,success,212,500,0,1.6794599009097229,21.19000011444097,0,written,True
top,main,guarded_ppo,classic_bottleneck_low,1003,True,success,success,244,500,0,1.9296617883350569,23.410000057220486,0,written,True
top,main,guarded_ppo,classic_bottleneck_medium,1001,True,success,success,204,500,0,1.6012584641082162,19.870000174045558,0,written,True
top,main,guarded_ppo,classic_bottleneck_medium,1002,True,success,success,212,500,0,1.6794599009097229,21.19000011444097,0,written,True
top,main,guarded_ppo,classic_bottleneck_medium,1003,True,success,success,244,500,0,1.9296617883350569,23.410000057220486,0,written,True
top,main,guarded_ppo,classic_bottleneck_high,1001,True,success,success,204,500,0,1.6012584641082162,19.870000174045558,0,written,True
top,main,guarded_ppo,classic_bottleneck_high,1002,True,success,success,212,500,0,1.6794599009097229,21.19000011444097,0,written,True
top,main,guarded_ppo,classic_bottleneck_high,1003,True,success,success,244,500,0,1.9296617883350569,23.410000057220486,0,written,True
top,main,guarded_ppo,classic_realworld_double_bottleneck_high,1001,True,success,success,344,700,0,1.6583356249162555,50.64000035285948,0,written,True
top,main,guarded_ppo,classic_realworld_double_bottleneck_high,1002,True,success,success,341,700,0,1.3180453531616187,50.830000243186994,0,written,True
top,main,guarded_ppo,classic_realworld_double_bottleneck_high,1003,True,success,success,308,700,0,1.334208799413842,49.41000021457664,0,written,True
top,main,guarded_ppo,classic_station_platform_medium,1001,False,timeout,max_steps,650,650,0,1.5093029812336902,99.30000153899196,0,written,True
top,main,guarded_ppo,classic_station_platform_medium,1002,False,timeout,max_steps,650,650,0,1.5244226956699758,104.56500073671336,0,written,True
top,main,guarded_ppo,classic_station_platform_medium,1003,True,success,success,554,650,0,2.6203101327453346,96.3000005030631,0,written,True
top,main,guarded_ppo,classic_cross_trap_low,1001,True,success,success,309,600,0,1.3768843879721573,57.0443223632872,0,written,True
top,main,guarded_ppo,classic_cross_trap_low,1002,True,success,success,270,600,0,1.961473095267827,47.19000032901765,0,written,True
top,main,guarded_ppo,classic_cross_trap_low,1003,True,success,success,372,600,0,1.3614387724135706,69.20000014305111,0,written,True
top,main,guarded_ppo,classic_cross_trap_medium,1001,True,success,success,309,600,0,1.3768843879721573,57.0443223632872,0,written,True
top,main,guarded_ppo,classic_cross_trap_medium,1002,True,success,success,270,600,0,1.961473095267827,47.19000032901765,0,written,True
top,main,guarded_ppo,classic_cross_trap_medium,1003,True,success,success,372,600,0,1.3614387724135706,69.20000014305111,0,written,True
top,main,guarded_ppo,classic_cross_trap_high,1001,True,success,success,309,600,0,1.3768843879721573,57.0443223632872,0,written,True
top,main,guarded_ppo,classic_cross_trap_high,1002,True,success,success,270,600,0,1.961473095267827,47.19000032901765,0,written,True
top,main,guarded_ppo,classic_cross_trap_high,1003,True,success,success,372,600,0,1.3614387724135706,69.20000014305111,0,written,True
top,main,guarded_ppo,classic_doorway_low,1001,True,success,success,214,500,0,1.3136494749231884,26.825879212468855,0,written,True
top,main,guarded_ppo,classic_doorway_low,1002,True,success,success,111,500,0,1.3033383467687945,13.67000010013579,0,written,True
top,main,guarded_ppo,classic_doorway_low,1003,True,success,success,117,500,0,1.3315317308959431,11.660000057220442,0,written,True
top,main,guarded_ppo,classic_doorway_medium,1001,True,success,success,214,500,0,1.3136494749231884,26.825879212468855,0,written,True
top,main,guarded_ppo,classic_doorway_medium,1002,True,success,success,111,500,0,1.3033383467687945,13.67000010013579,0,written,True
top,main,guarded_ppo,classic_doorway_medium,1003,True,success,success,117,500,0,1.3315317308959431,11.660000057220442,0,written,True
top,main,guarded_ppo,classic_doorway_high,1001,True,success,success,214,500,0,1.3136494749231884,26.825879212468855,0,written,True
top,main,guarded_ppo,classic_doorway_high,1002,True,success,success,111,500,0,1.3033383467687945,13.67000010013579,0,written,True
top,main,guarded_ppo,classic_doorway_high,1003,True,success,success,117,500,0,1.3315317308959431,11.660000057220442,0,written,True
top,main,guarded_ppo,classic_group_crossing_low,1001,True,success,success,132,500,0,1.8440736231051105,16.410000252723687,0,written,True
top,main,guarded_ppo,classic_group_crossing_low,1002,True,success,success,127,500,0,2.0465456239480906,15.560000147819519,0,written,True
top,main,guarded_ppo,classic_group_crossing_low,1003,True,success,success,127,500,0,2.7263154511033076,17.68000015497206,0,written,True
top,main,guarded_ppo,classic_group_crossing_medium,1001,True,success,success,132,500,0,1.8440736231051105,16.410000252723687,0,written,True
top,main,guarded_ppo,classic_group_crossing_medium,1002,True,success,success,127,500,0,2.0465456239480906,15.560000147819519,0,written,True
top,main,guarded_ppo,classic_group_crossing_medium,1003,True,success,success,127,500,0,2.7263154511033076,17.68000015497206,0,written,True
top,main,guarded_ppo,classic_group_crossing_high,1001,True,success,success,132,500,0,1.8440736231051105,16.410000252723687,0,written,True
top,main,guarded_ppo,classic_group_crossing_high,1002,True,success,success,127,500,0,2.0465456239480906,15.560000147819519,0,written,True
top,main,guarded_ppo,classic_group_crossing_high,1003,True,success,success,127,500,0,2.7263154511033076,17.68000015497206,0,written,True
top,main,guarded_ppo,classic_head_on_corridor_low,1001,True,success,success,169,500,0,1.622035605766589,31.755,0,written,True
top,main,guarded_ppo,classic_head_on_corridor_low,1002,True,success,success,171,500,0,1.5657354692752037,32.20000000000002,0,written,True
top,main,guarded_ppo,classic_head_on_corridor_low,1003,True,success,success,153,500,0,4.402270193583012,28.58000000000002,0,written,True
top,main,guarded_ppo,classic_head_on_corridor_medium,1001,True,success,success,169,500,0,1.622035605766589,31.755,0,written,True
top,main,guarded_ppo,classic_head_on_corridor_medium,1002,True,success,success,171,500,0,1.5657354692752037,32.20000000000002,0,written,True
top,main,guarded_ppo,classic_head_on_corridor_medium,1003,True,success,success,153,500,0,4.402270193583012,28.58000000000002,0,written,True
top,main,guarded_ppo,classic_merging_low,1001,True,success,success,599,600,0,1.3070932449601318,86.75000071287153,0,written,True
top,main,guarded_ppo,classic_merging_low,1002,False,timeout,max_steps,600,600,0,1.3081047855078198,83.86330906659362,0,written,True
top,main,guarded_ppo,classic_merging_low,1003,True,success,success,515,600,0,1.305906269102537,75.79000053167343,0,written,True
top,main,guarded_ppo,classic_merging_medium,1001,True,success,success,599,600,0,1.3070932449601318,86.75000071287153,0,written,True
top,main,guarded_ppo,classic_merging_medium,1002,False,timeout,max_steps,600,600,0,1.3081047855078198,83.86330906659362,0,written,True
top,main,guarded_ppo,classic_merging_medium,1003,True,success,success,515,600,0,1.305906269102537,75.79000053167343,0,written,True
top,main,guarded_ppo,classic_overtaking_low,1001,True,success,success,291,600,0,1.3466800033114132,37.290000181198124,0,written,True
top,main,guarded_ppo,classic_overtaking_low,1002,True,success,success,352,600,0,1.321079122305556,49.36000022411346,0,written,True
top,main,guarded_ppo,classic_overtaking_low,1003,True,success,success,239,600,0,1.3620291819302908,34.79000044345859,0,written,True
top,main,guarded_ppo,classic_overtaking_medium,1001,True,success,success,291,600,0,1.3466800033114132,37.290000181198124,0,written,True
top,main,guarded_ppo,classic_overtaking_medium,1002,True,success,success,352,600,0,1.321079122305556,49.36000022411346,0,written,True
top,main,guarded_ppo,classic_overtaking_medium,1003,True,success,success,239,600,0,1.3620291819302908,34.79000044345859,0,written,True
top,main,guarded_ppo,classic_t_intersection_low,1001,True,success,success,250,500,0,1.498957754187884,23.175000157356184,0,written,True
top,main,guarded_ppo,classic_t_intersection_low,1002,True,success,success,265,500,0,1.3050524847448521,23.85500003337869,0,written,True
top,main,guarded_ppo,classic_t_intersection_low,1003,True,success,success,288,500,0,1.4669091583923355,26.65500012636189,0,written,True
top,main,guarded_ppo,classic_t_intersection_medium,1001,True,success,success,250,500,0,1.498957754187884,23.175000157356184,0,written,True
top,main,guarded_ppo,classic_t_intersection_medium,1002,True,success,success,265,500,0,1.3050524847448521,23.85500003337869,0,written,True
top,main,guarded_ppo,classic_t_intersection_medium,1003,True,success,success,288,500,0,1.4669091583923355,26.65500012636189,0,written,True
top,main,guarded_ppo,classic_urban_crossing_medium,1001,True,success,success,289,600,0,1.7835679030421951,29.175000231266086,0,written,True
top,main,guarded_ppo,classic_urban_crossing_medium,1002,True,success,success,265,600,0,1.7323193156297831,28.775000424385084,0,written,True
top,main,guarded_ppo,classic_urban_crossing_medium,1003,True,success,success,270,600,0,1.4246506380143495,30.710000550746923,0,written,True
top,main,guarded_ppo,francis2023_frontal_approach,1001,True,success,success,254,400,0,2.9442225821077685,31.73000001072888,0,written,True
top,main,guarded_ppo,francis2023_frontal_approach,1002,True,success,success,254,400,0,2.9478128342097687,31.35500054299833,0,written,True
top,main,guarded_ppo,francis2023_frontal_approach,1003,True,success,success,177,400,0,2.817230335631569,32.425000038146976,0,written,True
top,main,guarded_ppo,francis2023_pedestrian_obstruction,1001,True,success,success,254,400,0,2.9442225821077685,31.73000001072888,0,written,True
top,main,guarded_ppo,francis2023_pedestrian_obstruction,1002,True,success,success,254,400,0,2.9478128342097687,31.35500054299833,0,written,True
top,main,guarded_ppo,francis2023_pedestrian_obstruction,1003,True,success,success,177,400,0,2.817230335631569,32.425000038146976,0,written,True
top,main,guarded_ppo,francis2023_pedestrian_overtaking,1001,False,timeout,max_steps,600,600,0,2.352318662863254,41.75499999999986,0,written,True
top,main,guarded_ppo,francis2023_pedestrian_overtaking,1002,True,success,success,484,600,0,2.334461950238216,33.63499999999999,0,written,True
top,main,guarded_ppo,francis2023_pedestrian_overtaking,1003,False,timeout,max_steps,600,600,0,2.607367623612607,41.71499999999998,0,written,True
top,main,guarded_ppo,francis2023_robot_overtaking,1001,True,success,success,254,400,0,2.9442225821077685,31.73000001072888,0,written,True
top,main,guarded_ppo,francis2023_robot_overtaking,1002,True,success,success,254,400,0,2.9478128342097687,31.35500054299833,0,written,True
top,main,guarded_ppo,francis2023_robot_overtaking,1003,True,success,success,177,400,0,2.817230335631569,32.425000038146976,0,written,True
top,main,guarded_ppo,francis2023_down_path,1001,True,success,success,332,400,0,1.6534110175904246,32.82000024616729,0,written,True
top,main,guarded_ppo,francis2023_down_path,1002,True,success,success,326,400,0,1.5318475130564377,32.75500048398972,0,written,True
top,main,guarded_ppo,francis2023_down_path,1003,True,success,success,222,400,0,2.7986281022094444,31.785000209808324,0,written,True
top,main,guarded_ppo,francis2023_intersection_no_gesture,1001,True,success,success,223,400,0,1.3918006783214079,21.695000115633036,0,written,True
top,main,guarded_ppo,francis2023_intersection_no_gesture,1002,True,success,success,227,400,0,1.3802264316900739,21.47000010371207,0,written,True
top,main,guarded_ppo,francis2023_intersection_no_gesture,1003,True,success,success,207,400,0,2.120280248660362,22.335000134706434,0,written,True
top,main,guarded_ppo,francis2023_blind_corner,1001,False,timeout,max_steps,400,400,0,1.3918006783214043,37.88500032901767,0,written,True
top,main,guarded_ppo,francis2023_blind_corner,1002,False,timeout,max_steps,400,400,0,1.379995898479983,37.20500022172927,0,written,True
top,main,guarded_ppo,francis2023_blind_corner,1003,False,timeout,max_steps,400,400,0,2.030706419568681,38.43500015735631,0,written,True
top,main,guarded_ppo,francis2023_narrow_hallway,1001,True,success,success,241,400,0,1.391800678321407,21.57000005126001,0,written,True
top,main,guarded_ppo,francis2023_narrow_hallway,1002,True,success,success,249,400,0,1.3790899455318044,21.30000011861323,0,written,True
top,main,guarded_ppo,francis2023_narrow_hallway,1003,True,success,success,256,400,0,1.2170612183084377,22.280000020265454,0,written,True
top,main,guarded_ppo,francis2023_narrow_doorway,1001,False,timeout,max_steps,400,400,0,1.3870303915382312,9.640000023990858,0,written,True
top,main,guarded_ppo,francis2023_narrow_doorway,1002,False,timeout,max_steps,400,400,0,1.3819416079064812,9.290000089854018,0,written,True
top,main,guarded_ppo,francis2023_narrow_doorway,1003,False,timeout,max_steps,400,400,0,1.3908614547546352,10.250000067353243,0,written,True
top,main,guarded_ppo,francis2023_entering_room,1001,True,success,success,198,400,0,1.3154729680864947,30.770000269412982,0,written,True
top,main,guarded_ppo,francis2023_entering_room,1002,True,success,success,112,400,0,1.95567573155327,15.790000071525577,0,written,True
top,main,guarded_ppo,francis2023_entering_room,1003,True,success,success,125,400,0,1.7870437479902916,16.96000007152558,0,written,True
top,main,guarded_ppo,francis2023_exiting_room,1001,True,success,success,124,400,0,1.6472927838286222,17.995000109672553,0,written,True
top,main,guarded_ppo,francis2023_exiting_room,1002,True,success,success,125,400,0,1.3489886579611026,19.830000633001323,0,written,True
top,main,guarded_ppo,francis2023_exiting_room,1003,True,success,success,115,400,0,1.735794579802189,17.57500020921229,0,written,True
top,main,guarded_ppo,francis2023_entering_elevator,1001,True,success,success,93,400,0,1.3442903707416491,10.20000039219853,0,written,True
top,main,guarded_ppo,francis2023_entering_elevator,1002,True,success,success,91,400,0,1.614494484171575,9.570000103116046,0,written,True
top,main,guarded_ppo,francis2023_entering_elevator,1003,True,success,success,86,400,0,2.163822728575277,10.42000017166138,0,written,True
top,main,guarded_ppo,francis2023_exiting_elevator,1001,True,success,success,83,400,0,1.4479003579886585,12.399999999999995,0,written,True
top,main,guarded_ppo,francis2023_exiting_elevator,1002,True,success,success,91,400,0,1.6695324570003582,12.055000069141409,0,written,True
top,main,guarded_ppo,francis2023_exiting_elevator,1003,True,success,success,79,400,0,1.6171859297722326,10.98500007987022,0,written,True
top,main,guarded_ppo,francis2023_intersection_wait,1001,True,success,success,223,400,0,1.3918006783214079,21.695000115633036,0,written,True
top,main,guarded_ppo,francis2023_intersection_wait,1002,True,success,success,227,400,0,1.3802264316900739,21.47000010371207,0,written,True
top,main,guarded_ppo,francis2023_intersection_wait,1003,True,success,success,207,400,0,2.120280248660362,22.335000134706434,0,written,True
top,main,guarded_ppo,francis2023_intersection_proceed,1001,True,success,success,223,400,0,1.3918006783214079,21.695000115633036,0,written,True
top,main,guarded_ppo,francis2023_intersection_proceed,1002,True,success,success,227,400,0,1.3802264316900739,21.47000010371207,0,written,True
top,main,guarded_ppo,francis2023_intersection_proceed,1003,True,success,success,207,400,0,2.120280248660362,22.335000134706434,0,written,True
top,main,guarded_ppo,francis2023_following_human,1001,True,success,success,332,400,0,1.6534110175904246,32.82000024616729,0,written,True
top,main,guarded_ppo,francis2023_following_human,1002,True,success,success,326,400,0,1.5318475130564377,32.75500048398972,0,written,True
top,main,guarded_ppo,francis2023_following_human,1003,True,success,success,222,400,0,2.7986281022094444,31.785000209808324,0,written,True
top,main,guarded_ppo,francis2023_leading_human,1001,True,success,success,332,400,0,1.6534110175904246,32.82000024616729,0,written,True
top,main,guarded_ppo,francis2023_leading_human,1002,True,success,success,326,400,0,1.5318475130564377,32.75500048398972,0,written,True
top,main,guarded_ppo,francis2023_leading_human,1003,True,success,success,222,400,0,2.7986281022094444,31.785000209808324,0,written,True
top,main,guarded_ppo,francis2023_accompanying_peer,1001,True,success,success,332,400,0,1.6534110175904246,32.82000024616729,0,written,True
top,main,guarded_ppo,francis2023_accompanying_peer,1002,True,success,success,326,400,0,1.5318475130564377,32.75500048398972,0,written,True
top,main,guarded_ppo,francis2023_accompanying_peer,1003,True,success,success,222,400,0,2.7986281022094444,31.785000209808324,0,written,True
top,main,guarded_ppo,francis2023_join_group,1001,True,success,success,73,400,0,2.933698558945005,12.530000000000003,0,written,True
top,main,guarded_ppo,francis2023_join_group,1002,True,success,success,159,400,0,2.144141785360068,28.949198198243984,0,written,True
top,main,guarded_ppo,francis2023_join_group,1003,True,success,success,85,400,0,2.817230335631569,13.0150001347065,0,written,True
top,main,guarded_ppo,francis2023_leave_group,1001,True,success,success,73,400,0,2.933698558945005,12.530000000000003,0,written,True
top,main,guarded_ppo,francis2023_leave_group,1002,True,success,success,159,400,0,2.144141785360068,28.949198198243984,0,written,True
top,main,guarded_ppo,francis2023_leave_group,1003,True,success,success,85,400,0,2.817230335631569,13.0150001347065,0,written,True
top,main,guarded_ppo,francis2023_crowd_navigation,1001,False,timeout,max_steps,400,400,0,3.104256822458938,77.40740032225847,0,written,True
top,main,guarded_ppo,francis2023_crowd_navigation,1002,True,success,success,125,400,0,2.942348373421011,22.55000004768372,0,written,True
top,main,guarded_ppo,francis2023_crowd_navigation,1003,False,timeout,max_steps,400,400,0,2.817230335631569,77.42000004768371,0,written,True
top,main,guarded_ppo,francis2023_parallel_traffic,1001,True,success,success,254,400,0,2.9442225821077685,31.73000001072888,0,written,True
top,main,guarded_ppo,francis2023_parallel_traffic,1002,True,success,success,254,400,0,2.9478128342097687,31.35500054299833,0,written,True
top,main,guarded_ppo,francis2023_parallel_traffic,1003,True,success,success,177,400,0,2.817230335631569,32.425000038146976,0,written,True
top,main,guarded_ppo,francis2023_perpendicular_traffic,1001,True,success,success,223,400,0,1.3918006783214079,21.695000115633036,0,written,True
top,main,guarded_ppo,francis2023_perpendicular_traffic,1002,True,success,success,227,400,0,1.3802264316900739,21.47000010371207,0,written,True
top,main,guarded_ppo,francis2023_perpendicular_traffic,1003,True,success,success,207,400,0,2.120280248660362,22.335000134706434,0,written,True
top,main,guarded_ppo,francis2023_circular_crossing,1001,True,success,success,73,400,0,2.933698558945005,12.530000000000003,0,written,True
top,main,guarded_ppo,francis2023_circular_crossing,1002,True,success,success,159,400,0,2.144141785360068,28.949198198243984,0,written,True
top,main,guarded_ppo,francis2023_circular_crossing,1003,True,success,success,85,400,0,2.817230335631569,13.0150001347065,0,written,True
top,main,guarded_ppo,francis2023_robot_crowding,1001,True,success,success,73,400,0,2.933698558945005,12.530000000000003,0,written,True
top,main,guarded_ppo,francis2023_robot_crowding,1002,True,success,success,159,400,0,2.144141785360068,28.949198198243984,0,written,True
top,main,guarded_ppo,francis2023_robot_crowding,1003,True,success,success,85,400,0,2.817230335631569,13.0150001347065,0,written,True
top,main,hybrid_rule_v4_fast_progress_static_escape,classic_bottleneck_low,1001,True,success,success,113,500,0,1.5300995080585376,19.840856904610785,0,written,True
top,main,hybrid_rule_v4_fast_progress_static_escape,classic_bottleneck_low,1002,True,success,success,116,500,0,1.0712281565189954,20.49912613501463,0,written,True
top,main,hybrid_rule_v4_fast_progress_static_escape,classic_bottleneck_low,1003,True,success,success,133,500,0,1.8294088739395686,23.334508929622437,0,written,True
top,main,hybrid_rule_v4_fast_progress_static_escape,classic_bottleneck_medium,1001,True,success,success,113,500,0,1.5300995080585376,19.840856904610785,0,written,True
top,main,hybrid_rule_v4_fast_progress_static_escape,classic_bottleneck_medium,1002,True,success,success,116,500,0,1.0712281565189954,20.49912613501463,0,written,True
top,main,hybrid_rule_v4_fast_progress_static_escape,classic_bottleneck_medium,1003,True,success,success,133,500,0,1.8294088739395686,23.334508929622437,0,written,True
top,main,hybrid_rule_v4_fast_progress_static_escape,classic_bottleneck_high,1001,True,success,success,113,500,0,1.5300995080585376,19.840856904610785,0,written,True
top,main,hybrid_rule_v4_fast_progress_static_escape,classic_bottleneck_high,1002,True,success,success,116,500,0,1.0712281565189954,20.49912613501463,0,written,True
top,main,hybrid_rule_v4_fast_progress_static_escape,classic_bottleneck_high,1003,True,success,success,133,500,0,1.8294088739395686,23.334508929622437,0,written,True
top,main,hybrid_rule_v4_fast_progress_static_escape,classic_realworld_double_bottleneck_high,1001,True,success,success,263,700,0,1.830568044017426,47.10820726518955,0,written,True
top,main,hybrid_rule_v4_fast_progress_static_escape,classic_realworld_double_bottleneck_high,1002,True,success,success,399,700,0,1.8780117107539716,52.74852464111159,0,written,True
top,main,hybrid_rule_v4_fast_progress_static_escape,classic_realworld_double_bottleneck_high,1003,True,success,success,267,700,0,1.9603701376539833,47.94587164128489,0,written,True
top,main,hybrid_rule_v4_fast_progress_static_escape,classic_station_platform_medium,1001,True,success,success,467,650,0,2.075828454440325,87.26224711494446,0,written,True
top,main,hybrid_rule_v4_fast_progress_static_escape,classic_station_platform_medium,1002,True,success,success,468,650,0,2.549240171828601,86.52429653614587,0,written,True
top,main,hybrid_rule_v4_fast_progress_static_escape,classic_station_platform_medium,1003,True,success,success,475,650,0,2.6203101327453346,88.57279023012418,0,written,True
top,main,hybrid_rule_v4_fast_progress_static_escape,classic_cross_trap_low,1001,True,success,success,230,600,0,1.0378134636451726,42.81929457605486,0,written,True
top,main,hybrid_rule_v4_fast_progress_static_escape,classic_cross_trap_low,1002,True,success,success,227,600,0,1.0301871647086938,42.187915833301204,0,written,True
top,main,hybrid_rule_v4_fast_progress_static_escape,classic_cross_trap_low,1003,True,success,success,215,600,0,1.0349083638954057,39.81614330289206,0,written,True
top,main,hybrid_rule_v4_fast_progress_static_escape,classic_cross_trap_medium,1001,True,success,success,230,600,0,1.0378134636451726,42.81929457605486,0,written,True
top,main,hybrid_rule_v4_fast_progress_static_escape,classic_cross_trap_medium,1002,True,success,success,227,600,0,1.0301871647086938,42.187915833301204,0,written,True
top,main,hybrid_rule_v4_fast_progress_static_escape,classic_cross_trap_medium,1003,True,success,success,215,600,0,1.0349083638954057,39.81614330289206,0,written,True
top,main,hybrid_rule_v4_fast_progress_static_escape,classic_cross_trap_high,1001,True,success,success,230,600,0,1.0378134636451726,42.81929457605486,0,written,True
top,main,hybrid_rule_v4_fast_progress_static_escape,classic_cross_trap_high,1002,True,success,success,227,600,0,1.0301871647086938,42.187915833301204,0,written,True
top,main,hybrid_rule_v4_fast_progress_static_escape,classic_cross_trap_high,1003,True,success,success,215,600,0,1.0349083638954057,39.81614330289206,0,written,True
top,main,hybrid_rule_v4_fast_progress_static_escape,classic_doorway_low,1001,True,success,success,75,500,0,1.0722440748369175,12.062404552366983,0,written,True
top,main,hybrid_rule_v4_fast_progress_static_escape,classic_doorway_low,1002,True,success,success,77,500,0,1.1357343182228214,12.469472547207264,0,written,True
top,main,hybrid_rule_v4_fast_progress_static_escape,classic_doorway_low,1003,True,success,success,69,500,0,1.1907994460487938,11.204791346535597,0,written,True
top,main,hybrid_rule_v4_fast_progress_static_escape,classic_doorway_medium,1001,True,success,success,75,500,0,1.0722440748369175,12.062404552366983,0,written,True
top,main,hybrid_rule_v4_fast_progress_static_escape,classic_doorway_medium,1002,True,success,success,77,500,0,1.1357343182228214,12.469472547207264,0,written,True
top,main,hybrid_rule_v4_fast_progress_static_escape,classic_doorway_medium,1003,True,success,success,69,500,0,1.1907994460487938,11.204791346535597,0,written,True
top,main,hybrid_rule_v4_fast_progress_static_escape,classic_doorway_high,1001,True,success,success,75,500,0,1.0722440748369175,12.062404552366983,0,written,True
top,main,hybrid_rule_v4_fast_progress_static_escape,classic_doorway_high,1002,True,success,success,77,500,0,1.1357343182228214,12.469472547207264,0,written,True
top,main,hybrid_rule_v4_fast_progress_static_escape,classic_doorway_high,1003,True,success,success,69,500,0,1.1907994460487938,11.204791346535597,0,written,True
top,main,hybrid_rule_v4_fast_progress_static_escape,classic_group_crossing_low,1001,True,success,success,96,500,0,1.8440344376390123,16.444482716558255,0,written,True
top,main,hybrid_rule_v4_fast_progress_static_escape,classic_group_crossing_low,1002,True,success,success,90,500,0,2.047073914147157,15.546259748997542,0,written,True
top,main,hybrid_rule_v4_fast_progress_static_escape,classic_group_crossing_low,1003,True,success,success,100,500,0,2.3285967846862405,17.334770196075556,0,written,True
top,main,hybrid_rule_v4_fast_progress_static_escape,classic_group_crossing_medium,1001,True,success,success,96,500,0,1.8440344376390123,16.444482716558255,0,written,True
top,main,hybrid_rule_v4_fast_progress_static_escape,classic_group_crossing_medium,1002,True,success,success,90,500,0,2.047073914147157,15.546259748997542,0,written,True
top,main,hybrid_rule_v4_fast_progress_static_escape,classic_group_crossing_medium,1003,True,success,success,100,500,0,2.3285967846862405,17.334770196075556,0,written,True
top,main,hybrid_rule_v4_fast_progress_static_escape,classic_group_crossing_high,1001,True,success,success,96,500,0,1.8440344376390123,16.444482716558255,0,written,True
top,main,hybrid_rule_v4_fast_progress_static_escape,classic_group_crossing_high,1002,True,success,success,90,500,0,2.047073914147157,15.546259748997542,0,written,True
top,main,hybrid_rule_v4_fast_progress_static_escape,classic_group_crossing_high,1003,True,success,success,100,500,0,2.3285967846862405,17.334770196075556,0,written,True
top,main,hybrid_rule_v4_fast_progress_static_escape,classic_head_on_corridor_low,1001,True,success,success,164,500,0,1.622035605766589,29.988080059909546,0,written,True
top,main,hybrid_rule_v4_fast_progress_static_escape,classic_head_on_corridor_low,1002,True,success,success,165,500,0,1.5657354692752037,30.225494468952274,0,written,True
top,main,hybrid_rule_v4_fast_progress_static_escape,classic_head_on_corridor_low,1003,True,success,success,147,500,0,4.402268228083647,27.155,0,written,True
top,main,hybrid_rule_v4_fast_progress_static_escape,classic_head_on_corridor_medium,1001,True,success,success,164,500,0,1.622035605766589,29.988080059909546,0,written,True
top,main,hybrid_rule_v4_fast_progress_static_escape,classic_head_on_corridor_medium,1002,True,success,success,165,500,0,1.5657354692752037,30.225494468952274,0,written,True
top,main,hybrid_rule_v4_fast_progress_static_escape,classic_head_on_corridor_medium,1003,True,success,success,147,500,0,4.402268228083647,27.155,0,written,True
top,main,hybrid_rule_v4_fast_progress_static_escape,classic_merging_low,1001,True,success,success,383,600,0,1.8075031413990736,70.27085276075591,0,written,True
top,main,hybrid_rule_v4_fast_progress_static_escape,classic_merging_low,1002,True,success,success,380,600,0,1.8270581059596585,69.53695833254895,0,written,True
top,main,hybrid_rule_v4_fast_progress_static_escape,classic_merging_low,1003,True,success,success,367,600,0,1.85421205654946,67.27258718724222,0,written,True
top,main,hybrid_rule_v4_fast_progress_static_escape,classic_merging_medium,1001,True,success,success,383,600,0,1.8075031413990736,70.27085276075591,0,written,True
top,main,hybrid_rule_v4_fast_progress_static_escape,classic_merging_medium,1002,True,success,success,380,600,0,1.8270581059596585,69.53695833254895,0,written,True
top,main,hybrid_rule_v4_fast_progress_static_escape,classic_merging_medium,1003,True,success,success,367,600,0,1.85421205654946,67.27258718724222,0,written,True
top,main,hybrid_rule_v4_fast_progress_static_escape,classic_overtaking_low,1001,True,success,success,198,600,0,1.1540066595242737,35.99154492402379,0,written,True
top,main,hybrid_rule_v4_fast_progress_static_escape,classic_overtaking_low,1002,True,success,success,196,600,0,1.1318374289483584,35.828454951620515,0,written,True
top,main,hybrid_rule_v4_fast_progress_static_escape,classic_overtaking_low,1003,True,success,success,174,600,0,1.1331712526547646,31.787813521102358,0,written,True
top,main,hybrid_rule_v4_fast_progress_static_escape,classic_overtaking_medium,1001,True,success,success,198,600,0,1.1540066595242737,35.99154492402379,0,written,True
top,main,hybrid_rule_v4_fast_progress_static_escape,classic_overtaking_medium,1002,True,success,success,196,600,0,1.1318374289483584,35.828454951620515,0,written,True
top,main,hybrid_rule_v4_fast_progress_static_escape,classic_overtaking_medium,1003,True,success,success,174,600,0,1.1331712526547646,31.787813521102358,0,written,True
top,main,hybrid_rule_v4_fast_progress_static_escape,classic_t_intersection_low,1001,True,success,success,133,500,0,2.010777263828646,23.905927265686415,0,written,True
top,main,hybrid_rule_v4_fast_progress_static_escape,classic_t_intersection_low,1002,True,success,success,140,500,0,1.3050524847448521,25.25555050492868,0,written,True
top,main,hybrid_rule_v4_fast_progress_static_escape,classic_t_intersection_low,1003,True,success,success,152,500,0,1.7727458688633124,27.227354566387007,0,written,True
top,main,hybrid_rule_v4_fast_progress_static_escape,classic_t_intersection_medium,1001,True,success,success,133,500,0,2.010777263828646,23.905927265686415,0,written,True
top,main,hybrid_rule_v4_fast_progress_static_escape,classic_t_intersection_medium,1002,True,success,success,140,500,0,1.3050524847448521,25.25555050492868,0,written,True
top,main,hybrid_rule_v4_fast_progress_static_escape,classic_t_intersection_medium,1003,True,success,success,152,500,0,1.7727458688633124,27.227354566387007,0,written,True
top,main,hybrid_rule_v4_fast_progress_static_escape,classic_urban_crossing_medium,1001,True,success,success,163,600,0,1.7837318267330247,29.21047754184574,0,written,True
top,main,hybrid_rule_v4_fast_progress_static_escape,classic_urban_crossing_medium,1002,True,success,success,166,600,0,1.7323193156297831,28.579553503275193,0,written,True
top,main,hybrid_rule_v4_fast_progress_static_escape,classic_urban_crossing_medium,1003,True,success,success,171,600,0,1.4246506380143495,30.755084592675846,0,written,True
top,main,hybrid_rule_v4_fast_progress_static_escape,francis2023_frontal_approach,1001,True,success,success,177,400,0,2.9958754100458984,31.721327341335112,0,written,True
top,main,hybrid_rule_v4_fast_progress_static_escape,francis2023_frontal_approach,1002,True,success,success,185,400,0,2.991617627969961,31.36330297204838,0,written,True
top,main,hybrid_rule_v4_fast_progress_static_escape,francis2023_frontal_approach,1003,True,success,success,186,400,0,2.817230335631569,32.32838793767117,0,written,True
top,main,hybrid_rule_v4_fast_progress_static_escape,francis2023_pedestrian_obstruction,1001,True,success,success,177,400,0,2.9958754100458984,31.721327341335112,0,written,True
top,main,hybrid_rule_v4_fast_progress_static_escape,francis2023_pedestrian_obstruction,1002,True,success,success,185,400,0,2.991617627969961,31.36330297204838,0,written,True
top,main,hybrid_rule_v4_fast_progress_static_escape,francis2023_pedestrian_obstruction,1003,True,success,success,186,400,0,2.817230335631569,32.32838793767117,0,written,True
top,main,hybrid_rule_v4_fast_progress_static_escape,francis2023_pedestrian_overtaking,1001,True,success,success,463,600,0,2.0571750833533065,32.01083333373079,0,written,True
top,main,hybrid_rule_v4_fast_progress_static_escape,francis2023_pedestrian_overtaking,1002,False,timeout,max_steps,600,600,0,2.011393107150293,37.13623109413975,0,written,True
top,main,hybrid_rule_v4_fast_progress_static_escape,francis2023_pedestrian_overtaking,1003,True,success,success,473,600,0,2.809879108312865,32.65713614104727,0,written,True
top,main,hybrid_rule_v4_fast_progress_static_escape,francis2023_robot_overtaking,1001,True,success,success,177,400,0,2.9958754100458984,31.721327341335112,0,written,True
top,main,hybrid_rule_v4_fast_progress_static_escape,francis2023_robot_overtaking,1002,True,success,success,185,400,0,2.991617627969961,31.36330297204838,0,written,True
top,main,hybrid_rule_v4_fast_progress_static_escape,francis2023_robot_overtaking,1003,True,success,success,186,400,0,2.817230335631569,32.32838793767117,0,written,True
top,main,hybrid_rule_v4_fast_progress_static_escape,francis2023_down_path,1001,True,success,success,175,400,0,2.0253432415246864,30.661015231447188,0,written,True
top,main,hybrid_rule_v4_fast_progress_static_escape,francis2023_down_path,1002,False,timeout,max_steps,400,400,0,1.6635962017311128,43.41684994268361,0,written,True
top,main,hybrid_rule_v4_fast_progress_static_escape,francis2023_down_path,1003,True,success,success,184,400,0,1.68952674801688,31.650946692659854,0,written,True
top,main,hybrid_rule_v4_fast_progress_static_escape,francis2023_intersection_no_gesture,1001,True,success,success,128,400,0,1.391763178627674,21.589453250039572,0,written,True
top,main,hybrid_rule_v4_fast_progress_static_escape,francis2023_intersection_no_gesture,1002,True,success,success,131,400,0,1.3784279124569312,21.319722222400216,0,written,True
top,main,hybrid_rule_v4_fast_progress_static_escape,francis2023_intersection_no_gesture,1003,True,success,success,135,400,0,1.8307654577635883,22.31061337928432,0,written,True
top,main,hybrid_rule_v4_fast_progress_static_escape,francis2023_blind_corner,1001,True,success,success,239,400,0,1.3918006783214043,43.27022195255303,0,written,True
top,main,hybrid_rule_v4_fast_progress_static_escape,francis2023_blind_corner,1002,True,success,success,239,400,0,1.3803897726212893,43.00799255603305,0,written,True
top,main,hybrid_rule_v4_fast_progress_static_escape,francis2023_blind_corner,1003,True,success,success,239,400,0,1.7566848773024624,43.562549392924865,0,written,True
top,main,hybrid_rule_v4_fast_progress_static_escape,francis2023_narrow_hallway,1001,True,success,success,128,400,0,1.3917631786276732,21.58945299443471,0,written,True
top,main,hybrid_rule_v4_fast_progress_static_escape,francis2023_narrow_hallway,1002,False,timeout,max_steps,400,400,0,1.161962347833052,33.707768048560396,0,written,True
top,main,hybrid_rule_v4_fast_progress_static_escape,francis2023_narrow_hallway,1003,True,success,success,136,400,0,1.2156115236991052,22.33571597543629,0,written,True
top,main,hybrid_rule_v4_fast_progress_static_escape,francis2023_narrow_doorway,1001,False,timeout,max_steps,400,400,0,1.0751257175010793,10.226500659985863,0,written,True
top,main,hybrid_rule_v4_fast_progress_static_escape,francis2023_narrow_doorway,1002,False,timeout,max_steps,400,400,0,1.0713025845864776,9.838422571166106,0,written,True
top,main,hybrid_rule_v4_fast_progress_static_escape,francis2023_narrow_doorway,1003,False,timeout,max_steps,400,400,0,1.0900126787706141,10.778838060989465,0,written,True
top,main,hybrid_rule_v4_fast_progress_static_escape,francis2023_entering_room,1001,True,success,success,102,400,0,1.7925945553045868,15.794231726504739,0,written,True
top,main,hybrid_rule_v4_fast_progress_static_escape,francis2023_entering_room,1002,False,timeout,max_steps,400,400,0,1.7706658581363708,31.823498537477484,0,written,True
top,main,hybrid_rule_v4_fast_progress_static_escape,francis2023_entering_room,1003,True,success,success,109,400,0,1.7773793912305673,16.42704614335541,0,written,True
top,main,hybrid_rule_v4_fast_progress_static_escape,francis2023_exiting_room,1001,True,success,success,108,400,0,1.6852549288711531,17.55748482374395,0,written,True
top,main,hybrid_rule_v4_fast_progress_static_escape,francis2023_exiting_room,1002,True,success,success,109,400,0,1.7466467294756671,17.909773568649257,0,written,True
top,main,hybrid_rule_v4_fast_progress_static_escape,francis2023_exiting_room,1003,True,success,success,103,400,0,1.7105884888299545,17.08780231609098,0,written,True
top,main,hybrid_rule_v4_fast_progress_static_escape,francis2023_entering_elevator,1001,True,success,success,71,400,0,2.0119154811606776,9.709606756738046,0,written,True
top,main,hybrid_rule_v4_fast_progress_static_escape,francis2023_entering_elevator,1002,True,success,success,203,400,0,1.714257233364202,15.937745090919062,0,written,True
top,main,hybrid_rule_v4_fast_progress_static_escape,francis2023_entering_elevator,1003,True,success,success,81,400,0,1.9627423850989971,10.39108144075289,0,written,True
top,main,hybrid_rule_v4_fast_progress_static_escape,francis2023_exiting_elevator,1001,True,success,success,74,400,0,1.4478879177008854,11.460245227639557,0,written,True
top,main,hybrid_rule_v4_fast_progress_static_escape,francis2023_exiting_elevator,1002,True,success,success,75,400,0,1.6695328148908208,11.790255321229619,0,written,True
top,main,hybrid_rule_v4_fast_progress_static_escape,francis2023_exiting_elevator,1003,True,success,success,69,400,0,1.6171859297722326,11.018001584798625,0,written,True
top,main,hybrid_rule_v4_fast_progress_static_escape,francis2023_intersection_wait,1001,True,success,success,128,400,0,1.391763178627674,21.589453250039572,0,written,True
top,main,hybrid_rule_v4_fast_progress_static_escape,francis2023_intersection_wait,1002,True,success,success,131,400,0,1.3784279124569312,21.319722222400216,0,written,True
top,main,hybrid_rule_v4_fast_progress_static_escape,francis2023_intersection_wait,1003,True,success,success,135,400,0,1.8307654577635883,22.31061337928432,0,written,True
top,main,hybrid_rule_v4_fast_progress_static_escape,francis2023_intersection_proceed,1001,True,success,success,128,400,0,1.391763178627674,21.589453250039572,0,written,True
top,main,hybrid_rule_v4_fast_progress_static_escape,francis2023_intersection_proceed,1002,True,success,success,131,400,0,1.3784279124569312,21.319722222400216,0,written,True
top,main,hybrid_rule_v4_fast_progress_static_escape,francis2023_intersection_proceed,1003,True,success,success,135,400,0,1.8307654577635883,22.31061337928432,0,written,True
top,main,hybrid_rule_v4_fast_progress_static_escape,francis2023_following_human,1001,True,success,success,175,400,0,2.0253432415246864,30.661015231447188,0,written,True
top,main,hybrid_rule_v4_fast_progress_static_escape,francis2023_following_human,1002,False,timeout,max_steps,400,400,0,1.6635962017311128,43.41684994268361,0,written,True
top,main,hybrid_rule_v4_fast_progress_static_escape,francis2023_following_human,1003,True,success,success,184,400,0,1.68952674801688,31.650946692659854,0,written,True
top,main,hybrid_rule_v4_fast_progress_static_escape,francis2023_leading_human,1001,True,success,success,175,400,0,2.0253432415246864,30.661015231447188,0,written,True
top,main,hybrid_rule_v4_fast_progress_static_escape,francis2023_leading_human,1002,False,timeout,max_steps,400,400,0,1.6635962017311128,43.41684994268361,0,written,True
top,main,hybrid_rule_v4_fast_progress_static_escape,francis2023_leading_human,1003,True,success,success,184,400,0,1.68952674801688,31.650946692659854,0,written,True
top,main,hybrid_rule_v4_fast_progress_static_escape,francis2023_accompanying_peer,1001,True,success,success,175,400,0,2.0253432415246864,30.661015231447188,0,written,True
top,main,hybrid_rule_v4_fast_progress_static_escape,francis2023_accompanying_peer,1002,False,timeout,max_steps,400,400,0,1.6635962017311128,43.41684994268361,0,written,True
top,main,hybrid_rule_v4_fast_progress_static_escape,francis2023_accompanying_peer,1003,True,success,success,184,400,0,1.68952674801688,31.650946692659854,0,written,True
top,main,hybrid_rule_v4_fast_progress_static_escape,francis2023_join_group,1001,True,success,success,78,400,0,3.0001608143676872,11.711234243740405,0,written,True
top,main,hybrid_rule_v4_fast_progress_static_escape,francis2023_join_group,1002,True,success,success,82,400,0,2.991035986185444,11.325327240468674,0,written,True
top,main,hybrid_rule_v4_fast_progress_static_escape,francis2023_join_group,1003,True,success,success,84,400,0,2.817230335631569,12.314116317981991,0,written,True
top,main,hybrid_rule_v4_fast_progress_static_escape,francis2023_leave_group,1001,True,success,success,78,400,0,3.0001608143676872,11.711234243740405,0,written,True
top,main,hybrid_rule_v4_fast_progress_static_escape,francis2023_leave_group,1002,True,success,success,82,400,0,2.991035986185444,11.325327240468674,0,written,True
top,main,hybrid_rule_v4_fast_progress_static_escape,francis2023_leave_group,1003,True,success,success,84,400,0,2.817230335631569,12.314116317981991,0,written,True
top,main,hybrid_rule_v4_fast_progress_static_escape,francis2023_crowd_navigation,1001,True,success,success,129,400,0,2.9965150113123706,21.70184290820756,0,written,True
top,main,hybrid_rule_v4_fast_progress_static_escape,francis2023_crowd_navigation,1002,True,success,success,132,400,0,2.983829926867003,21.331620370745664,0,written,True
top,main,hybrid_rule_v4_fast_progress_static_escape,francis2023_crowd_navigation,1003,True,success,success,135,400,0,2.817230335631569,22.31061337928432,0,written,True
top,main,hybrid_rule_v4_fast_progress_static_escape,francis2023_parallel_traffic,1001,True,success,success,177,400,0,2.9958754100458984,31.721327341335112,0,written,True
top,main,hybrid_rule_v4_fast_progress_static_escape,francis2023_parallel_traffic,1002,True,success,success,185,400,0,2.991617627969961,31.36330297204838,0,written,True
top,main,hybrid_rule_v4_fast_progress_static_escape,francis2023_parallel_traffic,1003,True,success,success,186,400,0,2.817230335631569,32.32838793767117,0,written,True
top,main,hybrid_rule_v4_fast_progress_static_escape,francis2023_perpendicular_traffic,1001,True,success,success,128,400,0,1.391763178627674,21.591947380174155,0,written,True
top,main,hybrid_rule_v4_fast_progress_static_escape,francis2023_perpendicular_traffic,1002,True,success,success,131,400,0,1.3784279124569312,21.319722222400216,0,written,True
top,main,hybrid_rule_v4_fast_progress_static_escape,francis2023_perpendicular_traffic,1003,True,success,success,135,400,0,1.8307654577635883,22.31061337928432,0,written,True
top,main,hybrid_rule_v4_fast_progress_static_escape,francis2023_circular_crossing,1001,True,success,success,78,400,0,3.0001608143676872,11.711234243740405,0,written,True
top,main,hybrid_rule_v4_fast_progress_static_escape,francis2023_circular_crossing,1002,True,success,success,82,400,0,2.991035986185444,11.325327240468674,0,written,True
top,main,hybrid_rule_v4_fast_progress_static_escape,francis2023_circular_crossing,1003,True,success,success,84,400,0,2.817230335631569,12.314116317981991,0,written,True
top,main,hybrid_rule_v4_fast_progress_static_escape,francis2023_robot_crowding,1001,True,success,success,78,400,0,3.0001608143676872,11.711234243740405,0,written,True
top,main,hybrid_rule_v4_fast_progress_static_escape,francis2023_robot_crowding,1002,True,success,success,82,400,0,2.991035986185444,11.325327240468674,0,written,True
top,main,hybrid_rule_v4_fast_progress_static_escape,francis2023_robot_crowding,1003,True,success,success,84,400,0,2.817230335631569,12.314116317981991,0,written,True
top,main,hybrid_rule_v4_fast_progress_static_escape_continuous,classic_bottleneck_low,1001,True,success,success,127,500,0,1.6516207911829817,19.76972915653805,0,written,True
top,main,hybrid_rule_v4_fast_progress_static_escape_continuous,classic_bottleneck_low,1002,True,success,success,142,500,0,1.6198221346724622,20.64008380225596,0,written,True
top,main,hybrid_rule_v4_fast_progress_static_escape_continuous,classic_bottleneck_low,1003,True,success,success,147,500,0,1.7853120508944949,23.301543038207548,0,written,True
top,main,hybrid_rule_v4_fast_progress_static_escape_continuous,classic_bottleneck_medium,1001,True,success,success,127,500,0,1.6516207911829817,19.76972915653805,0,written,True
top,main,hybrid_rule_v4_fast_progress_static_escape_continuous,classic_bottleneck_medium,1002,True,success,success,142,500,0,1.6198221346724622,20.64008380225596,0,written,True
top,main,hybrid_rule_v4_fast_progress_static_escape_continuous,classic_bottleneck_medium,1003,True,success,success,147,500,0,1.7853120508944949,23.301543038207548,0,written,True
top,main,hybrid_rule_v4_fast_progress_static_escape_continuous,classic_bottleneck_high,1001,True,success,success,127,500,0,1.6516207911829817,19.76972915653805,0,written,True
top,main,hybrid_rule_v4_fast_progress_static_escape_continuous,classic_bottleneck_high,1002,True,success,success,142,500,0,1.6198221346724622,20.64008380225596,0,written,True
top,main,hybrid_rule_v4_fast_progress_static_escape_continuous,classic_bottleneck_high,1003,True,success,success,147,500,0,1.7853120508944949,23.301543038207548,0,written,True
top,main,hybrid_rule_v4_fast_progress_static_escape_continuous,classic_realworld_double_bottleneck_high,1001,True,success,success,302,700,0,1.9356778603965723,47.25242691066729,0,written,True
top,main,hybrid_rule_v4_fast_progress_static_escape_continuous,classic_realworld_double_bottleneck_high,1002,True,success,success,317,700,0,1.884129310580546,46.63228448263675,0,written,True
top,main,hybrid_rule_v4_fast_progress_static_escape_continuous,classic_realworld_double_bottleneck_high,1003,True,success,success,307,700,0,1.8573262435262428,47.99118871132021,0,written,True
top,main,hybrid_rule_v4_fast_progress_static_escape_continuous,classic_station_platform_medium,1001,True,success,success,521,650,0,2.081529168362724,86.93181647592574,0,written,True
top,main,hybrid_rule_v4_fast_progress_static_escape_continuous,classic_station_platform_medium,1002,True,success,success,513,650,0,2.549254058479758,85.88809977249159,0,written,True
top,main,hybrid_rule_v4_fast_progress_static_escape_continuous,classic_station_platform_medium,1003,True,success,success,504,650,0,2.6203102037615698,88.1745863389526,0,written,True
top,main,hybrid_rule_v4_fast_progress_static_escape_continuous,classic_cross_trap_low,1001,True,success,success,247,600,0,1.1956385600165607,43.04237939982647,0,written,True
top,main,hybrid_rule_v4_fast_progress_static_escape_continuous,classic_cross_trap_low,1002,True,success,success,250,600,0,1.1865232776882177,42.218618381000304,0,written,True
top,main,hybrid_rule_v4_fast_progress_static_escape_continuous,classic_cross_trap_low,1003,True,success,success,226,600,0,1.1879107643475053,40.083196550630085,0,written,True
top,main,hybrid_rule_v4_fast_progress_static_escape_continuous,classic_cross_trap_medium,1001,True,success,success,247,600,0,1.1956385600165607,43.04237939982647,0,written,True
top,main,hybrid_rule_v4_fast_progress_static_escape_continuous,classic_cross_trap_medium,1002,True,success,success,250,600,0,1.1865232776882177,42.218618381000304,0,written,True
top,main,hybrid_rule_v4_fast_progress_static_escape_continuous,classic_cross_trap_medium,1003,True,success,success,226,600,0,1.1879107643475053,40.083196550630085,0,written,True
top,main,hybrid_rule_v4_fast_progress_static_escape_continuous,classic_cross_trap_high,1001,True,success,success,247,600,0,1.1956385600165607,43.04237939982647,0,written,True
top,main,hybrid_rule_v4_fast_progress_static_escape_continuous,classic_cross_trap_high,1002,True,success,success,250,600,0,1.1865232776882177,42.218618381000304,0,written,True
top,main,hybrid_rule_v4_fast_progress_static_escape_continuous,classic_cross_trap_high,1003,True,success,success,226,600,0,1.1879107643475053,40.083196550630085,0,written,True
top,main,hybrid_rule_v4_fast_progress_static_escape_continuous,classic_doorway_low,1001,True,success,success,92,500,0,1.1979078226821884,11.696627048720412,0,written,True
top,main,hybrid_rule_v4_fast_progress_static_escape_continuous,classic_doorway_low,1002,True,success,success,79,500,0,1.282474932846221,12.4032262214834,0,written,True
top,main,hybrid_rule_v4_fast_progress_static_escape_continuous,classic_doorway_low,1003,True,success,success,84,500,0,1.208902106225874,11.191488819436335,0,written,True
top,main,hybrid_rule_v4_fast_progress_static_escape_continuous,classic_doorway_medium,1001,True,success,success,92,500,0,1.1979078226821884,11.696627048720412,0,written,True
top,main,hybrid_rule_v4_fast_progress_static_escape_continuous,classic_doorway_medium,1002,True,success,success,79,500,0,1.282474932846221,12.4032262214834,0,written,True
top,main,hybrid_rule_v4_fast_progress_static_escape_continuous,classic_doorway_medium,1003,True,success,success,84,500,0,1.208902106225874,11.191488819436335,0,written,True
top,main,hybrid_rule_v4_fast_progress_static_escape_continuous,classic_doorway_high,1001,True,success,success,92,500,0,1.1979078226821884,11.696627048720412,0,written,True
top,main,hybrid_rule_v4_fast_progress_static_escape_continuous,classic_doorway_high,1002,True,success,success,79,500,0,1.282474932846221,12.4032262214834,0,written,True
top,main,hybrid_rule_v4_fast_progress_static_escape_continuous,classic_doorway_high,1003,True,success,success,84,500,0,1.208902106225874,11.191488819436335,0,written,True
top,main,hybrid_rule_v4_fast_progress_static_escape_continuous,classic_group_crossing_low,1001,True,success,success,117,500,0,2.172300441189987,16.53924619502687,0,written,True
top,main,hybrid_rule_v4_fast_progress_static_escape_continuous,classic_group_crossing_low,1002,True,success,success,110,500,0,2.2455157028028925,15.55761355851861,0,written,True
top,main,hybrid_rule_v4_fast_progress_static_escape_continuous,classic_group_crossing_low,1003,True,success,success,109,500,0,2.424843189602169,17.474880709282097,0,written,True
top,main,hybrid_rule_v4_fast_progress_static_escape_continuous,classic_group_crossing_medium,1001,True,success,success,117,500,0,2.172300441189987,16.53924619502687,0,written,True
top,main,hybrid_rule_v4_fast_progress_static_escape_continuous,classic_group_crossing_medium,1002,True,success,success,110,500,0,2.2455157028028925,15.55761355851861,0,written,True
top,main,hybrid_rule_v4_fast_progress_static_escape_continuous,classic_group_crossing_medium,1003,True,success,success,109,500,0,2.424843189602169,17.474880709282097,0,written,True
top,main,hybrid_rule_v4_fast_progress_static_escape_continuous,classic_group_crossing_high,1001,True,success,success,117,500,0,2.172300441189987,16.53924619502687,0,written,True
top,main,hybrid_rule_v4_fast_progress_static_escape_continuous,classic_group_crossing_high,1002,True,success,success,110,500,0,2.2455157028028925,15.55761355851861,0,written,True
top,main,hybrid_rule_v4_fast_progress_static_escape_continuous,classic_group_crossing_high,1003,True,success,success,109,500,0,2.424843189602169,17.474880709282097,0,written,True
top,main,hybrid_rule_v4_fast_progress_static_escape_continuous,classic_head_on_corridor_low,1001,True,success,success,164,500,0,1.6220279477932784,30.003388747239647,0,written,True
top,main,hybrid_rule_v4_fast_progress_static_escape_continuous,classic_head_on_corridor_low,1002,True,success,success,164,500,0,1.5657351828112789,30.11599294119147,0,written,True
top,main,hybrid_rule_v4_fast_progress_static_escape_continuous,classic_head_on_corridor_low,1003,True,success,success,147,500,0,4.40226555701597,27.172433437320315,0,written,True
top,main,hybrid_rule_v4_fast_progress_static_escape_continuous,classic_head_on_corridor_medium,1001,True,success,success,164,500,0,1.6220279477932784,30.003388747239647,0,written,True
top,main,hybrid_rule_v4_fast_progress_static_escape_continuous,classic_head_on_corridor_medium,1002,True,success,success,164,500,0,1.5657351828112789,30.11599294119147,0,written,True
top,main,hybrid_rule_v4_fast_progress_static_escape_continuous,classic_head_on_corridor_medium,1003,True,success,success,147,500,0,4.40226555701597,27.172433437320315,0,written,True
top,main,hybrid_rule_v4_fast_progress_static_escape_continuous,classic_merging_low,1001,True,success,success,412,600,0,1.4619548894565852,66.7250094891103,0,written,True
top,main,hybrid_rule_v4_fast_progress_static_escape_continuous,classic_merging_low,1002,True,success,success,411,600,0,1.3313960364618977,66.03942353133478,0,written,True
top,main,hybrid_rule_v4_fast_progress_static_escape_continuous,classic_merging_low,1003,True,success,success,387,600,0,1.4043608603261533,63.84946283193425,0,written,True
top,main,hybrid_rule_v4_fast_progress_static_escape_continuous,classic_merging_medium,1001,True,success,success,412,600,0,1.4619548894565852,66.7250094891103,0,written,True
top,main,hybrid_rule_v4_fast_progress_static_escape_continuous,classic_merging_medium,1002,True,success,success,411,600,0,1.3313960364618977,66.03942353133478,0,written,True
top,main,hybrid_rule_v4_fast_progress_static_escape_continuous,classic_merging_medium,1003,True,success,success,387,600,0,1.4043608603261533,63.84946283193425,0,written,True
top,main,hybrid_rule_v4_fast_progress_static_escape_continuous,classic_overtaking_low,1001,True,success,success,219,600,0,1.1744355269098632,35.30012388445743,0,written,True
top,main,hybrid_rule_v4_fast_progress_static_escape_continuous,classic_overtaking_low,1002,True,success,success,218,600,0,1.1738358506289488,34.70391251718107,0,written,True
top,main,hybrid_rule_v4_fast_progress_static_escape_continuous,classic_overtaking_low,1003,True,success,success,195,600,0,1.1768764389890314,31.800161003369176,0,written,True
top,main,hybrid_rule_v4_fast_progress_static_escape_continuous,classic_overtaking_medium,1001,True,success,success,219,600,0,1.1744355269098632,35.30012388445743,0,written,True
top,main,hybrid_rule_v4_fast_progress_static_escape_continuous,classic_overtaking_medium,1002,True,success,success,218,600,0,1.1738358506289488,34.70391251718107,0,written,True
top,main,hybrid_rule_v4_fast_progress_static_escape_continuous,classic_overtaking_medium,1003,True,success,success,195,600,0,1.1768764389890314,31.800161003369176,0,written,True
top,main,hybrid_rule_v4_fast_progress_static_escape_continuous,classic_t_intersection_low,1001,True,success,success,149,500,0,1.2014754161190626,23.081425768128955,0,written,True
top,main,hybrid_rule_v4_fast_progress_static_escape_continuous,classic_t_intersection_low,1002,True,success,success,160,500,0,1.2273983350480908,24.125763415878314,0,written,True
top,main,hybrid_rule_v4_fast_progress_static_escape_continuous,classic_t_intersection_low,1003,True,success,success,164,500,0,1.1810931993337748,26.58430461696127,0,written,True
top,main,hybrid_rule_v4_fast_progress_static_escape_continuous,classic_t_intersection_medium,1001,True,success,success,149,500,0,1.2014754161190626,23.081425768128955,0,written,True
top,main,hybrid_rule_v4_fast_progress_static_escape_continuous,classic_t_intersection_medium,1002,True,success,success,160,500,0,1.2273983350480908,24.125763415878314,0,written,True
top,main,hybrid_rule_v4_fast_progress_static_escape_continuous,classic_t_intersection_medium,1003,True,success,success,164,500,0,1.1810931993337748,26.58430461696127,0,written,True
top,main,hybrid_rule_v4_fast_progress_static_escape_continuous,classic_urban_crossing_medium,1001,True,success,success,174,600,0,1.784145405844527,29.232427364194802,0,written,True
top,main,hybrid_rule_v4_fast_progress_static_escape_continuous,classic_urban_crossing_medium,1002,True,success,success,177,600,0,1.7323456455316286,28.68586467265301,0,written,True
top,main,hybrid_rule_v4_fast_progress_static_escape_continuous,classic_urban_crossing_medium,1003,True,success,success,182,600,0,1.424247581554784,30.795361396471247,0,written,True
top,main,hybrid_rule_v4_fast_progress_static_escape_continuous,francis2023_frontal_approach,1001,True,success,success,182,400,0,2.985974911304091,31.781710432994213,0,written,True
top,main,hybrid_rule_v4_fast_progress_static_escape_continuous,francis2023_frontal_approach,1002,False,timeout,max_steps,400,400,0,2.838194437085443,43.51455252125868,0,written,True
top,main,hybrid_rule_v4_fast_progress_static_escape_continuous,francis2023_frontal_approach,1003,True,success,success,192,400,0,2.8122433601152266,32.35489438913045,0,written,True
top,main,hybrid_rule_v4_fast_progress_static_escape_continuous,francis2023_pedestrian_obstruction,1001,True,success,success,182,400,0,2.985974911304091,31.781710432994213,0,written,True
top,main,hybrid_rule_v4_fast_progress_static_escape_continuous,francis2023_pedestrian_obstruction,1002,False,timeout,max_steps,400,400,0,2.838194437085443,43.51455252125868,0,written,True
top,main,hybrid_rule_v4_fast_progress_static_escape_continuous,francis2023_pedestrian_obstruction,1003,True,success,success,192,400,0,2.8122433601152266,32.35489438913045,0,written,True
top,main,hybrid_rule_v4_fast_progress_static_escape_continuous,francis2023_pedestrian_overtaking,1001,True,success,success,464,600,0,2.898939487719616,31.85596431401354,0,written,True
top,main,hybrid_rule_v4_fast_progress_static_escape_continuous,francis2023_pedestrian_overtaking,1002,False,timeout,max_steps,600,600,0,3.076707573207708,37.001771208463666,0,written,True
top,main,hybrid_rule_v4_fast_progress_static_escape_continuous,francis2023_pedestrian_overtaking,1003,True,success,success,481,600,0,2.6969813279401516,32.76586462075464,0,written,True
top,main,hybrid_rule_v4_fast_progress_static_escape_continuous,francis2023_robot_overtaking,1001,True,success,success,182,400,0,2.985974911304091,31.781710432994213,0,written,True
top,main,hybrid_rule_v4_fast_progress_static_escape_continuous,francis2023_robot_overtaking,1002,False,timeout,max_steps,400,400,0,2.838194437085443,43.51455252125868,0,written,True
top,main,hybrid_rule_v4_fast_progress_static_escape_continuous,francis2023_robot_overtaking,1003,True,success,success,192,400,0,2.8122433601152266,32.35489438913045,0,written,True
top,main,hybrid_rule_v4_fast_progress_static_escape_continuous,francis2023_down_path,1001,True,success,success,173,400,0,2.0211650912840486,30.684783418488625,0,written,True
top,main,hybrid_rule_v4_fast_progress_static_escape_continuous,francis2023_down_path,1002,False,timeout,max_steps,400,400,0,1.6770544884419714,42.56946228561874,0,written,True
top,main,hybrid_rule_v4_fast_progress_static_escape_continuous,francis2023_down_path,1003,True,success,success,186,400,0,1.788957803536783,31.675045347425606,0,written,True
top,main,hybrid_rule_v4_fast_progress_static_escape_continuous,francis2023_intersection_no_gesture,1001,True,success,success,128,400,0,1.3918531641808864,21.587500026226063,0,written,True
top,main,hybrid_rule_v4_fast_progress_static_escape_continuous,francis2023_intersection_no_gesture,1002,True,success,success,133,400,0,1.3833243182699329,21.330729102060772,0,written,True
top,main,hybrid_rule_v4_fast_progress_static_escape_continuous,francis2023_intersection_no_gesture,1003,True,success,success,134,400,0,1.9015061145918117,22.337124602248906,0,written,True
top,main,hybrid_rule_v4_fast_progress_static_escape_continuous,francis2023_blind_corner,1001,True,success,success,247,400,0,1.3918531641808847,43.15362609544975,0,written,True
top,main,hybrid_rule_v4_fast_progress_static_escape_continuous,francis2023_blind_corner,1002,True,success,success,247,400,0,1.3862765564283834,42.83960808097636,0,written,True
top,main,hybrid_rule_v4_fast_progress_static_escape_continuous,francis2023_blind_corner,1003,True,success,success,238,400,0,1.806734115573394,43.465572061997364,0,written,True
top,main,hybrid_rule_v4_fast_progress_static_escape_continuous,francis2023_narrow_hallway,1001,True,success,success,128,400,0,1.3918531641808864,21.58750002622606,0,written,True
top,main,hybrid_rule_v4_fast_progress_static_escape_continuous,francis2023_narrow_hallway,1002,True,success,success,136,400,0,1.3833243182699306,21.350774408385586,0,written,True
top,main,hybrid_rule_v4_fast_progress_static_escape_continuous,francis2023_narrow_hallway,1003,True,success,success,144,400,0,1.2256604266230156,22.341408929672482,0,written,True
top,main,hybrid_rule_v4_fast_progress_static_escape_continuous,francis2023_narrow_doorway,1001,False,timeout,max_steps,400,400,0,1.2704554237623824,9.91795843879882,0,written,True
top,main,hybrid_rule_v4_fast_progress_static_escape_continuous,francis2023_narrow_doorway,1002,False,timeout,max_steps,400,400,0,1.2467547550225804,9.49471172297995,0,written,True
top,main,hybrid_rule_v4_fast_progress_static_escape_continuous,francis2023_narrow_doorway,1003,False,timeout,max_steps,400,400,0,1.2613168664628187,10.455377887370995,0,written,True
top,main,hybrid_rule_v4_fast_progress_static_escape_continuous,francis2023_entering_room,1001,True,success,success,111,400,0,1.9766890472373595,15.819919056915422,0,written,True
top,main,hybrid_rule_v4_fast_progress_static_escape_continuous,francis2023_entering_room,1002,False,timeout,max_steps,400,400,0,1.958718228389431,32.00645833685737,0,written,True
top,main,hybrid_rule_v4_fast_progress_static_escape_continuous,francis2023_entering_room,1003,True,success,success,120,400,0,1.9663923139946335,16.48157682136683,0,written,True
top,main,hybrid_rule_v4_fast_progress_static_escape_continuous,francis2023_exiting_room,1001,True,success,success,126,400,0,1.8064465175358426,17.5744570543423,0,written,True
top,main,hybrid_rule_v4_fast_progress_static_escape_continuous,francis2023_exiting_room,1002,True,success,success,117,400,0,1.7797274879480303,17.92964275603963,0,written,True
top,main,hybrid_rule_v4_fast_progress_static_escape_continuous,francis2023_exiting_room,1003,True,success,success,114,400,0,1.7362670595944425,17.084829777099905,0,written,True
top,main,hybrid_rule_v4_fast_progress_static_escape_continuous,francis2023_entering_elevator,1001,True,success,success,78,400,0,2.0568279401621345,9.718279546289377,0,written,True
top,main,hybrid_rule_v4_fast_progress_static_escape_continuous,francis2023_entering_elevator,1002,True,success,success,77,400,0,1.954508125713479,9.299126903656262,0,written,True
top,main,hybrid_rule_v4_fast_progress_static_escape_continuous,francis2023_entering_elevator,1003,True,success,success,83,400,0,2.024008860871557,10.365779081422394,0,written,True
top,main,hybrid_rule_v4_fast_progress_static_escape_continuous,francis2023_exiting_elevator,1001,True,success,success,79,400,0,1.4479003579886585,11.500487004846185,0,written,True
top,main,hybrid_rule_v4_fast_progress_static_escape_continuous,francis2023_exiting_elevator,1002,True,success,success,81,400,0,1.669530820807786,11.83290829925312,0,written,True
top,main,hybrid_rule_v4_fast_progress_static_escape_continuous,francis2023_exiting_elevator,1003,True,success,success,82,400,0,1.616965877860347,10.95913441144822,0,written,True
top,main,hybrid_rule_v4_fast_progress_static_escape_continuous,francis2023_intersection_wait,1001,True,success,success,128,400,0,1.3918531641808864,21.587500026226063,0,written,True
top,main,hybrid_rule_v4_fast_progress_static_escape_continuous,francis2023_intersection_wait,1002,True,success,success,133,400,0,1.3833243182699329,21.330729102060772,0,written,True
top,main,hybrid_rule_v4_fast_progress_static_escape_continuous,francis2023_intersection_wait,1003,True,success,success,134,400,0,1.9015061145918117,22.337124602248906,0,written,True
top,main,hybrid_rule_v4_fast_progress_static_escape_continuous,francis2023_intersection_proceed,1001,True,success,success,128,400,0,1.3918531641808864,21.587500026226063,0,written,True
top,main,hybrid_rule_v4_fast_progress_static_escape_continuous,francis2023_intersection_proceed,1002,True,success,success,133,400,0,1.3833243182699329,21.330729102060772,0,written,True
top,main,hybrid_rule_v4_fast_progress_static_escape_continuous,francis2023_intersection_proceed,1003,True,success,success,134,400,0,1.9015061145918117,22.337124602248906,0,written,True
top,main,hybrid_rule_v4_fast_progress_static_escape_continuous,francis2023_following_human,1001,True,success,success,173,400,0,2.0211650912840486,30.684783418488625,0,written,True
top,main,hybrid_rule_v4_fast_progress_static_escape_continuous,francis2023_following_human,1002,False,timeout,max_steps,400,400,0,1.6770544884419714,42.56946228561874,0,written,True
top,main,hybrid_rule_v4_fast_progress_static_escape_continuous,francis2023_following_human,1003,True,success,success,186,400,0,1.788957803536783,31.675045347425606,0,written,True
top,main,hybrid_rule_v4_fast_progress_static_escape_continuous,francis2023_leading_human,1001,True,success,success,173,400,0,2.0211650912840486,30.684783418488625,0,written,True
top,main,hybrid_rule_v4_fast_progress_static_escape_continuous,francis2023_leading_human,1002,False,timeout,max_steps,400,400,0,1.6770544884419714,42.56946228561874,0,written,True
top,main,hybrid_rule_v4_fast_progress_static_escape_continuous,francis2023_leading_human,1003,True,success,success,186,400,0,1.788957803536783,31.675045347425606,0,written,True
top,main,hybrid_rule_v4_fast_progress_static_escape_continuous,francis2023_accompanying_peer,1001,True,success,success,173,400,0,2.0211650912840486,30.684783418488625,0,written,True
top,main,hybrid_rule_v4_fast_progress_static_escape_continuous,francis2023_accompanying_peer,1002,False,timeout,max_steps,400,400,0,1.6770544884419714,42.56946228561874,0,written,True
top,main,hybrid_rule_v4_fast_progress_static_escape_continuous,francis2023_accompanying_peer,1003,True,success,success,186,400,0,1.788957803536783,31.675045347425606,0,written,True
top,main,hybrid_rule_v4_fast_progress_static_escape_continuous,francis2023_join_group,1001,True,success,success,85,400,0,2.995650234372079,11.709809554618287,0,written,True
top,main,hybrid_rule_v4_fast_progress_static_escape_continuous,francis2023_join_group,1002,True,success,success,84,400,0,2.9939342429851674,11.29760802497466,0,written,True
top,main,hybrid_rule_v4_fast_progress_static_escape_continuous,francis2023_join_group,1003,True,success,success,89,400,0,2.817230265398055,12.329861711839449,0,written,True
top,main,hybrid_rule_v4_fast_progress_static_escape_continuous,francis2023_leave_group,1001,True,success,success,85,400,0,2.995650234372079,11.709809554618287,0,written,True
top,main,hybrid_rule_v4_fast_progress_static_escape_continuous,francis2023_leave_group,1002,True,success,success,84,400,0,2.9939342429851674,11.29760802497466,0,written,True
top,main,hybrid_rule_v4_fast_progress_static_escape_continuous,francis2023_leave_group,1003,True,success,success,89,400,0,2.817230265398055,12.329861711839449,0,written,True
top,main,hybrid_rule_v4_fast_progress_static_escape_continuous,francis2023_crowd_navigation,1001,True,success,success,129,400,0,2.993039251048181,21.738661198757832,0,written,True
top,main,hybrid_rule_v4_fast_progress_static_escape_continuous,francis2023_crowd_navigation,1002,True,success,success,132,400,0,2.9841453233848334,21.331620370745647,0,written,True
top,main,hybrid_rule_v4_fast_progress_static_escape_continuous,francis2023_crowd_navigation,1003,True,success,success,134,400,0,2.817230265398055,22.337124602248906,0,written,True
top,main,hybrid_rule_v4_fast_progress_static_escape_continuous,francis2023_parallel_traffic,1001,True,success,success,182,400,0,2.985974911304091,31.781710432994213,0,written,True
top,main,hybrid_rule_v4_fast_progress_static_escape_continuous,francis2023_parallel_traffic,1002,False,timeout,max_steps,400,400,0,2.838194437085443,43.51455252125868,0,written,True
top,main,hybrid_rule_v4_fast_progress_static_escape_continuous,francis2023_parallel_traffic,1003,True,success,success,192,400,0,2.8122433601152266,32.35489438913045,0,written,True
top,main,hybrid_rule_v4_fast_progress_static_escape_continuous,francis2023_perpendicular_traffic,1001,True,success,success,128,400,0,1.3918531641808864,21.58750002622606,0,written,True
top,main,hybrid_rule_v4_fast_progress_static_escape_continuous,francis2023_perpendicular_traffic,1002,True,success,success,133,400,0,1.3833243182699329,21.330729102060772,0,written,True
top,main,hybrid_rule_v4_fast_progress_static_escape_continuous,francis2023_perpendicular_traffic,1003,True,success,success,134,400,0,1.9015061145918117,22.337124602248906,0,written,True
top,main,hybrid_rule_v4_fast_progress_static_escape_continuous,francis2023_circular_crossing,1001,True,success,success,85,400,0,2.995650234372079,11.709809554618287,0,written,True
top,main,hybrid_rule_v4_fast_progress_static_escape_continuous,francis2023_circular_crossing,1002,True,success,success,84,400,0,2.9939342429851674,11.29760802497466,0,written,True
top,main,hybrid_rule_v4_fast_progress_static_escape_continuous,francis2023_circular_crossing,1003,True,success,success,89,400,0,2.817230265398055,12.329861711839449,0,written,True
top,main,hybrid_rule_v4_fast_progress_static_escape_continuous,francis2023_robot_crowding,1001,True,success,success,85,400,0,2.995650234372079,11.709809554618287,0,written,True
top,main,hybrid_rule_v4_fast_progress_static_escape_continuous,francis2023_robot_crowding,1002,True,success,success,84,400,0,2.9939342429851674,11.29760802497466,0,written,True
top,main,hybrid_rule_v4_fast_progress_static_escape_continuous,francis2023_robot_crowding,1003,True,success,success,89,400,0,2.817230265398055,12.329861711839449,0,written,True
top,main,orca,classic_bottleneck_low,1001,True,success,success,109,500,0,1.5843344621619415,19.784406910914175,0,written,True
top,main,orca,classic_bottleneck_low,1002,True,success,success,115,500,0,1.4086546937582525,20.7298746214562,0,written,True
top,main,orca,classic_bottleneck_low,1003,True,success,success,127,500,0,2.089308977930208,23.374384091944425,0,written,True
top,main,orca,classic_bottleneck_medium,1001,True,success,success,109,500,0,1.5843344621619415,19.784406910914175,0,written,True
top,main,orca,classic_bottleneck_medium,1002,True,success,success,115,500,0,1.4086546937582525,20.7298746214562,0,written,True
top,main,orca,classic_bottleneck_medium,1003,True,success,success,127,500,0,2.089308977930208,23.374384091944425,0,written,True
top,main,orca,classic_bottleneck_high,1001,True,success,success,109,500,0,1.5843344621619415,19.784406910914175,0,written,True
top,main,orca,classic_bottleneck_high,1002,True,success,success,115,500,0,1.4086546937582525,20.7298746214562,0,written,True
top,main,orca,classic_bottleneck_high,1003,True,success,success,127,500,0,2.089308977930208,23.374384091944425,0,written,True
top,main,orca,classic_realworld_double_bottleneck_high,1001,True,success,success,246,700,0,1.9493411263499696,47.168306512320115,0,written,True
top,main,orca,classic_realworld_double_bottleneck_high,1002,True,success,success,243,700,0,1.9604166314292708,46.56840127226613,0,written,True
top,main,orca,classic_realworld_double_bottleneck_high,1003,True,success,success,251,700,0,1.9792266790759694,47.99535529899956,0,written,True
top,main,orca,classic_station_platform_medium,1001,True,success,success,452,650,0,2.0760047038477616,87.21683053626396,0,written,True
top,main,orca,classic_station_platform_medium,1002,True,success,success,448,650,0,2.549240171828601,86.41717324195398,0,written,True
top,main,orca,classic_station_platform_medium,1003,True,success,success,459,650,0,2.6203101327453346,88.45078789532153,0,written,True
top,main,orca,classic_cross_trap_low,1001,True,success,success,233,600,0,1.4000375230886692,43.58137153539298,0,written,True
top,main,orca,classic_cross_trap_low,1002,True,success,success,229,600,0,1.4139499207261634,42.77749603006345,0,written,True
top,main,orca,classic_cross_trap_low,1003,True,success,success,216,600,0,1.3988480972514532,40.35984470819203,0,written,True
top,main,orca,classic_cross_trap_medium,1001,True,success,success,233,600,0,1.4000375230886692,43.58137153539298,0,written,True
top,main,orca,classic_cross_trap_medium,1002,True,success,success,229,600,0,1.4139499207261634,42.77749603006345,0,written,True
top,main,orca,classic_cross_trap_medium,1003,True,success,success,216,600,0,1.3988480972514532,40.35984470819203,0,written,True
top,main,orca,classic_cross_trap_high,1001,True,success,success,233,600,0,1.4000375230886692,43.58137153539298,0,written,True
top,main,orca,classic_cross_trap_high,1002,True,success,success,229,600,0,1.4139499207261634,42.77749603006345,0,written,True
top,main,orca,classic_cross_trap_high,1003,True,success,success,216,600,0,1.3988480972514532,40.35984470819203,0,written,True
top,main,orca,classic_doorway_low,1001,True,success,success,85,500,0,1.3441633701492333,12.171826572691305,0,written,True
top,main,orca,classic_doorway_low,1002,True,success,success,81,500,0,1.396121397648836,12.38972453325059,0,written,True
top,main,orca,classic_doorway_low,1003,True,success,success,71,500,0,1.3491300766718528,11.204803385006256,0,written,True
top,main,orca,classic_doorway_medium,1001,True,success,success,85,500,0,1.3441633701492333,12.171826572691305,0,written,True
top,main,orca,classic_doorway_medium,1002,True,success,success,81,500,0,1.396121397648836,12.38972453325059,0,written,True
top,main,orca,classic_doorway_medium,1003,True,success,success,71,500,0,1.3491300766718528,11.204803385006256,0,written,True
top,main,orca,classic_doorway_high,1001,True,success,success,85,500,0,1.3441633701492333,12.171826572691305,0,written,True
top,main,orca,classic_doorway_high,1002,True,success,success,81,500,0,1.396121397648836,12.38972453325059,0,written,True
top,main,orca,classic_doorway_high,1003,True,success,success,71,500,0,1.3491300766718528,11.204803385006256,0,written,True
top,main,orca,classic_group_crossing_low,1001,True,success,success,94,500,0,1.8948470740319945,16.580843740656622,0,written,True
top,main,orca,classic_group_crossing_low,1002,True,success,success,88,500,0,2.0996930039763395,15.518533040656843,0,written,True
top,main,orca,classic_group_crossing_low,1003,True,success,success,97,500,0,2.4680650962766246,17.323906902319788,0,written,True
top,main,orca,classic_group_crossing_medium,1001,True,success,success,94,500,0,1.8948470740319945,16.580843740656622,0,written,True
top,main,orca,classic_group_crossing_medium,1002,True,success,success,88,500,0,2.0996930039763395,15.518533040656843,0,written,True
top,main,orca,classic_group_crossing_medium,1003,True,success,success,97,500,0,2.4680650962766246,17.323906902319788,0,written,True
top,main,orca,classic_group_crossing_high,1001,True,success,success,94,500,0,1.8948470740319945,16.580843740656622,0,written,True
top,main,orca,classic_group_crossing_high,1002,True,success,success,88,500,0,2.0996930039763395,15.518533040656843,0,written,True
top,main,orca,classic_group_crossing_high,1003,True,success,success,97,500,0,2.4680650962766246,17.323906902319788,0,written,True
top,main,orca,classic_head_on_corridor_low,1001,True,success,success,161,500,0,1.622035605766589,29.9063084865834,0,written,True
top,main,orca,classic_head_on_corridor_low,1002,True,success,success,163,500,0,1.5657354692752037,30.206597022612748,0,written,True
top,main,orca,classic_head_on_corridor_low,1003,True,success,success,147,500,0,4.402268156057455,27.20491964000483,0,written,True
top,main,orca,classic_head_on_corridor_medium,1001,True,success,success,161,500,0,1.622035605766589,29.9063084865834,0,written,True
top,main,orca,classic_head_on_corridor_medium,1002,True,success,success,163,500,0,1.5657354692752037,30.206597022612748,0,written,True
top,main,orca,classic_head_on_corridor_medium,1003,True,success,success,147,500,0,4.402268156057455,27.20491964000483,0,written,True
top,main,orca,classic_merging_low,1001,True,success,success,381,600,0,1.881084570898861,68.02184572575723,0,written,True
top,main,orca,classic_merging_low,1002,True,success,success,379,600,0,1.8541433440354722,67.36983858892003,0,written,True
top,main,orca,classic_merging_low,1003,True,success,success,367,600,0,1.8820950259735565,65.17259128300084,0,written,True
top,main,orca,classic_merging_medium,1001,True,success,success,381,600,0,1.881084570898861,68.02184572575723,0,written,True
top,main,orca,classic_merging_medium,1002,True,success,success,379,600,0,1.8541433440354722,67.36983858892003,0,written,True
top,main,orca,classic_merging_medium,1003,True,success,success,367,600,0,1.8820950259735565,65.17259128300084,0,written,True
top,main,orca,classic_overtaking_low,1001,True,success,success,205,600,0,1.4000282171556806,36.53052600556863,0,written,True
top,main,orca,classic_overtaking_low,1002,True,success,success,203,600,0,1.3935455299715758,35.90619506251805,0,written,True
top,main,orca,classic_overtaking_low,1003,True,success,success,182,600,0,1.3973280711629787,32.43720593509244,0,written,True
top,main,orca,classic_overtaking_medium,1001,True,success,success,205,600,0,1.4000282171556806,36.53052600556863,0,written,True
top,main,orca,classic_overtaking_medium,1002,True,success,success,203,600,0,1.3935455299715758,35.90619506251805,0,written,True
top,main,orca,classic_overtaking_medium,1003,True,success,success,182,600,0,1.3973280711629787,32.43720593509244,0,written,True
top,main,orca,classic_t_intersection_low,1001,True,success,success,133,500,0,1.7710576700275418,23.782718250348857,0,written,True
top,main,orca,classic_t_intersection_low,1002,True,success,success,142,500,0,1.3050524847448521,25.038805904219736,0,written,True
top,main,orca,classic_t_intersection_low,1003,True,success,success,150,500,0,1.682908753733634,27.280083880053702,0,written,True
top,main,orca,classic_t_intersection_medium,1001,True,success,success,133,500,0,1.7710576700275418,23.782718250348857,0,written,True
top,main,orca,classic_t_intersection_medium,1002,True,success,success,142,500,0,1.3050524847448521,25.038805904219736,0,written,True
top,main,orca,classic_t_intersection_medium,1003,True,success,success,150,500,0,1.682908753733634,27.280083880053702,0,written,True
top,main,orca,classic_urban_crossing_medium,1001,True,success,success,156,600,0,1.7837819451674866,29.19451978057987,0,written,True
top,main,orca,classic_urban_crossing_medium,1002,True,success,success,153,600,0,1.7323193156297831,28.584224463903904,0,written,True
top,main,orca,classic_urban_crossing_medium,1003,True,success,success,165,600,0,1.4246506380143495,30.716374253140117,0,written,True
top,main,orca,francis2023_frontal_approach,1001,True,success,success,171,400,0,2.935644242678735,31.760626121424018,0,written,True
top,main,orca,francis2023_frontal_approach,1002,True,success,success,169,400,0,2.898145646506477,31.38469084187947,0,written,True
top,main,orca,francis2023_frontal_approach,1003,True,success,success,174,400,0,2.817230335631569,32.35497421021958,0,written,True
top,main,orca,francis2023_pedestrian_obstruction,1001,True,success,success,171,400,0,2.935644242678735,31.760626121424018,0,written,True
top,main,orca,francis2023_pedestrian_obstruction,1002,True,success,success,169,400,0,2.898145646506477,31.38469084187947,0,written,True
top,main,orca,francis2023_pedestrian_obstruction,1003,True,success,success,174,400,0,2.817230335631569,32.35497421021958,0,written,True
top,main,orca,francis2023_pedestrian_overtaking,1001,True,success,success,457,600,0,2.990006977901892,31.686686496707388,0,written,True
top,main,orca,francis2023_pedestrian_overtaking,1002,True,success,success,452,600,0,2.959127081930767,31.340184477188878,0,written,True
top,main,orca,francis2023_pedestrian_overtaking,1003,True,success,success,465,600,0,2.809878859118955,32.28533905142157,0,written,True
top,main,orca,francis2023_robot_overtaking,1001,True,success,success,171,400,0,2.935644242678735,31.760626121424018,0,written,True
top,main,orca,francis2023_robot_overtaking,1002,True,success,success,169,400,0,2.898145646506477,31.38469084187947,0,written,True
top,main,orca,francis2023_robot_overtaking,1003,True,success,success,174,400,0,2.817230335631569,32.35497421021958,0,written,True
top,main,orca,francis2023_down_path,1001,True,success,success,164,400,0,1.9981810073047925,30.797484541736328,0,written,True
top,main,orca,francis2023_down_path,1002,True,success,success,162,400,0,2.0189066105450424,30.38796194851978,0,written,True
top,main,orca,francis2023_down_path,1003,True,success,success,170,400,0,1.956364791002933,31.66015516674113,0,written,True
top,main,orca,francis2023_intersection_no_gesture,1001,True,success,success,118,400,0,1.3918006783214079,21.583299765900897,0,written,True
top,main,orca,francis2023_intersection_no_gesture,1002,True,success,success,117,400,0,1.3800452130124798,21.377581379738057,0,written,True
top,main,orca,francis2023_intersection_no_gesture,1003,True,success,success,122,400,0,1.9733388114915316,22.279930513321823,0,written,True
top,main,orca,francis2023_blind_corner,1001,True,success,success,230,400,0,1.3918006783214043,43.24364345938125,0,written,True
top,main,orca,francis2023_blind_corner,1002,True,success,success,229,400,0,1.3803897726212893,42.9523931286935,0,written,True
top,main,orca,francis2023_blind_corner,1003,True,success,success,231,400,0,1.9856816192554985,43.604098373869036,0,written,True
top,main,orca,francis2023_narrow_hallway,1001,True,success,success,118,400,0,1.391800678321407,21.58329521758193,0,written,True
top,main,orca,francis2023_narrow_hallway,1002,True,success,success,117,400,0,1.379960939450156,21.37759785188038,0,written,True
top,main,orca,francis2023_narrow_hallway,1003,True,success,success,123,400,0,1.2187126590243758,22.464160262120572,0,written,True
top,main,orca,francis2023_narrow_doorway,1001,False,timeout,max_steps,400,400,0,1.4424419110669384,9.619974787562729,0,written,True
top,main,orca,francis2023_narrow_doorway,1002,False,timeout,max_steps,400,400,0,1.436914161200218,9.213566409815758,0,written,True
top,main,orca,francis2023_narrow_doorway,1003,False,timeout,max_steps,400,400,0,1.4431891422675593,10.210361444350644,0,written,True
top,main,orca,francis2023_entering_room,1001,True,success,success,90,400,0,1.7884029378357897,15.88713261303868,0,written,True
top,main,orca,francis2023_entering_room,1002,True,success,success,88,400,0,1.8079360683268137,15.508680232946476,0,written,True
top,main,orca,francis2023_entering_room,1003,True,success,success,93,400,0,1.7926192055739785,16.414285034971016,0,written,True
top,main,orca,francis2023_exiting_room,1001,True,success,success,113,400,0,1.6729365759533923,17.536120406267454,0,written,True
top,main,orca,francis2023_exiting_room,1002,True,success,success,115,400,0,1.6848359394651138,17.860320460790568,0,written,True
top,main,orca,francis2023_exiting_room,1003,True,success,success,111,400,0,1.7766425808093875,17.091609604461777,0,written,True
top,main,orca,francis2023_entering_elevator,1001,True,success,success,59,400,0,2.0144711703787332,9.716509083815398,0,written,True
top,main,orca,francis2023_entering_elevator,1002,True,success,success,57,400,0,2.00056166794462,9.331821155606551,0,written,True
top,main,orca,francis2023_entering_elevator,1003,True,success,success,63,400,0,2.0201023871020203,10.45787679625063,0,written,True
top,main,orca,francis2023_exiting_elevator,1001,True,success,success,81,400,0,1.4479003579886585,11.432390150795312,0,written,True
top,main,orca,francis2023_exiting_elevator,1002,True,success,success,84,400,0,1.6695327553312855,11.812063047947056,0,written,True
top,main,orca,francis2023_exiting_elevator,1003,True,success,success,80,400,0,1.6171859297722326,11.006503111015995,0,written,True
top,main,orca,francis2023_intersection_wait,1001,True,success,success,118,400,0,1.3918006783214079,21.583299765900897,0,written,True
top,main,orca,francis2023_intersection_wait,1002,True,success,success,117,400,0,1.3800452130124798,21.377581379738057,0,written,True
top,main,orca,francis2023_intersection_wait,1003,True,success,success,122,400,0,1.9733388114915316,22.279930513321823,0,written,True
top,main,orca,francis2023_intersection_proceed,1001,True,success,success,118,400,0,1.3918006783214079,21.583299765900897,0,written,True
top,main,orca,francis2023_intersection_proceed,1002,True,success,success,117,400,0,1.3800452130124798,21.377581379738057,0,written,True
top,main,orca,francis2023_intersection_proceed,1003,True,success,success,122,400,0,1.9733388114915316,22.279930513321823,0,written,True
top,main,orca,francis2023_following_human,1001,True,success,success,164,400,0,1.9981810073047925,30.797484541736328,0,written,True
top,main,orca,francis2023_following_human,1002,True,success,success,162,400,0,2.0189066105450424,30.38796194851978,0,written,True
top,main,orca,francis2023_following_human,1003,True,success,success,170,400,0,1.956364791002933,31.66015516674113,0,written,True
top,main,orca,francis2023_leading_human,1001,True,success,success,164,400,0,1.9981810073047925,30.797484541736328,0,written,True
top,main,orca,francis2023_leading_human,1002,True,success,success,162,400,0,2.0189066105450424,30.38796194851978,0,written,True
top,main,orca,francis2023_leading_human,1003,True,success,success,170,400,0,1.956364791002933,31.66015516674113,0,written,True
top,main,orca,francis2023_accompanying_peer,1001,True,success,success,164,400,0,1.9981810073047925,30.797484541736328,0,written,True
top,main,orca,francis2023_accompanying_peer,1002,True,success,success,162,400,0,2.0189066105450424,30.38796194851978,0,written,True
top,main,orca,francis2023_accompanying_peer,1003,True,success,success,170,400,0,1.956364791002933,31.66015516674113,0,written,True
top,main,orca,francis2023_join_group,1001,True,success,success,83,400,0,2.9902292998953532,11.712160938125333,0,written,True
top,main,orca,francis2023_join_group,1002,True,success,success,81,400,0,2.9779601620231757,11.314786266341617,0,written,True
top,main,orca,francis2023_join_group,1003,True,success,success,86,400,0,2.817230335631569,12.352794138420466,0,written,True
top,main,orca,francis2023_leave_group,1001,True,success,success,83,400,0,2.9902292998953532,11.712160938125333,0,written,True
top,main,orca,francis2023_leave_group,1002,True,success,success,81,400,0,2.9779601620231757,11.314786266341617,0,written,True
top,main,orca,francis2023_leave_group,1003,True,success,success,86,400,0,2.817230335631569,12.352794138420466,0,written,True
top,main,orca,francis2023_crowd_navigation,1001,True,success,success,133,400,0,2.9727892965879064,21.725047771637495,0,written,True
top,main,orca,francis2023_crowd_navigation,1002,True,success,success,131,400,0,2.9825713225332358,21.308365372022052,0,written,True
top,main,orca,francis2023_crowd_navigation,1003,True,success,success,135,400,0,2.817230335631569,22.36676073516759,0,written,True
top,main,orca,francis2023_parallel_traffic,1001,True,success,success,171,400,0,2.935644242678735,31.760626121424018,0,written,True
top,main,orca,francis2023_parallel_traffic,1002,True,success,success,169,400,0,2.898145646506477,31.38469084187947,0,written,True
top,main,orca,francis2023_parallel_traffic,1003,True,success,success,174,400,0,2.817230335631569,32.35497421021958,0,written,True
top,main,orca,francis2023_perpendicular_traffic,1001,True,success,success,118,400,0,1.3918006783214079,21.583299765900897,0,written,True
top,main,orca,francis2023_perpendicular_traffic,1002,True,success,success,117,400,0,1.3800452130124798,21.377581379738057,0,written,True
top,main,orca,francis2023_perpendicular_traffic,1003,True,success,success,122,400,0,1.9733388114915316,22.279930513321823,0,written,True
top,main,orca,francis2023_circular_crossing,1001,True,success,success,83,400,0,2.9902292998953532,11.712160938125333,0,written,True
top,main,orca,francis2023_circular_crossing,1002,True,success,success,81,400,0,2.9779601620231757,11.314786266341617,0,written,True
top,main,orca,francis2023_circular_crossing,1003,True,success,success,86,400,0,2.817230335631569,12.352794138420466,0,written,True
top,main,orca,francis2023_robot_crowding,1001,True,success,success,83,400,0,2.9902292998953532,11.712160938125333,0,written,True
top,main,orca,francis2023_robot_crowding,1002,True,success,success,81,400,0,2.9779601620231757,11.314786266341617,0,written,True
top,main,orca,francis2023_robot_crowding,1003,True,success,success,86,400,0,2.817230335631569,12.352794138420466,0,written,True
top,main,ppo,classic_bottleneck_low,1001,True,success,success,109,500,0,1.6691175248279364,19.800000000000004,0,written,True
top,main,ppo,classic_bottleneck_low,1002,True,success,success,113,500,0,1.3915558220781468,20.599999999999987,0,written,True
top,main,ppo,classic_bottleneck_low,1003,True,success,success,127,500,0,1.708505240997258,23.400000000000016,0,written,True
top,main,ppo,classic_bottleneck_medium,1001,True,success,success,109,500,0,1.6691175248279364,19.800000000000004,0,written,True
top,main,ppo,classic_bottleneck_medium,1002,True,success,success,113,500,0,1.3915558220781468,20.599999999999987,0,written,True
top,main,ppo,classic_bottleneck_medium,1003,True,success,success,127,500,0,1.708505240997258,23.400000000000016,0,written,True
top,main,ppo,classic_bottleneck_high,1001,True,success,success,109,500,0,1.6691175248279364,19.800000000000004,0,written,True
top,main,ppo,classic_bottleneck_high,1002,True,success,success,113,500,0,1.3915558220781468,20.599999999999987,0,written,True
top,main,ppo,classic_bottleneck_high,1003,True,success,success,127,500,0,1.708505240997258,23.400000000000016,0,written,True
top,main,ppo,classic_realworld_double_bottleneck_high,1001,True,success,success,246,700,0,1.731587663550643,47.19999999999997,0,written,True
top,main,ppo,classic_realworld_double_bottleneck_high,1002,True,success,success,243,700,0,1.793167481497691,46.599999999999994,0,written,True
top,main,ppo,classic_realworld_double_bottleneck_high,1003,True,success,success,250,700,0,1.2751438567225934,48.0,0,written,True
top,main,ppo,classic_station_platform_medium,1001,False,collision,collision,222,650,1,0.9656053125143956,42.400000000000006,0,written,True
top,main,ppo,classic_station_platform_medium,1002,False,collision,collision,217,650,1,0.9751852495863597,41.40000000000002,0,written,True
top,main,ppo,classic_station_platform_medium,1003,False,collision,collision,230,650,1,0.9797681679426545,44.0,0,written,True
top,main,ppo,classic_cross_trap_low,1001,False,collision,collision,98,600,1,0.9533818508262495,17.60000000000001,0,written,True
top,main,ppo,classic_cross_trap_low,1002,False,collision,collision,93,600,1,0.9816452097665085,16.600000000000005,0,written,True
top,main,ppo,classic_cross_trap_low,1003,True,success,success,263,600,0,2.3592969000844506,50.58999999999999,0,written,True
top,main,ppo,classic_cross_trap_medium,1001,False,collision,collision,98,600,1,0.9533818508262495,17.60000000000001,0,written,True
top,main,ppo,classic_cross_trap_medium,1002,False,collision,collision,93,600,1,0.9816452097665085,16.600000000000005,0,written,True
top,main,ppo,classic_cross_trap_medium,1003,True,success,success,263,600,0,2.3592969000844506,50.58999999999999,0,written,True
top,main,ppo,classic_cross_trap_high,1001,False,collision,collision,98,600,1,0.9533818508262495,17.60000000000001,0,written,True
top,main,ppo,classic_cross_trap_high,1002,False,collision,collision,93,600,1,0.9816452097665085,16.600000000000005,0,written,True
top,main,ppo,classic_cross_trap_high,1003,True,success,success,263,600,0,2.3592969000844506,50.58999999999999,0,written,True
top,main,ppo,classic_doorway_low,1001,True,success,success,68,500,0,1.1429311223952092,11.599999999999993,0,written,True
top,main,ppo,classic_doorway_low,1002,True,success,success,72,500,0,1.200235164434274,12.4,0,written,True
top,main,ppo,classic_doorway_low,1003,False,collision,collision,35,500,1,0.8779209705593439,5.000000000000008,0,written,True
top,main,ppo,classic_doorway_medium,1001,True,success,success,68,500,0,1.1429311223952092,11.599999999999993,0,written,True
top,main,ppo,classic_doorway_medium,1002,True,success,success,72,500,0,1.200235164434274,12.4,0,written,True
top,main,ppo,classic_doorway_medium,1003,False,collision,collision,35,500,1,0.8779209705593439,5.000000000000008,0,written,True
top,main,ppo,classic_doorway_high,1001,True,success,success,68,500,0,1.1429311223952092,11.599999999999993,0,written,True
top,main,ppo,classic_doorway_high,1002,True,success,success,72,500,0,1.200235164434274,12.4,0,written,True
top,main,ppo,classic_doorway_high,1003,False,collision,collision,35,500,1,0.8779209705593439,5.000000000000008,0,written,True
top,main,ppo,classic_group_crossing_low,1001,True,success,success,91,500,0,1.3411695137129274,16.20000000000001,0,written,True
top,main,ppo,classic_group_crossing_low,1002,True,success,success,87,500,0,1.5084381695948974,15.400000000000002,0,written,True
top,main,ppo,classic_group_crossing_low,1003,True,success,success,97,500,0,1.919857438637939,17.4,0,written,True
top,main,ppo,classic_group_crossing_medium,1001,True,success,success,91,500,0,1.3411695137129274,16.20000000000001,0,written,True
top,main,ppo,classic_group_crossing_medium,1002,True,success,success,87,500,0,1.5084381695948974,15.400000000000002,0,written,True
top,main,ppo,classic_group_crossing_medium,1003,True,success,success,97,500,0,1.919857438637939,17.4,0,written,True
top,main,ppo,classic_group_crossing_high,1001,True,success,success,91,500,0,1.3411695137129274,16.20000000000001,0,written,True
top,main,ppo,classic_group_crossing_high,1002,True,success,success,87,500,0,1.5084381695948974,15.400000000000002,0,written,True
top,main,ppo,classic_group_crossing_high,1003,True,success,success,97,500,0,1.919857438637939,17.4,0,written,True
top,main,ppo,classic_head_on_corridor_low,1001,True,success,success,161,500,0,1.6220276352979661,30.199999999999996,0,written,True
top,main,ppo,classic_head_on_corridor_low,1002,True,success,success,161,500,0,1.565730274682954,30.200000000000017,0,written,True
top,main,ppo,classic_head_on_corridor_low,1003,True,success,success,147,500,0,4.402265366821289,27.400000000000006,0,written,True
top,main,ppo,classic_head_on_corridor_medium,1001,True,success,success,161,500,0,1.6220276352979661,30.199999999999996,0,written,True
top,main,ppo,classic_head_on_corridor_medium,1002,True,success,success,161,500,0,1.565730274682954,30.200000000000017,0,written,True
top,main,ppo,classic_head_on_corridor_medium,1003,True,success,success,147,500,0,4.402265366821289,27.400000000000006,0,written,True
top,main,ppo,classic_merging_low,1001,False,collision,collision,143,600,1,0.9583348403765134,26.53598688304424,0,written,True
top,main,ppo,classic_merging_low,1002,False,collision,collision,84,600,1,0.9783131076598935,14.800000000000006,0,written,True
top,main,ppo,classic_merging_low,1003,False,collision,collision,145,600,1,0.9789778260358369,27.000000000000007,0,written,True
top,main,ppo,classic_merging_medium,1001,False,collision,collision,143,600,1,0.9583348403765134,26.53598688304424,0,written,True
top,main,ppo,classic_merging_medium,1002,False,collision,collision,84,600,1,0.9783131076598935,14.800000000000006,0,written,True
top,main,ppo,classic_merging_medium,1003,False,collision,collision,145,600,1,0.9789778260358369,27.000000000000007,0,written,True
top,main,ppo,classic_overtaking_low,1001,True,success,success,204,600,0,1.1272253609621623,38.800000000000004,0,written,True
top,main,ppo,classic_overtaking_low,1002,True,success,success,193,600,0,1.2241746241324094,36.60000000000001,0,written,True
top,main,ppo,classic_overtaking_low,1003,True,success,success,180,600,0,1.7030081834289155,34.0,0,written,True
top,main,ppo,classic_overtaking_medium,1001,True,success,success,204,600,0,1.1272253609621623,38.800000000000004,0,written,True
top,main,ppo,classic_overtaking_medium,1002,True,success,success,193,600,0,1.2241746241324094,36.60000000000001,0,written,True
top,main,ppo,classic_overtaking_medium,1003,True,success,success,180,600,0,1.7030081834289155,34.0,0,written,True
top,main,ppo,classic_t_intersection_low,1001,True,success,success,128,500,0,1.6207986391442688,23.600000000000023,0,written,True
top,main,ppo,classic_t_intersection_low,1002,True,success,success,128,500,0,1.3050524847448521,23.59999999999998,0,written,True
top,main,ppo,classic_t_intersection_low,1003,True,success,success,148,500,0,1.9082745499215283,27.6,0,written,True
top,main,ppo,classic_t_intersection_medium,1001,True,success,success,128,500,0,1.6207986391442688,23.600000000000023,0,written,True
top,main,ppo,classic_t_intersection_medium,1002,True,success,success,128,500,0,1.3050524847448521,23.59999999999998,0,written,True
top,main,ppo,classic_t_intersection_medium,1003,True,success,success,148,500,0,1.9082745499215283,27.6,0,written,True
top,main,ppo,classic_urban_crossing_medium,1001,True,success,success,156,600,0,1.5844677690301616,29.2,0,written,True
top,main,ppo,classic_urban_crossing_medium,1002,True,success,success,153,600,0,1.499746012751411,28.599999999999987,0,written,True
top,main,ppo,classic_urban_crossing_medium,1003,True,success,success,164,600,0,1.4246506380143495,30.799999999999972,0,written,True
top,main,ppo,francis2023_frontal_approach,1001,False,collision,collision,180,400,1,0.8442302268855683,33.99999999999998,0,written,True
top,main,ppo,francis2023_frontal_approach,1002,False,collision,collision,178,400,1,0.8831086627748308,33.599999999999994,0,written,True
top,main,ppo,francis2023_frontal_approach,1003,False,collision,collision,183,400,1,0.9546349470963962,34.599999999999994,0,written,True
top,main,ppo,francis2023_pedestrian_obstruction,1001,False,collision,collision,180,400,1,0.8442302268855683,33.99999999999998,0,written,True
top,main,ppo,francis2023_pedestrian_obstruction,1002,False,collision,collision,178,400,1,0.8831086627748308,33.599999999999994,0,written,True
top,main,ppo,francis2023_pedestrian_obstruction,1003,False,collision,collision,183,400,1,0.9546349470963962,34.599999999999994,0,written,True
top,main,ppo,francis2023_pedestrian_overtaking,1001,False,collision,collision,487,600,1,0.9609283320159467,33.84500000000003,0,written,True
top,main,ppo,francis2023_pedestrian_overtaking,1002,False,collision,collision,482,600,1,0.9453785889401768,33.49500000000004,0,written,True
top,main,ppo,francis2023_pedestrian_overtaking,1003,False,collision,collision,495,600,1,0.9817326456808992,34.40499999999999,0,written,True
top,main,ppo,francis2023_robot_overtaking,1001,False,collision,collision,180,400,1,0.8442302268855683,33.99999999999998,0,written,True
top,main,ppo,francis2023_robot_overtaking,1002,False,collision,collision,178,400,1,0.8831086627748308,33.599999999999994,0,written,True
top,main,ppo,francis2023_robot_overtaking,1003,False,collision,collision,183,400,1,0.9546349470963962,34.599999999999994,0,written,True
top,main,ppo,francis2023_down_path,1001,True,success,success,164,400,0,1.301587841123172,30.800000000000004,0,written,True
top,main,ppo,francis2023_down_path,1002,True,success,success,162,400,0,1.3391180810396262,30.39999999999999,0,written,True
top,main,ppo,francis2023_down_path,1003,True,success,success,167,400,0,1.3710678390973354,31.399999999999977,0,written,True
top,main,ppo,francis2023_intersection_no_gesture,1001,True,success,success,118,400,0,1.3918006783214079,21.60000000000001,0,written,True
top,main,ppo,francis2023_intersection_no_gesture,1002,True,success,success,117,400,0,1.3790899454610426,21.40000000000001,0,written,True
top,main,ppo,francis2023_intersection_no_gesture,1003,True,success,success,122,400,0,2.1435143891075596,22.4,0,written,True
top,main,ppo,francis2023_blind_corner,1001,False,collision,collision,100,400,1,0.9672410262732403,17.999999999999986,0,written,True
top,main,ppo,francis2023_blind_corner,1002,False,collision,collision,98,400,1,1.0025989136977798,17.599999999999994,0,written,True
top,main,ppo,francis2023_blind_corner,1003,False,collision,collision,103,400,1,0.9926419973499925,18.599999999999994,0,written,True
top,main,ppo,francis2023_narrow_hallway,1001,False,collision,collision,88,400,1,0.9932620446711231,15.600000000000003,0,written,True
top,main,ppo,francis2023_narrow_hallway,1002,False,collision,collision,88,400,1,1.0017084226937765,15.599999999999994,0,written,True
top,main,ppo,francis2023_narrow_hallway,1003,False,collision,collision,100,400,1,1.0080116088633428,18.00000000000001,0,written,True
top,main,ppo,francis2023_narrow_doorway,1001,False,collision,collision,59,400,1,0.8910031924856274,9.799999999999999,0,written,True
top,main,ppo,francis2023_narrow_doorway,1002,False,collision,collision,58,400,1,0.8887116313499126,9.6,0,written,True
top,main,ppo,francis2023_narrow_doorway,1003,False,collision,collision,65,400,1,0.9371808493586194,11.000000000000002,0,written,True
top,main,ppo,francis2023_entering_room,1001,False,collision,collision,119,400,1,0.9363622017101627,21.800000000000015,0,written,True
top,main,ppo,francis2023_entering_room,1002,False,collision,collision,118,400,1,0.9010569651138133,21.59999999999999,0,written,True
top,main,ppo,francis2023_entering_room,1003,True,success,success,92,400,0,1.7914700297375916,16.400000000000006,0,written,True
top,main,ppo,francis2023_exiting_room,1001,True,success,success,98,400,0,1.722203618080864,17.599999999999994,0,written,True
top,main,ppo,francis2023_exiting_room,1002,True,success,success,100,400,0,1.5166851244215669,17.999999999999993,0,written,True
top,main,ppo,francis2023_exiting_room,1003,False,collision,collision,37,400,1,0.9714843870144516,5.400000000000003,0,written,True
top,main,ppo,francis2023_entering_elevator,1001,True,success,success,59,400,0,1.58969507991775,9.8,0,written,True
top,main,ppo,francis2023_entering_elevator,1002,True,success,success,57,400,0,1.7478171679127772,9.4,0,written,True
top,main,ppo,francis2023_entering_elevator,1003,True,success,success,62,400,0,2.099103357746367,10.399999999999999,0,written,True
top,main,ppo,francis2023_exiting_elevator,1001,True,success,success,68,400,0,1.4479003579886585,11.600000000000001,0,written,True
top,main,ppo,francis2023_exiting_elevator,1002,True,success,success,69,400,0,1.6695306814589572,11.799999999999992,0,written,True
top,main,ppo,francis2023_exiting_elevator,1003,True,success,success,65,400,0,1.6171859297722326,10.999999999999996,0,written,True
top,main,ppo,francis2023_intersection_wait,1001,True,success,success,118,400,0,1.3918006783214079,21.60000000000001,0,written,True
top,main,ppo,francis2023_intersection_wait,1002,True,success,success,117,400,0,1.3790899454610426,21.40000000000001,0,written,True
top,main,ppo,francis2023_intersection_wait,1003,True,success,success,122,400,0,2.1435143891075596,22.4,0,written,True
top,main,ppo,francis2023_intersection_proceed,1001,True,success,success,118,400,0,1.3918006783214079,21.60000000000001,0,written,True
top,main,ppo,francis2023_intersection_proceed,1002,True,success,success,117,400,0,1.3790899454610426,21.40000000000001,0,written,True
top,main,ppo,francis2023_intersection_proceed,1003,True,success,success,122,400,0,2.1435143891075596,22.4,0,written,True
top,main,ppo,francis2023_following_human,1001,True,success,success,164,400,0,1.301587841123172,30.800000000000004,0,written,True
top,main,ppo,francis2023_following_human,1002,True,success,success,162,400,0,1.3391180810396262,30.39999999999999,0,written,True
top,main,ppo,francis2023_following_human,1003,True,success,success,167,400,0,1.3710678390973354,31.399999999999977,0,written,True
top,main,ppo,francis2023_leading_human,1001,True,success,success,164,400,0,1.301587841123172,30.800000000000004,0,written,True
top,main,ppo,francis2023_leading_human,1002,True,success,success,162,400,0,1.3391180810396262,30.39999999999999,0,written,True
top,main,ppo,francis2023_leading_human,1003,True,success,success,167,400,0,1.3710678390973354,31.399999999999977,0,written,True
top,main,ppo,francis2023_accompanying_peer,1001,True,success,success,164,400,0,1.301587841123172,30.800000000000004,0,written,True
top,main,ppo,francis2023_accompanying_peer,1002,True,success,success,162,400,0,1.3391180810396262,30.39999999999999,0,written,True
top,main,ppo,francis2023_accompanying_peer,1003,True,success,success,167,400,0,1.3710678390973354,31.399999999999977,0,written,True
top,main,ppo,francis2023_join_group,1001,False,collision,collision,79,400,1,0.8948565657031018,13.761908728778359,0,written,True
top,main,ppo,francis2023_join_group,1002,True,success,success,67,400,0,2.879835538317,11.4,0,written,True
top,main,ppo,francis2023_join_group,1003,True,success,success,72,400,0,2.817230335631569,12.400000000000006,0,written,True
top,main,ppo,francis2023_leave_group,1001,False,collision,collision,79,400,1,0.8948565657031018,13.761908728778359,0,written,True
top,main,ppo,francis2023_leave_group,1002,True,success,success,67,400,0,2.879835538317,11.4,0,written,True
top,main,ppo,francis2023_leave_group,1003,True,success,success,72,400,0,2.817230335631569,12.400000000000006,0,written,True
top,main,ppo,francis2023_crowd_navigation,1001,True,success,success,136,400,0,1.8468213466469567,25.200000000000017,0,written,True
top,main,ppo,francis2023_crowd_navigation,1002,True,success,success,132,400,0,2.0248607522398663,24.400000000000002,0,written,True
top,main,ppo,francis2023_crowd_navigation,1003,True,success,success,135,400,0,1.6634679719134593,25.000000000000007,0,written,True
top,main,ppo,francis2023_parallel_traffic,1001,False,collision,collision,180,400,1,0.8442302268855683,33.99999999999998,0,written,True
top,main,ppo,francis2023_parallel_traffic,1002,False,collision,collision,178,400,1,0.8831086627748308,33.599999999999994,0,written,True
top,main,ppo,francis2023_parallel_traffic,1003,False,collision,collision,183,400,1,0.9546349470963962,34.599999999999994,0,written,True
top,main,ppo,francis2023_perpendicular_traffic,1001,True,success,success,118,400,0,1.3918006783214079,21.60000000000001,0,written,True
top,main,ppo,francis2023_perpendicular_traffic,1002,True,success,success,117,400,0,1.3790899454610426,21.40000000000001,0,written,True
top,main,ppo,francis2023_perpendicular_traffic,1003,True,success,success,122,400,0,2.1435143891075596,22.4,0,written,True
top,main,ppo,francis2023_circular_crossing,1001,False,collision,collision,79,400,1,0.8948565657031018,13.761908728778359,0,written,True
top,main,ppo,francis2023_circular_crossing,1002,True,success,success,67,400,0,2.879835538317,11.4,0,written,True
top,main,ppo,francis2023_circular_crossing,1003,True,success,success,72,400,0,2.817230335631569,12.400000000000006,0,written,True
top,main,ppo,francis2023_robot_crowding,1001,False,collision,collision,79,400,1,0.8948565657031018,13.761908728778359,0,written,True
top,main,ppo,francis2023_robot_crowding,1002,True,success,success,67,400,0,2.879835538317,11.4,0,written,True
top,main,ppo,francis2023_robot_crowding,1003,True,success,success,72,400,0,2.817230335631569,12.400000000000006,0,written,True
top,main,prediction_planner,classic_bottleneck_low,1001,True,success,success,132,500,0,1.5438219890585414,19.840000000000018,0,written,True
top,main,prediction_planner,classic_bottleneck_low,1002,True,success,success,136,500,0,1.0336185301181942,20.480000000000015,0,written,True
top,main,prediction_planner,classic_bottleneck_low,1003,True,success,success,153,500,0,2.0859973789884703,23.19999999999994,0,written,True
top,main,prediction_planner,classic_bottleneck_medium,1001,True,success,success,132,500,0,1.5438219890585414,19.840000000000018,0,written,True
top,main,prediction_planner,classic_bottleneck_medium,1002,True,success,success,136,500,0,1.0336185301181942,20.480000000000015,0,written,True
top,main,prediction_planner,classic_bottleneck_medium,1003,True,success,success,153,500,0,2.0859973789884703,23.19999999999994,0,written,True
top,main,prediction_planner,classic_bottleneck_high,1001,True,success,success,132,500,0,1.5438219890585414,19.840000000000018,0,written,True
top,main,prediction_planner,classic_bottleneck_high,1002,True,success,success,136,500,0,1.0336185301181942,20.480000000000015,0,written,True
top,main,prediction_planner,classic_bottleneck_high,1003,True,success,success,153,500,0,2.0859973789884703,23.19999999999994,0,written,True
top,main,prediction_planner,classic_realworld_double_bottleneck_high,1001,True,success,success,302,700,0,1.867434912844818,47.04000000000014,0,written,True
top,main,prediction_planner,classic_realworld_double_bottleneck_high,1002,True,success,success,299,700,0,1.9282110882718184,46.51499999999997,0,written,True
top,main,prediction_planner,classic_realworld_double_bottleneck_high,1003,True,success,success,308,700,0,1.9705292560764531,47.99999999999959,0,written,True
top,main,prediction_planner,classic_station_platform_medium,1001,True,success,success,551,650,0,2.0774309806005142,86.87999999999987,0,written,True
top,main,prediction_planner,classic_station_platform_medium,1002,True,success,success,545,650,0,2.549240171828601,85.91499999999985,0,written,True
top,main,prediction_planner,classic_station_platform_medium,1003,True,success,success,560,650,0,2.6203101327453346,88.31999999999988,0,written,True
top,main,prediction_planner,classic_cross_trap_low,1001,False,collision,collision,118,600,1,0.9232628655234225,17.60000000000004,0,written,True
top,main,prediction_planner,classic_cross_trap_low,1002,False,collision,collision,113,600,1,0.9291438676367119,16.800000000000015,0,written,True
top,main,prediction_planner,classic_cross_trap_low,1003,False,collision,collision,98,600,1,0.9657684117406531,14.399999999999997,0,written,True
top,main,prediction_planner,classic_cross_trap_medium,1001,False,collision,collision,118,600,1,0.9232628655234225,17.60000000000004,0,written,True
top,main,prediction_planner,classic_cross_trap_medium,1002,False,collision,collision,113,600,1,0.9291438676367119,16.800000000000015,0,written,True
top,main,prediction_planner,classic_cross_trap_medium,1003,False,collision,collision,98,600,1,0.9657684117406531,14.399999999999997,0,written,True
top,main,prediction_planner,classic_cross_trap_high,1001,False,collision,collision,118,600,1,0.9232628655234225,17.60000000000004,0,written,True
top,main,prediction_planner,classic_cross_trap_high,1002,False,collision,collision,113,600,1,0.9291438676367119,16.800000000000015,0,written,True
top,main,prediction_planner,classic_cross_trap_high,1003,False,collision,collision,98,600,1,0.9657684117406531,14.399999999999997,0,written,True
top,main,prediction_planner,classic_doorway_low,1001,True,success,success,88,500,0,1.1630537494755115,12.79999999999998,0,written,True
top,main,prediction_planner,classic_doorway_low,1002,False,collision,collision,68,500,1,0.9893846355985584,9.600000000000003,0,written,True
top,main,prediction_planner,classic_doorway_low,1003,True,success,success,79,500,0,1.0989049855333712,11.360000000000024,0,written,True
top,main,prediction_planner,classic_doorway_medium,1001,True,success,success,88,500,0,1.1630537494755115,12.79999999999998,0,written,True
top,main,prediction_planner,classic_doorway_medium,1002,False,collision,collision,68,500,1,0.9893846355985584,9.600000000000003,0,written,True
top,main,prediction_planner,classic_doorway_medium,1003,True,success,success,79,500,0,1.0989049855333712,11.360000000000024,0,written,True
top,main,prediction_planner,classic_doorway_high,1001,True,success,success,88,500,0,1.1630537494755115,12.79999999999998,0,written,True
top,main,prediction_planner,classic_doorway_high,1002,False,collision,collision,68,500,1,0.9893846355985584,9.600000000000003,0,written,True
top,main,prediction_planner,classic_doorway_high,1003,True,success,success,79,500,0,1.0989049855333712,11.360000000000024,0,written,True
top,main,prediction_planner,classic_group_crossing_low,1001,True,success,success,113,500,0,2.0681108732423255,16.800000000000107,0,written,True
top,main,prediction_planner,classic_group_crossing_low,1002,True,success,success,106,500,0,2.1399123326374885,15.679999999999977,0,written,True
top,main,prediction_planner,classic_group_crossing_low,1003,True,success,success,117,500,0,2.5175018328281653,17.440000000000023,0,written,True
top,main,prediction_planner,classic_group_crossing_medium,1001,True,success,success,113,500,0,2.0681108732423255,16.800000000000107,0,written,True
top,main,prediction_planner,classic_group_crossing_medium,1002,True,success,success,106,500,0,2.1399123326374885,15.679999999999977,0,written,True
top,main,prediction_planner,classic_group_crossing_medium,1003,True,success,success,117,500,0,2.5175018328281653,17.440000000000023,0,written,True
top,main,prediction_planner,classic_group_crossing_high,1001,True,success,success,113,500,0,2.0681108732423255,16.800000000000107,0,written,True
top,main,prediction_planner,classic_group_crossing_high,1002,True,success,success,106,500,0,2.1399123326374885,15.679999999999977,0,written,True
top,main,prediction_planner,classic_group_crossing_high,1003,True,success,success,117,500,0,2.5175018328281653,17.440000000000023,0,written,True
top,main,prediction_planner,classic_head_on_corridor_low,1001,True,success,success,195,500,0,1.622035605766589,29.920000000000066,0,written,True
top,main,prediction_planner,classic_head_on_corridor_low,1002,True,success,success,196,500,0,1.5657354692752037,30.080000000000112,0,written,True
top,main,prediction_planner,classic_head_on_corridor_low,1003,True,success,success,178,500,0,4.402267795516071,27.199999999999964,0,written,True
top,main,prediction_planner,classic_head_on_corridor_medium,1001,True,success,success,195,500,0,1.622035605766589,29.920000000000066,0,written,True
top,main,prediction_planner,classic_head_on_corridor_medium,1002,True,success,success,196,500,0,1.5657354692752037,30.080000000000112,0,written,True
top,main,prediction_planner,classic_head_on_corridor_medium,1003,True,success,success,178,500,0,4.402267795516071,27.199999999999964,0,written,True
top,main,prediction_planner,classic_merging_low,1001,True,success,success,442,600,0,1.399906513410632,69.44000000000008,0,written,True
top,main,prediction_planner,classic_merging_low,1002,True,success,success,445,600,0,1.042745172970599,69.92000000000002,0,written,True
top,main,prediction_planner,classic_merging_low,1003,True,success,success,435,600,0,1.1239701606489252,68.31999999999994,0,written,True
top,main,prediction_planner,classic_merging_medium,1001,True,success,success,442,600,0,1.399906513410632,69.44000000000008,0,written,True
top,main,prediction_planner,classic_merging_medium,1002,True,success,success,445,600,0,1.042745172970599,69.92000000000002,0,written,True
top,main,prediction_planner,classic_merging_medium,1003,True,success,success,435,600,0,1.1239701606489252,68.31999999999994,0,written,True
top,main,prediction_planner,classic_overtaking_low,1001,False,collision,collision,197,600,1,0.9342359019476966,30.24000000000008,0,written,True
top,main,prediction_planner,classic_overtaking_low,1002,False,collision,collision,198,600,1,0.9800741573368695,30.39999999999998,0,written,True
top,main,prediction_planner,classic_overtaking_low,1003,False,collision,collision,174,600,1,0.9977802928066134,26.559999999999935,0,written,True
top,main,prediction_planner,classic_overtaking_medium,1001,False,collision,collision,197,600,1,0.9342359019476966,30.24000000000008,0,written,True
top,main,prediction_planner,classic_overtaking_medium,1002,False,collision,collision,198,600,1,0.9800741573368695,30.39999999999998,0,written,True
top,main,prediction_planner,classic_overtaking_medium,1003,False,collision,collision,174,600,1,0.9977802928066134,26.559999999999935,0,written,True
top,main,prediction_planner,classic_t_intersection_low,1001,True,success,success,156,500,0,1.0495743689727648,23.680000000000064,0,written,True
top,main,prediction_planner,classic_t_intersection_low,1002,False,collision,collision,105,500,1,0.9751156106675241,15.519999999999992,0,written,True
top,main,prediction_planner,classic_t_intersection_low,1003,False,collision,collision,117,500,1,0.9768668100224137,17.439999999999944,0,written,True
top,main,prediction_planner,classic_t_intersection_medium,1001,True,success,success,156,500,0,1.0495743689727648,23.680000000000064,0,written,True
top,main,prediction_planner,classic_t_intersection_medium,1002,False,collision,collision,105,500,1,0.9751156106675241,15.519999999999992,0,written,True
top,main,prediction_planner,classic_t_intersection_medium,1003,False,collision,collision,117,500,1,0.9768668100224137,17.439999999999944,0,written,True
top,main,prediction_planner,classic_urban_crossing_medium,1001,True,success,success,190,600,0,1.7835679030421951,29.119999999999962,0,written,True
top,main,prediction_planner,classic_urban_crossing_medium,1002,True,success,success,187,600,0,1.7323193156297831,28.634999999999962,0,written,True
top,main,prediction_planner,classic_urban_crossing_medium,1003,True,success,success,205,600,0,1.4246506380143495,31.52000000000008,0,written,True
top,main,prediction_planner,francis2023_frontal_approach,1001,True,success,success,207,400,0,2.924200601282323,31.835000000000143,0,written,True
top,main,prediction_planner,francis2023_frontal_approach,1002,True,success,success,205,400,0,2.8963103504620666,31.43999999999993,0,written,True
top,main,prediction_planner,francis2023_frontal_approach,1003,True,success,success,210,400,0,2.817230335631569,32.32000000000001,0,written,True
top,main,prediction_planner,francis2023_pedestrian_obstruction,1001,True,success,success,207,400,0,2.924200601282323,31.835000000000143,0,written,True
top,main,prediction_planner,francis2023_pedestrian_obstruction,1002,True,success,success,205,400,0,2.8963103504620666,31.43999999999993,0,written,True
top,main,prediction_planner,francis2023_pedestrian_obstruction,1003,True,success,success,210,400,0,2.817230335631569,32.32000000000001,0,written,True
top,main,prediction_planner,francis2023_pedestrian_overtaking,1001,True,success,success,457,600,0,2.9731024518771516,31.744999999999987,0,written,True
top,main,prediction_planner,francis2023_pedestrian_overtaking,1002,True,success,success,452,600,0,2.9941365521963137,31.389999999999855,0,written,True
top,main,prediction_planner,francis2023_pedestrian_overtaking,1003,True,success,success,465,600,0,2.809878859118955,32.30500000000018,0,written,True
top,main,prediction_planner,francis2023_robot_overtaking,1001,True,success,success,207,400,0,2.924200601282323,31.835000000000143,0,written,True
top,main,prediction_planner,francis2023_robot_overtaking,1002,True,success,success,205,400,0,2.8963103504620666,31.43999999999993,0,written,True
top,main,prediction_planner,francis2023_robot_overtaking,1003,True,success,success,210,400,0,2.817230335631569,32.32000000000001,0,written,True
top,main,prediction_planner,francis2023_down_path,1001,True,success,success,200,400,0,2.0436622869415073,30.714999999999947,0,written,True
top,main,prediction_planner,francis2023_down_path,1002,True,success,success,198,400,0,2.154600437377695,30.32000000000007,0,written,True
top,main,prediction_planner,francis2023_down_path,1003,True,success,success,206,400,0,1.7822858236947985,31.67499999999995,0,written,True
top,main,prediction_planner,francis2023_intersection_no_gesture,1001,True,success,success,143,400,0,1.3918006783214079,21.595000000000006,0,written,True
top,main,prediction_planner,francis2023_intersection_no_gesture,1002,True,success,success,142,400,0,1.3803897726212893,21.360000000000003,0,written,True
top,main,prediction_planner,francis2023_intersection_no_gesture,1003,True,success,success,148,400,0,1.988341398305552,22.395000000000007,0,written,True
top,main,prediction_planner,francis2023_blind_corner,1001,True,success,success,280,400,0,1.3918006783214043,43.51999999999997,0,written,True
top,main,prediction_planner,francis2023_blind_corner,1002,True,success,success,278,400,0,1.147561552040229,43.200000000000095,0,written,True
top,main,prediction_planner,francis2023_blind_corner,1003,True,success,success,279,400,0,1.7568205709101792,43.35999999999998,0,written,True
top,main,prediction_planner,francis2023_narrow_hallway,1001,True,success,success,143,400,0,1.391800678321407,21.595000000000006,0,written,True
top,main,prediction_planner,francis2023_narrow_hallway,1002,True,success,success,142,400,0,1.3803897726212893,21.360000000000003,0,written,True
top,main,prediction_planner,francis2023_narrow_hallway,1003,True,success,success,148,400,0,1.2187460258352512,22.395000000000003,0,written,True
top,main,prediction_planner,francis2023_narrow_doorway,1001,False,collision,collision,75,400,1,0.9798611599654933,10.719999999999983,0,written,True
top,main,prediction_planner,francis2023_narrow_doorway,1002,False,collision,collision,71,400,1,0.9782155265706599,10.080000000000023,0,written,True
top,main,prediction_planner,francis2023_narrow_doorway,1003,False,collision,collision,75,400,1,0.9267675908370577,10.720000000000004,0,written,True
top,main,prediction_planner,francis2023_entering_room,1001,True,success,success,108,400,0,1.695886344919685,15.995000000000013,0,written,True
top,main,prediction_planner,francis2023_entering_room,1002,True,success,success,106,400,0,1.5996269839384096,15.60000000000002,0,written,True
top,main,prediction_planner,francis2023_entering_room,1003,True,success,success,111,400,0,1.5415226209933566,16.47500000000001,0,written,True
top,main,prediction_planner,francis2023_exiting_room,1001,True,success,success,121,400,0,1.7975294437643718,18.080000000000027,0,written,True
top,main,prediction_planner,francis2023_exiting_room,1002,True,success,success,120,400,0,1.6671964434884767,17.919999999999995,0,written,True
top,main,prediction_planner,francis2023_exiting_room,1003,True,success,success,115,400,0,1.5362302184735483,17.119999999999994,0,written,True
top,main,prediction_planner,francis2023_entering_elevator,1001,True,success,success,70,400,0,2.098492408613632,9.915000000000006,0,written,True
top,main,prediction_planner,francis2023_entering_elevator,1002,True,success,success,68,400,0,2.043801159010375,9.519999999999994,0,written,True
top,main,prediction_planner,francis2023_entering_elevator,1003,True,success,success,73,400,0,2.1562896204376836,10.394999999999992,0,written,True
top,main,prediction_planner,francis2023_exiting_elevator,1001,True,success,success,80,400,0,1.4479003579886585,11.519999999999971,0,written,True
top,main,prediction_planner,francis2023_exiting_elevator,1002,True,success,success,82,400,0,1.6695324570003582,11.839999999999964,0,written,True
top,main,prediction_planner,francis2023_exiting_elevator,1003,True,success,success,80,400,0,1.4970402223777888,11.520000000000005,0,written,True
top,main,prediction_planner,francis2023_intersection_wait,1001,True,success,success,143,400,0,1.3918006783214079,21.595000000000006,0,written,True
top,main,prediction_planner,francis2023_intersection_wait,1002,True,success,success,142,400,0,1.3803897726212893,21.360000000000003,0,written,True
top,main,prediction_planner,francis2023_intersection_wait,1003,True,success,success,148,400,0,1.988341398305552,22.395000000000007,0,written,True
top,main,prediction_planner,francis2023_intersection_proceed,1001,True,success,success,143,400,0,1.3918006783214079,21.595000000000006,0,written,True
top,main,prediction_planner,francis2023_intersection_proceed,1002,True,success,success,142,400,0,1.3803897726212893,21.360000000000003,0,written,True
top,main,prediction_planner,francis2023_intersection_proceed,1003,True,success,success,148,400,0,1.988341398305552,22.395000000000007,0,written,True
top,main,prediction_planner,francis2023_following_human,1001,True,success,success,200,400,0,2.0436622869415073,30.714999999999947,0,written,True
top,main,prediction_planner,francis2023_following_human,1002,True,success,success,198,400,0,2.154600437377695,30.32000000000007,0,written,True
top,main,prediction_planner,francis2023_following_human,1003,True,success,success,206,400,0,1.7822858236947985,31.67499999999995,0,written,True
top,main,prediction_planner,francis2023_leading_human,1001,True,success,success,200,400,0,2.0436622869415073,30.714999999999947,0,written,True
top,main,prediction_planner,francis2023_leading_human,1002,True,success,success,198,400,0,2.154600437377695,30.32000000000007,0,written,True
top,main,prediction_planner,francis2023_leading_human,1003,True,success,success,206,400,0,1.7822858236947985,31.67499999999995,0,written,True
top,main,prediction_planner,francis2023_accompanying_peer,1001,True,success,success,200,400,0,2.0436622869415073,30.714999999999947,0,written,True
top,main,prediction_planner,francis2023_accompanying_peer,1002,True,success,success,198,400,0,2.154600437377695,30.32000000000007,0,written,True
top,main,prediction_planner,francis2023_accompanying_peer,1003,True,success,success,206,400,0,1.7822858236947985,31.67499999999995,0,written,True
top,main,prediction_planner,francis2023_join_group,1001,True,success,success,82,400,0,2.925798419670474,11.834999999999981,0,written,True
top,main,prediction_planner,francis2023_join_group,1002,True,success,success,80,400,0,2.8986402190055296,11.440000000000023,0,written,True
top,main,prediction_planner,francis2023_join_group,1003,True,success,success,85,400,0,2.817230335631569,12.319999999999995,0,written,True
top,main,prediction_planner,francis2023_leave_group,1001,True,success,success,82,400,0,2.925798419670474,11.834999999999981,0,written,True
top,main,prediction_planner,francis2023_leave_group,1002,True,success,success,80,400,0,2.8986402190055296,11.440000000000023,0,written,True
top,main,prediction_planner,francis2023_leave_group,1003,True,success,success,85,400,0,2.817230335631569,12.319999999999995,0,written,True
top,main,prediction_planner,francis2023_crowd_navigation,1001,True,success,success,145,400,0,2.8691602505361775,21.900000000000002,0,written,True
top,main,prediction_planner,francis2023_crowd_navigation,1002,True,success,success,142,400,0,2.9847510642342083,21.360000000000003,0,written,True
top,main,prediction_planner,francis2023_crowd_navigation,1003,True,success,success,148,400,0,2.817230335631569,22.395000000000007,0,written,True
top,main,prediction_planner,francis2023_parallel_traffic,1001,True,success,success,207,400,0,2.924200601282323,31.835000000000143,0,written,True
top,main,prediction_planner,francis2023_parallel_traffic,1002,True,success,success,205,400,0,2.8963103504620666,31.43999999999993,0,written,True
top,main,prediction_planner,francis2023_parallel_traffic,1003,True,success,success,210,400,0,2.817230335631569,32.32000000000001,0,written,True
top,main,prediction_planner,francis2023_perpendicular_traffic,1001,True,success,success,143,400,0,1.3918006783214079,21.595000000000006,0,written,True
top,main,prediction_planner,francis2023_perpendicular_traffic,1002,True,success,success,142,400,0,1.3803897726212893,21.360000000000003,0,written,True
top,main,prediction_planner,francis2023_perpendicular_traffic,1003,True,success,success,148,400,0,1.988341398305552,22.395000000000007,0,written,True
top,main,prediction_planner,francis2023_circular_crossing,1001,True,success,success,82,400,0,2.925798419670474,11.834999999999981,0,written,True
top,main,prediction_planner,francis2023_circular_crossing,1002,True,success,success,80,400,0,2.8986402190055296,11.440000000000023,0,written,True
top,main,prediction_planner,francis2023_circular_crossing,1003,True,success,success,85,400,0,2.817230335631569,12.319999999999995,0,written,True
top,main,prediction_planner,francis2023_robot_crowding,1001,True,success,success,82,400,0,2.925798419670474,11.834999999999981,0,written,True
top,main,prediction_planner,francis2023_robot_crowding,1002,True,success,success,80,400,0,2.8986402190055296,11.440000000000023,0,written,True
top,main,prediction_planner,francis2023_robot_crowding,1003,True,success,success,85,400,0,2.817230335631569,12.319999999999995,0,written,True
top,main,predictive_mppi,classic_bottleneck_low,1001,True,success,success,141,500,0,1.3257740585884765,19.895583796373806,0,written,True
top,main,predictive_mppi,classic_bottleneck_low,1002,True,success,success,148,500,0,1.316368497991859,20.8467473815666,0,written,True
top,main,predictive_mppi,classic_bottleneck_low,1003,True,success,success,163,500,0,1.3515141041219014,23.234453478275782,0,written,True
top,main,predictive_mppi,classic_bottleneck_medium,1001,True,success,success,141,500,0,1.3257740585884765,19.895583796373806,0,written,True
top,main,predictive_mppi,classic_bottleneck_medium,1002,True,success,success,148,500,0,1.316368497991859,20.8467473815666,0,written,True
top,main,predictive_mppi,classic_bottleneck_medium,1003,True,success,success,163,500,0,1.3515141041219014,23.234453478275782,0,written,True
top,main,predictive_mppi,classic_bottleneck_high,1001,True,success,success,141,500,0,1.3257740585884765,19.895583796373806,0,written,True
top,main,predictive_mppi,classic_bottleneck_high,1002,True,success,success,148,500,0,1.316368497991859,20.8467473815666,0,written,True
top,main,predictive_mppi,classic_bottleneck_high,1003,True,success,success,163,500,0,1.3515141041219014,23.234453478275782,0,written,True
top,main,predictive_mppi,classic_realworld_double_bottleneck_high,1001,True,success,success,324,700,0,1.5581754752306116,47.41570196322809,0,written,True
top,main,predictive_mppi,classic_realworld_double_bottleneck_high,1002,True,success,success,320,700,0,1.6455504409337396,46.70317984166073,0,written,True
top,main,predictive_mppi,classic_realworld_double_bottleneck_high,1003,True,success,success,331,700,0,1.533592366465589,48.46845649692351,0,written,True
top,main,predictive_mppi,classic_station_platform_medium,1001,True,success,success,598,650,0,2.071553085112939,88.51901049825881,0,written,True
top,main,predictive_mppi,classic_station_platform_medium,1002,True,success,success,592,650,0,2.3124716068199342,87.5924807205937,0,written,True
top,main,predictive_mppi,classic_station_platform_medium,1003,True,success,success,609,650,0,2.194912427156383,90.1105913688119,0,written,True
top,main,predictive_mppi,classic_cross_trap_low,1001,True,success,success,308,600,0,1.3155244148883463,44.75055411355136,0,written,True
top,main,predictive_mppi,classic_cross_trap_low,1002,True,success,success,304,600,0,1.3181287178048333,44.25394104327828,0,written,True
top,main,predictive_mppi,classic_cross_trap_low,1003,True,success,success,285,600,0,1.3295855158722618,41.41368337533588,0,written,True
top,main,predictive_mppi,classic_cross_trap_medium,1001,True,success,success,308,600,0,1.3155244148883463,44.75055411355136,0,written,True
top,main,predictive_mppi,classic_cross_trap_medium,1002,True,success,success,304,600,0,1.3181287178048333,44.25394104327828,0,written,True
top,main,predictive_mppi,classic_cross_trap_medium,1003,True,success,success,285,600,0,1.3295855158722618,41.41368337533588,0,written,True
top,main,predictive_mppi,classic_cross_trap_high,1001,True,success,success,308,600,0,1.3155244148883463,44.75055411355136,0,written,True
top,main,predictive_mppi,classic_cross_trap_high,1002,True,success,success,304,600,0,1.3181287178048333,44.25394104327828,0,written,True
top,main,predictive_mppi,classic_cross_trap_high,1003,True,success,success,285,600,0,1.3295855158722618,41.41368337533588,0,written,True
top,main,predictive_mppi,classic_doorway_low,1001,True,success,success,88,500,0,1.3043339526349105,11.877879115203669,0,written,True
top,main,predictive_mppi,classic_doorway_low,1002,True,success,success,90,500,0,1.3543346339074718,12.320568127018635,0,written,True
top,main,predictive_mppi,classic_doorway_low,1003,True,success,success,83,500,0,1.3791637633346958,11.144284372345332,0,written,True
top,main,predictive_mppi,classic_doorway_medium,1001,True,success,success,88,500,0,1.3043339526349105,11.877879115203669,0,written,True
top,main,predictive_mppi,classic_doorway_medium,1002,True,success,success,90,500,0,1.3543346339074718,12.320568127018635,0,written,True
top,main,predictive_mppi,classic_doorway_medium,1003,True,success,success,83,500,0,1.3791637633346958,11.144284372345332,0,written,True
top,main,predictive_mppi,classic_doorway_high,1001,True,success,success,88,500,0,1.3043339526349105,11.877879115203669,0,written,True
top,main,predictive_mppi,classic_doorway_high,1002,True,success,success,90,500,0,1.3543346339074718,12.320568127018635,0,written,True
top,main,predictive_mppi,classic_doorway_high,1003,True,success,success,83,500,0,1.3791637633346958,11.144284372345332,0,written,True
top,main,predictive_mppi,classic_group_crossing_low,1001,True,success,success,119,500,0,1.779396906268413,16.698523022284277,0,written,True
top,main,predictive_mppi,classic_group_crossing_low,1002,True,success,success,112,500,0,2.060590121286028,15.642451808880468,0,written,True
top,main,predictive_mppi,classic_group_crossing_low,1003,True,success,success,125,500,0,2.406481022769278,17.57272785976513,0,written,True
top,main,predictive_mppi,classic_group_crossing_medium,1001,True,success,success,119,500,0,1.779396906268413,16.698523022284277,0,written,True
top,main,predictive_mppi,classic_group_crossing_medium,1002,True,success,success,112,500,0,2.060590121286028,15.642451808880468,0,written,True
top,main,predictive_mppi,classic_group_crossing_medium,1003,True,success,success,125,500,0,2.406481022769278,17.57272785976513,0,written,True
top,main,predictive_mppi,classic_group_crossing_high,1001,True,success,success,119,500,0,1.779396906268413,16.698523022284277,0,written,True
top,main,predictive_mppi,classic_group_crossing_high,1002,True,success,success,112,500,0,2.060590121286028,15.642451808880468,0,written,True
top,main,predictive_mppi,classic_group_crossing_high,1003,True,success,success,125,500,0,2.406481022769278,17.57272785976513,0,written,True
top,main,predictive_mppi,classic_head_on_corridor_low,1001,True,success,success,213,500,0,1.622035605766589,30.82499999999998,0,written,True
top,main,predictive_mppi,classic_head_on_corridor_low,1002,True,success,success,214,500,0,1.5657354692752037,30.975000000000005,0,written,True
top,main,predictive_mppi,classic_head_on_corridor_low,1003,True,success,success,189,500,0,4.402267795516071,27.225000000000158,0,written,True
top,main,predictive_mppi,classic_head_on_corridor_medium,1001,True,success,success,213,500,0,1.622035605766589,30.82499999999998,0,written,True
top,main,predictive_mppi,classic_head_on_corridor_medium,1002,True,success,success,214,500,0,1.5657354692752037,30.975000000000005,0,written,True
top,main,predictive_mppi,classic_head_on_corridor_medium,1003,True,success,success,189,500,0,4.402267795516071,27.225000000000158,0,written,True
top,main,predictive_mppi,classic_merging_low,1001,True,success,success,478,600,0,1.6148095735922319,70.5272723920729,0,written,True
top,main,predictive_mppi,classic_merging_low,1002,True,success,success,476,600,0,1.5418666232911211,70.22584303883491,0,written,True
top,main,predictive_mppi,classic_merging_low,1003,True,success,success,457,600,0,1.5556614333219752,67.29985713600234,0,written,True
top,main,predictive_mppi,classic_merging_medium,1001,True,success,success,478,600,0,1.6148095735922319,70.5272723920729,0,written,True
top,main,predictive_mppi,classic_merging_medium,1002,True,success,success,476,600,0,1.5418666232911211,70.22584303883491,0,written,True
top,main,predictive_mppi,classic_merging_medium,1003,True,success,success,457,600,0,1.5556614333219752,67.29985713600234,0,written,True
top,main,predictive_mppi,classic_overtaking_low,1001,True,success,success,266,600,0,1.3219098489165515,38.100457939256316,0,written,True
top,main,predictive_mppi,classic_overtaking_low,1002,True,success,success,255,600,0,1.3284392317438891,36.75123005978523,0,written,True
top,main,predictive_mppi,classic_overtaking_low,1003,True,success,success,240,600,0,1.3151437647326183,34.3637900763737,0,written,True
top,main,predictive_mppi,classic_overtaking_medium,1001,True,success,success,266,600,0,1.3219098489165515,38.100457939256316,0,written,True
top,main,predictive_mppi,classic_overtaking_medium,1002,True,success,success,255,600,0,1.3284392317438891,36.75123005978523,0,written,True
top,main,predictive_mppi,classic_overtaking_medium,1003,True,success,success,240,600,0,1.3151437647326183,34.3637900763737,0,written,True
top,main,predictive_mppi,classic_t_intersection_low,1001,True,success,success,170,500,0,1.4758579320362666,24.350200468407493,0,written,True
top,main,predictive_mppi,classic_t_intersection_low,1002,False,timeout,max_steps,500,500,0,1.3079909733065171,0.0,0,written,True
top,main,predictive_mppi,classic_t_intersection_low,1003,True,success,success,190,500,0,1.6598831148677406,27.34209398388137,0,written,True
top,main,predictive_mppi,classic_t_intersection_medium,1001,True,success,success,170,500,0,1.4758579320362666,24.350200468407493,0,written,True
top,main,predictive_mppi,classic_t_intersection_medium,1002,False,timeout,max_steps,500,500,0,1.3079909733065171,0.0,0,written,True
top,main,predictive_mppi,classic_t_intersection_medium,1003,True,success,success,190,500,0,1.6598831148677406,27.34209398388137,0,written,True
top,main,predictive_mppi,classic_urban_crossing_medium,1001,True,success,success,202,600,0,1.7835679030421951,29.174999999999933,0,written,True
top,main,predictive_mppi,classic_urban_crossing_medium,1002,True,success,success,199,600,0,1.7323193156297831,28.704999999999867,0,written,True
top,main,predictive_mppi,classic_urban_crossing_medium,1003,True,success,success,216,600,0,1.3175216287075366,31.08299494596239,0,written,True
top,main,predictive_mppi,francis2023_frontal_approach,1001,True,success,success,224,400,0,1.349922732915153,32.332195895392836,0,written,True
top,main,predictive_mppi,francis2023_frontal_approach,1002,True,success,success,220,400,0,1.6431075789075598,31.813824253215564,0,written,True
top,main,predictive_mppi,francis2023_frontal_approach,1003,True,success,success,228,400,0,1.3549691953190057,32.87648199885004,0,written,True
top,main,predictive_mppi,francis2023_pedestrian_obstruction,1001,True,success,success,224,400,0,1.349922732915153,32.332195895392836,0,written,True
top,main,predictive_mppi,francis2023_pedestrian_obstruction,1002,True,success,success,220,400,0,1.6431075789075598,31.813824253215564,0,written,True
top,main,predictive_mppi,francis2023_pedestrian_obstruction,1003,True,success,success,228,400,0,1.3549691953190057,32.87648199885004,0,written,True
top,main,predictive_mppi,francis2023_pedestrian_overtaking,1001,True,success,success,475,600,0,2.340218457384282,33.00500000000003,0,written,True
top,main,predictive_mppi,francis2023_pedestrian_overtaking,1002,True,success,success,469,600,0,2.2645974459524885,32.58499999999995,0,written,True
top,main,predictive_mppi,francis2023_pedestrian_overtaking,1003,True,success,success,470,600,0,2.809879108312865,32.65500000000024,0,written,True
top,main,predictive_mppi,francis2023_robot_overtaking,1001,True,success,success,224,400,0,1.349922732915153,32.332195895392836,0,written,True
top,main,predictive_mppi,francis2023_robot_overtaking,1002,True,success,success,220,400,0,1.6431075789075598,31.813824253215564,0,written,True
top,main,predictive_mppi,francis2023_robot_overtaking,1003,True,success,success,228,400,0,1.3549691953190057,32.87648199885004,0,written,True
top,main,predictive_mppi,francis2023_down_path,1001,True,success,success,212,400,0,2.0404045627938423,30.612607948664273,0,written,True
top,main,predictive_mppi,francis2023_down_path,1002,True,success,success,211,400,0,2.2654720676988003,30.271004819521735,0,written,True
top,main,predictive_mppi,francis2023_down_path,1003,True,success,success,221,400,0,1.3506998280304507,31.643617697761293,0,written,True
top,main,predictive_mppi,francis2023_intersection_no_gesture,1001,True,success,success,153,400,0,1.3916006798713507,21.805,0,written,True
top,main,predictive_mppi,francis2023_intersection_no_gesture,1002,True,success,success,152,400,0,1.3797737774279397,21.53866283277598,0,written,True
top,main,predictive_mppi,francis2023_intersection_no_gesture,1003,True,success,success,159,400,0,1.4934659642172818,22.452061793834062,0,written,True
top,main,predictive_mppi,francis2023_blind_corner,1001,True,success,success,299,400,0,1.3501805569318461,43.48458862197728,0,written,True
top,main,predictive_mppi,francis2023_blind_corner,1002,True,success,success,297,400,0,1.3507886757729082,43.20217314230955,0,written,True
top,main,predictive_mppi,francis2023_blind_corner,1003,True,success,success,298,400,0,1.351246168932239,43.42461920528254,0,written,True
top,main,predictive_mppi,francis2023_narrow_hallway,1001,True,success,success,153,400,0,1.3514831117776114,21.70330348976556,0,written,True
top,main,predictive_mppi,francis2023_narrow_hallway,1002,True,success,success,151,400,0,1.3502006422966064,21.349793594417402,0,written,True
top,main,predictive_mppi,francis2023_narrow_hallway,1003,True,success,success,159,400,0,1.2101445015970866,22.331740018263517,0,written,True
top,main,predictive_mppi,francis2023_narrow_doorway,1001,False,timeout,max_steps,400,400,0,1.6899657677417503,9.12460236158493,0,written,True
top,main,predictive_mppi,francis2023_narrow_doorway,1002,False,timeout,max_steps,400,400,0,1.5740264260629968,8.920431564411887,0,written,True
top,main,predictive_mppi,francis2023_narrow_doorway,1003,False,timeout,max_steps,400,400,0,1.7068440452433888,9.674176758454593,0,written,True
top,main,predictive_mppi,francis2023_entering_room,1001,True,success,success,114,400,0,1.679196156736212,15.912009255862637,0,written,True
top,main,predictive_mppi,francis2023_entering_room,1002,True,success,success,112,400,0,1.6459359134710008,15.582802591120156,0,written,True
top,main,predictive_mppi,francis2023_entering_room,1003,True,success,success,118,400,0,1.699066002729898,16.439709402477064,0,written,True
top,main,predictive_mppi,francis2023_exiting_room,1001,True,success,success,126,400,0,1.6786484477438754,17.68994838907011,0,written,True
top,main,predictive_mppi,francis2023_exiting_room,1002,True,success,success,129,400,0,1.7907610121908923,18.08337951763358,0,written,True
top,main,predictive_mppi,francis2023_exiting_room,1003,True,success,success,124,400,0,1.7972009013376709,17.39110362978262,0,written,True
top,main,predictive_mppi,francis2023_entering_elevator,1001,True,success,success,74,400,0,2.168975918590267,9.85222242127386,0,written,True
top,main,predictive_mppi,francis2023_entering_elevator,1002,True,success,success,72,400,0,2.1429970103492284,9.42521594488499,0,written,True
top,main,predictive_mppi,francis2023_entering_elevator,1003,True,success,success,77,400,0,2.022555387006173,10.299999999999978,0,written,True
top,main,predictive_mppi,francis2023_exiting_elevator,1001,True,success,success,84,400,0,1.4478879177008854,11.408582660425747,0,written,True
top,main,predictive_mppi,francis2023_exiting_elevator,1002,True,success,success,87,400,0,1.6695324570003582,11.837536816502057,0,written,True
top,main,predictive_mppi,francis2023_exiting_elevator,1003,True,success,success,83,400,0,1.6171859297722326,11.238010563456546,0,written,True
top,main,predictive_mppi,francis2023_intersection_wait,1001,True,success,success,153,400,0,1.3916006798713507,21.805,0,written,True
top,main,predictive_mppi,francis2023_intersection_wait,1002,True,success,success,152,400,0,1.3797737774279397,21.53866283277598,0,written,True
top,main,predictive_mppi,francis2023_intersection_wait,1003,True,success,success,159,400,0,1.4934659642172818,22.452061793834062,0,written,True
top,main,predictive_mppi,francis2023_intersection_proceed,1001,True,success,success,153,400,0,1.3916006798713507,21.805,0,written,True
top,main,predictive_mppi,francis2023_intersection_proceed,1002,True,success,success,152,400,0,1.3797737774279397,21.53866283277598,0,written,True
top,main,predictive_mppi,francis2023_intersection_proceed,1003,True,success,success,159,400,0,1.4934659642172818,22.452061793834062,0,written,True
top,main,predictive_mppi,francis2023_following_human,1001,True,success,success,212,400,0,2.0404045627938423,30.612607948664273,0,written,True
top,main,predictive_mppi,francis2023_following_human,1002,True,success,success,211,400,0,2.2654720676988003,30.271004819521735,0,written,True
top,main,predictive_mppi,francis2023_following_human,1003,True,success,success,221,400,0,1.3506998280304507,31.643617697761293,0,written,True
top,main,predictive_mppi,francis2023_leading_human,1001,True,success,success,212,400,0,2.0404045627938423,30.612607948664273,0,written,True
top,main,predictive_mppi,francis2023_leading_human,1002,True,success,success,211,400,0,2.2654720676988003,30.271004819521735,0,written,True
top,main,predictive_mppi,francis2023_leading_human,1003,True,success,success,221,400,0,1.3506998280304507,31.643617697761293,0,written,True
top,main,predictive_mppi,francis2023_accompanying_peer,1001,True,success,success,212,400,0,2.0404045627938423,30.612607948664273,0,written,True
top,main,predictive_mppi,francis2023_accompanying_peer,1002,True,success,success,211,400,0,2.2654720676988003,30.271004819521735,0,written,True
top,main,predictive_mppi,francis2023_accompanying_peer,1003,True,success,success,221,400,0,1.3506998280304507,31.643617697761293,0,written,True
top,main,predictive_mppi,francis2023_join_group,1001,True,success,success,87,400,0,2.956384083053391,11.883155978633791,0,written,True
top,main,predictive_mppi,francis2023_join_group,1002,True,success,success,85,400,0,2.9406674166949776,11.435,0,written,True
top,main,predictive_mppi,francis2023_join_group,1003,True,success,success,92,400,0,2.8172294192256295,12.419262693260269,0,written,True
top,main,predictive_mppi,francis2023_leave_group,1001,True,success,success,87,400,0,2.956384083053391,11.883155978633791,0,written,True
top,main,predictive_mppi,francis2023_leave_group,1002,True,success,success,85,400,0,2.9406674166949776,11.435,0,written,True
top,main,predictive_mppi,francis2023_leave_group,1003,True,success,success,92,400,0,2.8172294192256295,12.419262693260269,0,written,True
top,main,predictive_mppi,francis2023_crowd_navigation,1001,True,success,success,156,400,0,2.9513542747971773,22.211223778822905,0,written,True
top,main,predictive_mppi,francis2023_crowd_navigation,1002,True,success,success,152,400,0,2.9888592758151438,21.583720362120378,0,written,True
top,main,predictive_mppi,francis2023_crowd_navigation,1003,True,success,success,160,400,0,2.8172294192256295,22.655719961319946,0,written,True
top,main,predictive_mppi,francis2023_parallel_traffic,1001,True,success,success,224,400,0,1.349922732915153,32.332195895392836,0,written,True
top,main,predictive_mppi,francis2023_parallel_traffic,1002,True,success,success,220,400,0,1.6431075789075598,31.813824253215564,0,written,True
top,main,predictive_mppi,francis2023_parallel_traffic,1003,True,success,success,228,400,0,1.3549691953190057,32.87648199885004,0,written,True
top,main,predictive_mppi,francis2023_perpendicular_traffic,1001,True,success,success,153,400,0,1.3916006798713507,21.805,0,written,True
top,main,predictive_mppi,francis2023_perpendicular_traffic,1002,True,success,success,152,400,0,1.3797737774279397,21.53866283277598,0,written,True
top,main,predictive_mppi,francis2023_perpendicular_traffic,1003,True,success,success,159,400,0,1.4934659642172818,22.452061793834062,0,written,True
top,main,predictive_mppi,francis2023_circular_crossing,1001,True,success,success,87,400,0,2.956384083053391,11.883155978633791,0,written,True
top,main,predictive_mppi,francis2023_circular_crossing,1002,True,success,success,85,400,0,2.9406674166949776,11.435,0,written,True
top,main,predictive_mppi,francis2023_circular_crossing,1003,True,success,success,92,400,0,2.8172294192256295,12.419262693260269,0,written,True
top,main,predictive_mppi,francis2023_robot_crowding,1001,True,success,success,87,400,0,2.956384083053391,11.883155978633791,0,written,True
top,main,predictive_mppi,francis2023_robot_crowding,1002,True,success,success,85,400,0,2.9406674166949776,11.435,0,written,True
top,main,predictive_mppi,francis2023_robot_crowding,1003,True,success,success,92,400,0,2.8172294192256295,12.419262693260269,0,written,True
top,main,risk_dwa,classic_bottleneck_low,1001,True,success,success,171,500,0,1.5953442671342046,19.799999990463256,0,written,True
top,main,risk_dwa,classic_bottleneck_low,1002,True,success,success,177,500,0,1.309279662507662,20.519999990463262,0,written,True
top,main,risk_dwa,classic_bottleneck_low,1003,True,success,success,200,500,0,2.0024247852135426,23.27999999046321,0,written,True
top,main,risk_dwa,classic_bottleneck_medium,1001,True,success,success,171,500,0,1.5953442671342046,19.799999990463256,0,written,True
top,main,risk_dwa,classic_bottleneck_medium,1002,True,success,success,177,500,0,1.309279662507662,20.519999990463262,0,written,True
top,main,risk_dwa,classic_bottleneck_medium,1003,True,success,success,200,500,0,2.0024247852135426,23.27999999046321,0,written,True
top,main,risk_dwa,classic_bottleneck_high,1001,True,success,success,171,500,0,1.5953442671342046,19.799999990463256,0,written,True
top,main,risk_dwa,classic_bottleneck_high,1002,True,success,success,177,500,0,1.309279662507662,20.519999990463262,0,written,True
top,main,risk_dwa,classic_bottleneck_high,1003,True,success,success,200,500,0,2.0024247852135426,23.27999999046321,0,written,True
top,main,risk_dwa,classic_realworld_double_bottleneck_high,1001,True,success,success,400,700,0,1.9348741460261947,47.05500000059604,0,written,True
top,main,risk_dwa,classic_realworld_double_bottleneck_high,1002,True,success,success,401,700,0,1.93203297298584,46.465000033676525,0,written,True
top,main,risk_dwa,classic_realworld_double_bottleneck_high,1003,True,success,success,408,700,0,1.9190545861034294,47.94000000178805,0,written,True
top,main,risk_dwa,classic_station_platform_medium,1001,False,timeout,max_steps,650,650,0,2.0734030444236122,77.27999999046338,0,written,True
top,main,risk_dwa,classic_station_platform_medium,1002,False,timeout,max_steps,650,650,0,2.549240171828601,77.27999999046327,0,written,True
top,main,risk_dwa,classic_station_platform_medium,1003,False,timeout,max_steps,650,650,0,2.6203101327453346,77.27999999046324,0,written,True
top,main,risk_dwa,classic_cross_trap_low,1001,True,success,success,366,600,0,1.317199240501925,43.199999990463226,0,written,True
top,main,risk_dwa,classic_cross_trap_low,1002,True,success,success,360,600,0,1.307795786265429,42.47999999046323,0,written,True
top,main,risk_dwa,classic_cross_trap_low,1003,True,success,success,341,600,0,1.334280853972647,40.199999990463255,0,written,True
top,main,risk_dwa,classic_cross_trap_medium,1001,True,success,success,366,600,0,1.317199240501925,43.199999990463226,0,written,True
top,main,risk_dwa,classic_cross_trap_medium,1002,True,success,success,360,600,0,1.307795786265429,42.47999999046323,0,written,True
top,main,risk_dwa,classic_cross_trap_medium,1003,True,success,success,341,600,0,1.334280853972647,40.199999990463255,0,written,True
top,main,risk_dwa,classic_cross_trap_high,1001,True,success,success,366,600,0,1.317199240501925,43.199999990463226,0,written,True
top,main,risk_dwa,classic_cross_trap_high,1002,True,success,success,360,600,0,1.307795786265429,42.47999999046323,0,written,True
top,main,risk_dwa,classic_cross_trap_high,1003,True,success,success,341,600,0,1.334280853972647,40.199999990463255,0,written,True
top,main,risk_dwa,classic_doorway_low,1001,True,success,success,104,500,0,1.3787304688211168,11.759999990463252,0,written,True
top,main,risk_dwa,classic_doorway_low,1002,True,success,success,109,500,0,1.363019921878872,12.359999990463223,0,written,True
top,main,risk_dwa,classic_doorway_low,1003,True,success,success,99,500,0,1.3132829779311412,11.159999990463271,0,written,True
top,main,risk_dwa,classic_doorway_medium,1001,True,success,success,104,500,0,1.3787304688211168,11.759999990463252,0,written,True
top,main,risk_dwa,classic_doorway_medium,1002,True,success,success,109,500,0,1.363019921878872,12.359999990463223,0,written,True
top,main,risk_dwa,classic_doorway_medium,1003,True,success,success,99,500,0,1.3132829779311412,11.159999990463271,0,written,True
top,main,risk_dwa,classic_doorway_high,1001,True,success,success,104,500,0,1.3787304688211168,11.759999990463252,0,written,True
top,main,risk_dwa,classic_doorway_high,1002,True,success,success,109,500,0,1.363019921878872,12.359999990463223,0,written,True
top,main,risk_dwa,classic_doorway_high,1003,True,success,success,99,500,0,1.3132829779311412,11.159999990463271,0,written,True
top,main,risk_dwa,classic_group_crossing_low,1001,True,success,success,142,500,0,1.8320998853656398,16.319999990463224,0,written,True
top,main,risk_dwa,classic_group_crossing_low,1002,True,success,success,135,500,0,2.063720513601806,15.479999990463245,0,written,True
top,main,risk_dwa,classic_group_crossing_low,1003,True,success,success,151,500,0,2.4071526758838173,17.399999990463293,0,written,True
top,main,risk_dwa,classic_group_crossing_medium,1001,True,success,success,142,500,0,1.8320998853656398,16.319999990463224,0,written,True
top,main,risk_dwa,classic_group_crossing_medium,1002,True,success,success,135,500,0,2.063720513601806,15.479999990463245,0,written,True
top,main,risk_dwa,classic_group_crossing_medium,1003,True,success,success,151,500,0,2.4071526758838173,17.399999990463293,0,written,True
top,main,risk_dwa,classic_group_crossing_high,1001,True,success,success,142,500,0,1.8320998853656398,16.319999990463224,0,written,True
top,main,risk_dwa,classic_group_crossing_high,1002,True,success,success,135,500,0,2.063720513601806,15.479999990463245,0,written,True
top,main,risk_dwa,classic_group_crossing_high,1003,True,success,success,151,500,0,2.4071526758838173,17.399999990463293,0,written,True
top,main,risk_dwa,classic_head_on_corridor_low,1001,True,success,success,255,500,0,1.622035605766589,29.879999990463297,0,written,True
top,main,risk_dwa,classic_head_on_corridor_low,1002,True,success,success,256,500,0,1.5657354692752037,29.999999990463206,0,written,True
top,main,risk_dwa,classic_head_on_corridor_low,1003,True,success,success,232,500,0,4.402267795516071,27.11999999046308,0,written,True
top,main,risk_dwa,classic_head_on_corridor_medium,1001,True,success,success,255,500,0,1.622035605766589,29.879999990463297,0,written,True
top,main,risk_dwa,classic_head_on_corridor_medium,1002,True,success,success,256,500,0,1.5657354692752037,29.999999990463206,0,written,True
top,main,risk_dwa,classic_head_on_corridor_medium,1003,True,success,success,232,500,0,4.402267795516071,27.11999999046308,0,written,True
top,main,risk_dwa,classic_merging_low,1001,True,success,success,569,600,0,2.0677349689947886,67.51000000476836,0,written,True
top,main,risk_dwa,classic_merging_low,1002,True,success,success,563,600,0,2.0953516493208104,66.74000000953669,0,written,True
top,main,risk_dwa,classic_merging_low,1003,True,success,success,545,600,0,2.0367214470338513,64.6000000095367,0,written,True
top,main,risk_dwa,classic_merging_medium,1001,True,success,success,569,600,0,2.0677349689947886,67.51000000476836,0,written,True
top,main,risk_dwa,classic_merging_medium,1002,True,success,success,563,600,0,2.0953516493208104,66.74000000953669,0,written,True
top,main,risk_dwa,classic_merging_medium,1003,True,success,success,545,600,0,2.0367214470338513,64.6000000095367,0,written,True
top,main,risk_dwa,classic_overtaking_low,1001,True,success,success,305,600,0,1.3169739603880655,35.87999999046329,0,written,True
top,main,risk_dwa,classic_overtaking_low,1002,True,success,success,301,600,0,1.3134572719956439,35.39999999046328,0,written,True
top,main,risk_dwa,classic_overtaking_low,1003,True,success,success,273,600,0,1.297270959358046,32.03999999046326,0,written,True
top,main,risk_dwa,classic_overtaking_medium,1001,True,success,success,305,600,0,1.3169739603880655,35.87999999046329,0,written,True
top,main,risk_dwa,classic_overtaking_medium,1002,True,success,success,301,600,0,1.3134572719956439,35.39999999046328,0,written,True
top,main,risk_dwa,classic_overtaking_medium,1003,True,success,success,273,600,0,1.297270959358046,32.03999999046326,0,written,True
top,main,risk_dwa,classic_t_intersection_low,1001,True,success,success,203,500,0,1.8320090000166065,23.639999990463288,0,written,True
top,main,risk_dwa,classic_t_intersection_low,1002,True,success,success,210,500,0,1.3050524847448521,24.479999990463202,0,written,True
top,main,risk_dwa,classic_t_intersection_low,1003,True,success,success,232,500,0,1.724055010407604,27.119999990463278,0,written,True
top,main,risk_dwa,classic_t_intersection_medium,1001,True,success,success,203,500,0,1.8320090000166065,23.639999990463288,0,written,True
top,main,risk_dwa,classic_t_intersection_medium,1002,True,success,success,210,500,0,1.3050524847448521,24.479999990463202,0,written,True
top,main,risk_dwa,classic_t_intersection_medium,1003,True,success,success,232,500,0,1.724055010407604,27.119999990463278,0,written,True
top,main,risk_dwa,classic_urban_crossing_medium,1001,True,success,success,250,600,0,1.783567903045549,29.21500000000009,0,written,True
top,main,risk_dwa,classic_urban_crossing_medium,1002,True,success,success,250,600,0,1.7323193156297831,28.610000020265595,0,written,True
top,main,risk_dwa,classic_urban_crossing_medium,1003,True,success,success,263,600,0,1.4246506380143495,30.710000007152622,0,written,True
top,main,risk_dwa,francis2023_frontal_approach,1001,True,success,success,276,400,0,2.9835832730126435,31.72000002264977,0,written,True
top,main,risk_dwa,francis2023_frontal_approach,1002,True,success,success,279,400,0,2.985437804929315,31.320000047087735,0,written,True
top,main,risk_dwa,francis2023_frontal_approach,1003,True,success,success,283,400,0,2.817230335631569,32.290000034570596,0,written,True
top,main,risk_dwa,francis2023_pedestrian_obstruction,1001,True,success,success,276,400,0,2.9835832730126435,31.72000002264977,0,written,True
top,main,risk_dwa,francis2023_pedestrian_obstruction,1002,True,success,success,279,400,0,2.985437804929315,31.320000047087735,0,written,True
top,main,risk_dwa,francis2023_pedestrian_obstruction,1003,True,success,success,283,400,0,2.817230335631569,32.290000034570596,0,written,True
top,main,risk_dwa,francis2023_pedestrian_overtaking,1001,True,success,success,458,600,0,2.9952282253294054,31.715000005960437,0,written,True
top,main,risk_dwa,francis2023_pedestrian_overtaking,1002,True,success,success,461,600,0,2.995745803504909,31.33000001609316,0,written,True
top,main,risk_dwa,francis2023_pedestrian_overtaking,1003,True,success,success,467,600,0,2.809878859118955,32.32000000834477,0,written,True
top,main,risk_dwa,francis2023_robot_overtaking,1001,True,success,success,276,400,0,2.9835832730126435,31.72000002264977,0,written,True
top,main,risk_dwa,francis2023_robot_overtaking,1002,True,success,success,279,400,0,2.985437804929315,31.320000047087735,0,written,True
top,main,risk_dwa,francis2023_robot_overtaking,1003,True,success,success,283,400,0,2.817230335631569,32.290000034570596,0,written,True
top,main,risk_dwa,francis2023_down_path,1001,True,success,success,267,400,0,2.038239903155844,30.63000002026559,0,written,True
top,main,risk_dwa,francis2023_down_path,1002,True,success,success,271,400,0,2.069746070815776,30.27000004947197,0,written,True
top,main,risk_dwa,francis2023_down_path,1003,True,success,success,274,400,0,1.9376017001192165,31.510000032186426,0,written,True
top,main,risk_dwa,francis2023_intersection_no_gesture,1001,True,success,success,191,400,0,1.3918006783214079,21.645000017881422,0,written,True
top,main,risk_dwa,francis2023_intersection_no_gesture,1002,True,success,success,195,400,0,1.3790899455318035,21.360000047087667,0,written,True
top,main,risk_dwa,francis2023_intersection_no_gesture,1003,True,success,success,196,400,0,2.197741474920513,22.340000023841846,0,written,True
top,main,risk_dwa,francis2023_blind_corner,1001,True,success,success,366,400,0,1.3918006783214043,42.79000000476851,0,written,True
top,main,risk_dwa,francis2023_blind_corner,1002,True,success,success,364,400,0,1.3803897726212893,42.56000000238423,0,written,True
top,main,risk_dwa,francis2023_blind_corner,1003,True,success,success,367,400,0,2.0406356160738595,43.25999999999986,0,written,True
top,main,risk_dwa,francis2023_narrow_hallway,1001,True,success,success,191,400,0,1.391800678321407,21.575000044107487,0,written,True
top,main,risk_dwa,francis2023_narrow_hallway,1002,True,success,success,195,400,0,1.3790899455318044,21.30000010073192,0,written,True
top,main,risk_dwa,francis2023_narrow_hallway,1003,True,success,success,198,400,0,1.2170612183084377,22.270000033378672,0,written,True
top,main,risk_dwa,francis2023_narrow_doorway,1001,False,timeout,max_steps,400,400,0,1.4023647404899957,9.690000027418126,0,written,True
top,main,risk_dwa,francis2023_narrow_doorway,1002,False,timeout,max_steps,400,400,0,1.401968213609274,9.290000029206258,0,written,True
top,main,risk_dwa,francis2023_narrow_doorway,1003,False,timeout,max_steps,400,400,0,1.395531299159982,10.26000002980231,0,written,True
top,main,risk_dwa,francis2023_entering_room,1001,True,success,success,142,400,0,1.9443071686465876,15.745000029802318,0,written,True
top,main,risk_dwa,francis2023_entering_room,1002,True,success,success,145,400,0,1.927797983287206,15.38000004708767,0,written,True
top,main,risk_dwa,francis2023_entering_room,1003,True,success,success,151,400,0,1.942648904823291,16.415000059604655,0,written,True
top,main,risk_dwa,francis2023_exiting_room,1001,True,success,success,154,400,0,1.886155564799614,17.57500000059604,0,written,True
top,main,risk_dwa,francis2023_exiting_room,1002,True,success,success,156,400,0,1.8575648852652344,17.935000000000016,0,written,True
top,main,risk_dwa,francis2023_exiting_room,1003,True,success,success,149,400,0,1.879743462886986,17.115000002384193,0,written,True
top,main,risk_dwa,francis2023_entering_elevator,1001,True,success,success,92,400,0,2.14194900471562,9.680000046491624,0,written,True
top,main,risk_dwa,francis2023_entering_elevator,1002,True,success,success,94,400,0,2.095567690517335,9.300000047087671,0,written,True
top,main,risk_dwa,francis2023_entering_elevator,1003,True,success,success,99,400,0,2.1126945260164627,10.30500003367663,0,written,True
top,main,risk_dwa,francis2023_exiting_elevator,1001,True,success,success,103,400,0,1.4479003579886585,11.455000000596051,0,written,True
top,main,risk_dwa,francis2023_exiting_elevator,1002,True,success,success,105,400,0,1.6695324570003582,11.835000002384163,0,written,True
top,main,risk_dwa,francis2023_exiting_elevator,1003,True,success,success,98,400,0,1.6171859297722326,10.975,0,written,True
top,main,risk_dwa,francis2023_intersection_wait,1001,True,success,success,191,400,0,1.3918006783214079,21.645000017881422,0,written,True
top,main,risk_dwa,francis2023_intersection_wait,1002,True,success,success,195,400,0,1.3790899455318035,21.360000047087667,0,written,True
top,main,risk_dwa,francis2023_intersection_wait,1003,True,success,success,196,400,0,2.197741474920513,22.340000023841846,0,written,True
top,main,risk_dwa,francis2023_intersection_proceed,1001,True,success,success,191,400,0,1.3918006783214079,21.645000017881422,0,written,True
top,main,risk_dwa,francis2023_intersection_proceed,1002,True,success,success,195,400,0,1.3790899455318035,21.360000047087667,0,written,True
top,main,risk_dwa,francis2023_intersection_proceed,1003,True,success,success,196,400,0,2.197741474920513,22.340000023841846,0,written,True
top,main,risk_dwa,francis2023_following_human,1001,True,success,success,267,400,0,2.038239903155844,30.63000002026559,0,written,True
top,main,risk_dwa,francis2023_following_human,1002,True,success,success,271,400,0,2.069746070815776,30.27000004947197,0,written,True
top,main,risk_dwa,francis2023_following_human,1003,True,success,success,274,400,0,1.9376017001192165,31.510000032186426,0,written,True
top,main,risk_dwa,francis2023_leading_human,1001,True,success,success,267,400,0,2.038239903155844,30.63000002026559,0,written,True
top,main,risk_dwa,francis2023_leading_human,1002,True,success,success,271,400,0,2.069746070815776,30.27000004947197,0,written,True
top,main,risk_dwa,francis2023_leading_human,1003,True,success,success,274,400,0,1.9376017001192165,31.510000032186426,0,written,True
top,main,risk_dwa,francis2023_accompanying_peer,1001,True,success,success,267,400,0,2.038239903155844,30.63000002026559,0,written,True
top,main,risk_dwa,francis2023_accompanying_peer,1002,True,success,success,271,400,0,2.069746070815776,30.27000004947197,0,written,True
top,main,risk_dwa,francis2023_accompanying_peer,1003,True,success,success,274,400,0,1.9376017001192165,31.510000032186426,0,written,True
top,main,risk_dwa,francis2023_join_group,1001,True,success,success,109,400,0,2.9788867497592446,11.71000003218652,0,written,True
top,main,risk_dwa,francis2023_join_group,1002,True,success,success,113,400,0,2.9895827013080107,11.30000004708766,0,written,True
top,main,risk_dwa,francis2023_join_group,1003,True,success,success,116,400,0,2.817230335631569,12.29500002890825,0,written,True
top,main,risk_dwa,francis2023_leave_group,1001,True,success,success,109,400,0,2.9788867497592446,11.71000003218652,0,written,True
top,main,risk_dwa,francis2023_leave_group,1002,True,success,success,113,400,0,2.9895827013080107,11.30000004708766,0,written,True
top,main,risk_dwa,francis2023_leave_group,1003,True,success,success,116,400,0,2.817230335631569,12.29500002890825,0,written,True
top,main,risk_dwa,francis2023_crowd_navigation,1001,True,success,success,192,400,0,2.9968088820974437,21.69500004410741,0,written,True
top,main,risk_dwa,francis2023_crowd_navigation,1002,True,success,success,195,400,0,2.994317586026966,21.300000100731857,0,written,True
top,main,risk_dwa,francis2023_crowd_navigation,1003,True,success,success,199,400,0,2.817230335631569,22.290000034570728,0,written,True
top,main,risk_dwa,francis2023_parallel_traffic,1001,True,success,success,276,400,0,2.9835832730126435,31.72000002264977,0,written,True
top,main,risk_dwa,francis2023_parallel_traffic,1002,True,success,success,279,400,0,2.985437804929315,31.320000047087735,0,written,True
top,main,risk_dwa,francis2023_parallel_traffic,1003,True,success,success,283,400,0,2.817230335631569,32.290000034570596,0,written,True
top,main,risk_dwa,francis2023_perpendicular_traffic,1001,True,success,success,191,400,0,1.3918006783214079,21.645000017881422,0,written,True
top,main,risk_dwa,francis2023_perpendicular_traffic,1002,True,success,success,195,400,0,1.3790899455318035,21.360000047087667,0,written,True
top,main,risk_dwa,francis2023_perpendicular_traffic,1003,True,success,success,196,400,0,2.197741474920513,22.340000023841846,0,written,True
top,main,risk_dwa,francis2023_circular_crossing,1001,True,success,success,109,400,0,2.9788867497592446,11.71000003218652,0,written,True
top,main,risk_dwa,francis2023_circular_crossing,1002,True,success,success,113,400,0,2.9895827013080107,11.30000004708766,0,written,True
top,main,risk_dwa,francis2023_circular_crossing,1003,True,success,success,116,400,0,2.817230335631569,12.29500002890825,0,written,True
top,main,risk_dwa,francis2023_robot_crowding,1001,True,success,success,109,400,0,2.9788867497592446,11.71000003218652,0,written,True
top,main,risk_dwa,francis2023_robot_crowding,1002,True,success,success,113,400,0,2.9895827013080107,11.30000004708766,0,written,True
top,main,risk_dwa,francis2023_robot_crowding,1003,True,success,success,116,400,0,2.817230335631569,12.29500002890825,0,written,True
top,main,sacadrl,classic_bottleneck_low,1001,True,success,success,202,500,0,1.4378244680510373,19.70000000000004,0,written,True
top,main,sacadrl,classic_bottleneck_low,1002,False,collision,collision,20,500,1,0.9478142687992454,1.5000000000000056,0,written,True
top,main,sacadrl,classic_bottleneck_low,1003,True,success,success,238,500,0,1.4457921292347635,23.300000000000068,0,written,True
top,main,sacadrl,classic_bottleneck_medium,1001,True,success,success,202,500,0,1.4378244680510373,19.70000000000004,0,written,True
top,main,sacadrl,classic_bottleneck_medium,1002,False,collision,collision,20,500,1,0.9478142687992454,1.5000000000000056,0,written,True
top,main,sacadrl,classic_bottleneck_medium,1003,True,success,success,238,500,0,1.4457921292347635,23.300000000000068,0,written,True
top,main,sacadrl,classic_bottleneck_high,1001,True,success,success,202,500,0,1.4378244680510373,19.70000000000004,0,written,True
top,main,sacadrl,classic_bottleneck_high,1002,False,collision,collision,20,500,1,0.9478142687992454,1.5000000000000056,0,written,True
top,main,sacadrl,classic_bottleneck_high,1003,True,success,success,238,500,0,1.4457921292347635,23.300000000000068,0,written,True
top,main,sacadrl,classic_realworld_double_bottleneck_high,1001,True,success,success,477,700,0,1.7895322199237391,47.19999999999992,0,written,True
top,main,sacadrl,classic_realworld_double_bottleneck_high,1002,True,success,success,471,700,0,1.746867075631146,46.60000000000026,0,written,True
top,main,sacadrl,classic_realworld_double_bottleneck_high,1003,True,success,success,486,700,0,1.253922078692157,48.099999999999866,0,written,True
top,main,sacadrl,classic_station_platform_medium,1001,False,timeout,max_steps,650,650,0,2.071553085112939,64.49999999999986,0,written,True
top,main,sacadrl,classic_station_platform_medium,1002,False,timeout,max_steps,650,650,0,2.549240171828601,64.50000000000006,0,written,True
top,main,sacadrl,classic_station_platform_medium,1003,False,timeout,max_steps,650,650,0,2.6203101327453346,64.49999999999997,0,written,True
top,main,sacadrl,classic_cross_trap_low,1001,False,collision,collision,185,600,1,0.9967520744463673,17.999999999999986,0,written,True
top,main,sacadrl,classic_cross_trap_low,1002,False,collision,collision,175,600,1,0.9667676718843244,16.99999999999999,0,written,True
top,main,sacadrl,classic_cross_trap_low,1003,False,collision,collision,152,600,1,0.9985378229382996,14.69999999999999,0,written,True
top,main,sacadrl,classic_cross_trap_medium,1001,False,collision,collision,185,600,1,0.9967520744463673,17.999999999999986,0,written,True
top,main,sacadrl,classic_cross_trap_medium,1002,False,collision,collision,175,600,1,0.9667676718843244,16.99999999999999,0,written,True
top,main,sacadrl,classic_cross_trap_medium,1003,False,collision,collision,152,600,1,0.9985378229382996,14.69999999999999,0,written,True
top,main,sacadrl,classic_cross_trap_high,1001,False,collision,collision,185,600,1,0.9967520744463673,17.999999999999986,0,written,True
top,main,sacadrl,classic_cross_trap_high,1002,False,collision,collision,175,600,1,0.9667676718843244,16.99999999999999,0,written,True
top,main,sacadrl,classic_cross_trap_high,1003,False,collision,collision,152,600,1,0.9985378229382996,14.69999999999999,0,written,True
top,main,sacadrl,classic_doorway_low,1001,False,collision,collision,93,500,1,0.9942897742971801,8.79999999999998,0,written,True
top,main,sacadrl,classic_doorway_low,1002,False,collision,collision,88,500,1,0.9904106894869557,8.299999999999994,0,written,True
top,main,sacadrl,classic_doorway_low,1003,False,collision,collision,92,500,1,0.9648328977829369,8.699999999999969,0,written,True
top,main,sacadrl,classic_doorway_medium,1001,False,collision,collision,93,500,1,0.9942897742971801,8.79999999999998,0,written,True
top,main,sacadrl,classic_doorway_medium,1002,False,collision,collision,88,500,1,0.9904106894869557,8.299999999999994,0,written,True
top,main,sacadrl,classic_doorway_medium,1003,False,collision,collision,92,500,1,0.9648328977829369,8.699999999999969,0,written,True
top,main,sacadrl,classic_doorway_high,1001,False,collision,collision,93,500,1,0.9942897742971801,8.79999999999998,0,written,True
top,main,sacadrl,classic_doorway_high,1002,False,collision,collision,88,500,1,0.9904106894869557,8.299999999999994,0,written,True
top,main,sacadrl,classic_doorway_high,1003,False,collision,collision,92,500,1,0.9648328977829369,8.699999999999969,0,written,True
top,main,sacadrl,classic_group_crossing_low,1001,True,success,success,178,500,0,2.1047993648558503,17.299999999999972,0,written,True
top,main,sacadrl,classic_group_crossing_low,1002,True,success,success,169,500,0,2.14603670843593,16.400000000000105,0,written,True
top,main,sacadrl,classic_group_crossing_low,1003,True,success,success,179,500,0,2.4339659145785384,17.399999999999963,0,written,True
top,main,sacadrl,classic_group_crossing_medium,1001,True,success,success,178,500,0,2.1047993648558503,17.299999999999972,0,written,True
top,main,sacadrl,classic_group_crossing_medium,1002,True,success,success,169,500,0,2.14603670843593,16.400000000000105,0,written,True
top,main,sacadrl,classic_group_crossing_medium,1003,True,success,success,179,500,0,2.4339659145785384,17.399999999999963,0,written,True
top,main,sacadrl,classic_group_crossing_high,1001,True,success,success,178,500,0,2.1047993648558503,17.299999999999972,0,written,True
top,main,sacadrl,classic_group_crossing_high,1002,True,success,success,169,500,0,2.14603670843593,16.400000000000105,0,written,True
top,main,sacadrl,classic_group_crossing_high,1003,True,success,success,179,500,0,2.4339659145785384,17.399999999999963,0,written,True
top,main,sacadrl,classic_head_on_corridor_low,1001,False,collision,collision,152,500,1,0.9969107760379566,14.7,0,written,True
top,main,sacadrl,classic_head_on_corridor_low,1002,False,collision,collision,146,500,1,0.9548743229933474,14.099999999999984,0,written,True
top,main,sacadrl,classic_head_on_corridor_low,1003,False,collision,collision,123,500,1,0.9888299033187659,11.800000000000004,0,written,True
top,main,sacadrl,classic_head_on_corridor_medium,1001,False,collision,collision,152,500,1,0.9969107760379566,14.7,0,written,True
top,main,sacadrl,classic_head_on_corridor_medium,1002,False,collision,collision,146,500,1,0.9548743229933474,14.099999999999984,0,written,True
top,main,sacadrl,classic_head_on_corridor_medium,1003,False,collision,collision,123,500,1,0.9888299033187659,11.800000000000004,0,written,True
top,main,sacadrl,classic_merging_low,1001,False,collision,collision,235,600,1,0.9549049289522645,23.00000000000005,0,written,True
top,main,sacadrl,classic_merging_low,1002,False,collision,collision,354,600,1,0.9549915967053136,34.89999999999999,0,written,True
top,main,sacadrl,classic_merging_low,1003,False,collision,collision,211,600,1,0.950428387930435,20.599999999999977,0,written,True
top,main,sacadrl,classic_merging_medium,1001,False,collision,collision,235,600,1,0.9549049289522645,23.00000000000005,0,written,True
top,main,sacadrl,classic_merging_medium,1002,False,collision,collision,354,600,1,0.9549915967053136,34.89999999999999,0,written,True
top,main,sacadrl,classic_merging_medium,1003,False,collision,collision,211,600,1,0.950428387930435,20.599999999999977,0,written,True
top,main,sacadrl,classic_overtaking_low,1001,False,collision,collision,111,600,1,0.9796470099874304,10.600000000000017,0,written,True
top,main,sacadrl,classic_overtaking_low,1002,False,collision,collision,106,600,1,0.9929847283071969,10.100000000000001,0,written,True
top,main,sacadrl,classic_overtaking_low,1003,False,collision,collision,76,600,1,0.9548108363604367,7.099999999999997,0,written,True
top,main,sacadrl,classic_overtaking_medium,1001,False,collision,collision,111,600,1,0.9796470099874304,10.600000000000017,0,written,True
top,main,sacadrl,classic_overtaking_medium,1002,False,collision,collision,106,600,1,0.9929847283071969,10.100000000000001,0,written,True
top,main,sacadrl,classic_overtaking_medium,1003,False,collision,collision,76,600,1,0.9548108363604367,7.099999999999997,0,written,True
top,main,sacadrl,classic_t_intersection_low,1001,False,collision,collision,128,500,1,0.9088564603684801,12.299999999999926,0,written,True
top,main,sacadrl,classic_t_intersection_low,1002,False,collision,collision,141,500,1,0.9787498940914892,13.600000000000026,0,written,True
top,main,sacadrl,classic_t_intersection_low,1003,False,collision,collision,163,500,1,0.9715924219422869,15.799999999999928,0,written,True
top,main,sacadrl,classic_t_intersection_medium,1001,False,collision,collision,128,500,1,0.9088564603684801,12.299999999999926,0,written,True
top,main,sacadrl,classic_t_intersection_medium,1002,False,collision,collision,141,500,1,0.9787498940914892,13.600000000000026,0,written,True
top,main,sacadrl,classic_t_intersection_medium,1003,False,collision,collision,163,500,1,0.9715924219422869,15.799999999999928,0,written,True
top,main,sacadrl,classic_urban_crossing_medium,1001,False,collision,collision,21,600,1,0.949046865287801,1.5999999999999979,0,written,True
top,main,sacadrl,classic_urban_crossing_medium,1002,False,collision,collision,20,600,1,0.9981603322466989,1.5000000000000004,0,written,True
top,main,sacadrl,classic_urban_crossing_medium,1003,False,collision,collision,54,600,1,0.982310753681177,4.899999999999996,0,written,True
top,main,sacadrl,francis2023_frontal_approach,1001,False,collision,collision,77,400,1,0.9103605582406079,7.1999999999999975,0,written,True
top,main,sacadrl,francis2023_frontal_approach,1002,False,collision,collision,72,400,1,0.9587669127509929,6.699999999999999,0,written,True
top,main,sacadrl,francis2023_frontal_approach,1003,False,collision,collision,77,400,1,1.0127009804893539,7.200000000000004,0,written,True
top,main,sacadrl,francis2023_pedestrian_obstruction,1001,False,collision,collision,77,400,1,0.9103605582406079,7.1999999999999975,0,written,True
top,main,sacadrl,francis2023_pedestrian_obstruction,1002,False,collision,collision,72,400,1,0.9587669127509929,6.699999999999999,0,written,True
top,main,sacadrl,francis2023_pedestrian_obstruction,1003,False,collision,collision,77,400,1,1.0127009804893539,7.200000000000004,0,written,True
top,main,sacadrl,francis2023_pedestrian_overtaking,1001,False,collision,collision,93,600,1,0.9969117334447453,6.264999999999999,0,written,True
top,main,sacadrl,francis2023_pedestrian_overtaking,1002,False,collision,collision,90,600,1,1.019642882850533,6.054999999999998,0,written,True
top,main,sacadrl,francis2023_pedestrian_overtaking,1003,False,timeout,max_steps,600,600,0,1.0448963025978781,41.755,0,written,True
top,main,sacadrl,francis2023_robot_overtaking,1001,False,collision,collision,77,400,1,0.9103605582406079,7.1999999999999975,0,written,True
top,main,sacadrl,francis2023_robot_overtaking,1002,False,collision,collision,72,400,1,0.9587669127509929,6.699999999999999,0,written,True
top,main,sacadrl,francis2023_robot_overtaking,1003,False,collision,collision,77,400,1,1.0127009804893539,7.200000000000004,0,written,True
top,main,sacadrl,francis2023_down_path,1001,False,collision,collision,33,400,1,0.9780435176097801,2.7999999999999985,0,written,True
top,main,sacadrl,francis2023_down_path,1002,False,collision,collision,32,400,1,0.9354575309447991,2.7000000000000015,0,written,True
top,main,sacadrl,francis2023_down_path,1003,False,collision,collision,47,400,1,0.9980200221212235,4.199999999999998,0,written,True
top,main,sacadrl,francis2023_intersection_no_gesture,1001,False,collision,collision,42,400,1,0.9451733389376199,3.699999999999996,0,written,True
top,main,sacadrl,francis2023_intersection_no_gesture,1002,False,collision,collision,50,400,1,0.9866001383126918,4.5,0,written,True
top,main,sacadrl,francis2023_intersection_no_gesture,1003,False,collision,collision,74,400,1,0.9688157368020358,6.900000000000006,0,written,True
top,main,sacadrl,francis2023_blind_corner,1001,False,collision,collision,310,400,1,0.9943183669515746,30.499999999999986,0,written,True
top,main,sacadrl,francis2023_blind_corner,1002,False,timeout,max_steps,400,400,0,1.0557915338124706,39.49999999999997,0,written,True
top,main,sacadrl,francis2023_blind_corner,1003,False,timeout,max_steps,400,400,0,1.4647861025042095,39.49999999999996,0,written,True
top,main,sacadrl,francis2023_narrow_hallway,1001,False,collision,collision,42,400,1,0.945173338937623,3.6999999999999975,0,written,True
top,main,sacadrl,francis2023_narrow_hallway,1002,False,collision,collision,50,400,1,0.9866001383126889,4.5000000000000036,0,written,True
top,main,sacadrl,francis2023_narrow_hallway,1003,False,collision,collision,74,400,1,0.9688157368020255,6.9000000000000075,0,written,True
top,main,sacadrl,francis2023_narrow_doorway,1001,False,collision,collision,118,400,1,0.9585680872637925,11.300000000000015,0,written,True
top,main,sacadrl,francis2023_narrow_doorway,1002,False,collision,collision,110,400,1,0.9653709248770229,10.500000000000005,0,written,True
top,main,sacadrl,francis2023_narrow_doorway,1003,False,collision,collision,119,400,1,0.9944771255866142,11.4,0,written,True
top,main,sacadrl,francis2023_entering_room,1001,True,success,success,170,400,0,1.1181598003009905,16.49999999999997,0,written,True
top,main,sacadrl,francis2023_entering_room,1002,True,success,success,165,400,0,1.0735794061213946,15.999999999999998,0,written,True
top,main,sacadrl,francis2023_entering_room,1003,True,success,success,170,400,0,1.165604569935896,16.500000000000025,0,written,True
top,main,sacadrl,francis2023_exiting_room,1001,True,success,success,188,400,0,1.6096463985222726,18.299999999999997,0,written,True
top,main,sacadrl,francis2023_exiting_room,1002,True,success,success,187,400,0,1.7033006488344933,18.200000000000003,0,written,True
top,main,sacadrl,francis2023_exiting_room,1003,True,success,success,176,400,0,1.4317945503259961,17.10000000000007,0,written,True
top,main,sacadrl,francis2023_entering_elevator,1001,True,success,success,118,400,0,1.437400357728541,11.299999999999999,0,written,True
top,main,sacadrl,francis2023_entering_elevator,1002,True,success,success,112,400,0,1.3903880075233195,10.7,0,written,True
top,main,sacadrl,francis2023_entering_elevator,1003,True,success,success,109,400,0,2.292511422015928,10.399999999999977,0,written,True
top,main,sacadrl,francis2023_exiting_elevator,1001,True,success,success,120,400,0,1.4478879177008854,11.499999999999964,0,written,True
top,main,sacadrl,francis2023_exiting_elevator,1002,True,success,success,123,400,0,1.6695324570003582,11.800000000000036,0,written,True
top,main,sacadrl,francis2023_exiting_elevator,1003,True,success,success,123,400,0,1.3751512564910204,11.799999999999992,0,written,True
top,main,sacadrl,francis2023_intersection_wait,1001,False,collision,collision,42,400,1,0.9451733389376199,3.699999999999996,0,written,True
top,main,sacadrl,francis2023_intersection_wait,1002,False,collision,collision,50,400,1,0.9866001383126918,4.5,0,written,True
top,main,sacadrl,francis2023_intersection_wait,1003,False,collision,collision,74,400,1,0.9688157368020358,6.900000000000006,0,written,True
top,main,sacadrl,francis2023_intersection_proceed,1001,False,collision,collision,42,400,1,0.9451733389376199,3.699999999999996,0,written,True
top,main,sacadrl,francis2023_intersection_proceed,1002,False,collision,collision,50,400,1,0.9866001383126918,4.5,0,written,True
top,main,sacadrl,francis2023_intersection_proceed,1003,False,collision,collision,74,400,1,0.9688157368020358,6.900000000000006,0,written,True
top,main,sacadrl,francis2023_following_human,1001,False,collision,collision,33,400,1,0.9780435176097801,2.7999999999999985,0,written,True
top,main,sacadrl,francis2023_following_human,1002,False,collision,collision,32,400,1,0.9354575309447991,2.7000000000000015,0,written,True
top,main,sacadrl,francis2023_following_human,1003,False,collision,collision,47,400,1,0.9980200221212235,4.199999999999998,0,written,True
top,main,sacadrl,francis2023_leading_human,1001,False,collision,collision,33,400,1,0.9780435176097801,2.7999999999999985,0,written,True
top,main,sacadrl,francis2023_leading_human,1002,False,collision,collision,32,400,1,0.9354575309447991,2.7000000000000015,0,written,True
top,main,sacadrl,francis2023_leading_human,1003,False,collision,collision,47,400,1,0.9980200221212235,4.199999999999998,0,written,True
top,main,sacadrl,francis2023_accompanying_peer,1001,False,collision,collision,33,400,1,0.9780435176097801,2.7999999999999985,0,written,True
top,main,sacadrl,francis2023_accompanying_peer,1002,False,collision,collision,32,400,1,0.9354575309447991,2.7000000000000015,0,written,True
top,main,sacadrl,francis2023_accompanying_peer,1003,False,collision,collision,47,400,1,0.9980200221212235,4.199999999999998,0,written,True
top,main,sacadrl,francis2023_join_group,1001,True,success,success,128,400,0,2.9446761681548734,12.299999999999992,0,written,True
top,main,sacadrl,francis2023_join_group,1002,True,success,success,122,400,0,2.9831025710459853,11.699999999999996,0,written,True
top,main,sacadrl,francis2023_join_group,1003,True,success,success,129,400,0,2.817230335631569,12.400000000000002,0,written,True
top,main,sacadrl,francis2023_leave_group,1001,True,success,success,128,400,0,2.9446761681548734,12.299999999999992,0,written,True
top,main,sacadrl,francis2023_leave_group,1002,True,success,success,122,400,0,2.9831025710459853,11.699999999999996,0,written,True
top,main,sacadrl,francis2023_leave_group,1003,True,success,success,129,400,0,2.817230335631569,12.400000000000002,0,written,True
top,main,sacadrl,francis2023_crowd_navigation,1001,True,success,success,234,400,0,2.946166879163529,22.899999999999928,0,written,True
top,main,sacadrl,francis2023_crowd_navigation,1002,True,success,success,231,400,0,2.9640316544212455,22.6000000000001,0,written,True
top,main,sacadrl,francis2023_crowd_navigation,1003,True,success,success,239,400,0,2.817230335631569,23.400000000000034,0,written,True
top,main,sacadrl,francis2023_parallel_traffic,1001,False,collision,collision,77,400,1,0.9103605582406079,7.1999999999999975,0,written,True
top,main,sacadrl,francis2023_parallel_traffic,1002,False,collision,collision,72,400,1,0.9587669127509929,6.699999999999999,0,written,True
top,main,sacadrl,francis2023_parallel_traffic,1003,False,collision,collision,77,400,1,1.0127009804893539,7.200000000000004,0,written,True
top,main,sacadrl,francis2023_perpendicular_traffic,1001,False,collision,collision,42,400,1,0.9451733389376199,3.699999999999996,0,written,True
top,main,sacadrl,francis2023_perpendicular_traffic,1002,False,collision,collision,50,400,1,0.9866001383126918,4.5,0,written,True
top,main,sacadrl,francis2023_perpendicular_traffic,1003,False,collision,collision,74,400,1,0.9688157368020358,6.900000000000006,0,written,True
top,main,sacadrl,francis2023_circular_crossing,1001,True,success,success,128,400,0,2.9446761681548734,12.299999999999992,0,written,True
top,main,sacadrl,francis2023_circular_crossing,1002,True,success,success,122,400,0,2.9831025710459853,11.699999999999996,0,written,True
top,main,sacadrl,francis2023_circular_crossing,1003,True,success,success,129,400,0,2.817230335631569,12.400000000000002,0,written,True
top,main,sacadrl,francis2023_robot_crowding,1001,True,success,success,128,400,0,2.9446761681548734,12.299999999999992,0,written,True
top,main,sacadrl,francis2023_robot_crowding,1002,True,success,success,122,400,0,2.9831025710459853,11.699999999999996,0,written,True
top,main,sacadrl,francis2023_robot_crowding,1003,True,success,success,129,400,0,2.817230335631569,12.400000000000002,0,written,True
top,main,scenario_adaptive_hybrid_orca_v2_bottleneck_yield_v4,classic_bottleneck_low,1001,True,success,success,112,500,0,1.5300995080585376,19.71657532053132,0,written,True
top,main,scenario_adaptive_hybrid_orca_v2_bottleneck_yield_v4,classic_bottleneck_low,1002,True,success,success,116,500,0,1.0712281565189954,20.544427201524798,0,written,True
top,main,scenario_adaptive_hybrid_orca_v2_bottleneck_yield_v4,classic_bottleneck_low,1003,True,success,success,133,500,0,1.8412005141517913,23.323260577652213,0,written,True
top,main,scenario_adaptive_hybrid_orca_v2_bottleneck_yield_v4,classic_bottleneck_medium,1001,True,success,success,112,500,0,1.5300995080585376,19.71657532053132,0,written,True
top,main,scenario_adaptive_hybrid_orca_v2_bottleneck_yield_v4,classic_bottleneck_medium,1002,True,success,success,116,500,0,1.0712281565189954,20.544427201524798,0,written,True
top,main,scenario_adaptive_hybrid_orca_v2_bottleneck_yield_v4,classic_bottleneck_medium,1003,True,success,success,133,500,0,1.8412005141517913,23.323260577652213,0,written,True
top,main,scenario_adaptive_hybrid_orca_v2_bottleneck_yield_v4,classic_bottleneck_high,1001,True,success,success,112,500,0,1.5300995080585376,19.71657532053132,0,written,True
top,main,scenario_adaptive_hybrid_orca_v2_bottleneck_yield_v4,classic_bottleneck_high,1002,True,success,success,116,500,0,1.0712281565189954,20.544427201524798,0,written,True
top,main,scenario_adaptive_hybrid_orca_v2_bottleneck_yield_v4,classic_bottleneck_high,1003,True,success,success,133,500,0,1.8412005141517913,23.323260577652213,0,written,True
top,main,scenario_adaptive_hybrid_orca_v2_bottleneck_yield_v4,classic_realworld_double_bottleneck_high,1001,True,success,success,263,700,0,1.9168235333616745,47.079024730927074,0,written,True
top,main,scenario_adaptive_hybrid_orca_v2_bottleneck_yield_v4,classic_realworld_double_bottleneck_high,1002,True,success,success,277,700,0,1.890272124893906,46.526654763865984,0,written,True
top,main,scenario_adaptive_hybrid_orca_v2_bottleneck_yield_v4,classic_realworld_double_bottleneck_high,1003,True,success,success,267,700,0,1.9603701376539833,47.96550680375293,0,written,True
top,main,scenario_adaptive_hybrid_orca_v2_bottleneck_yield_v4,classic_station_platform_medium,1001,True,success,success,469,650,0,2.075828454440325,87.36678218213694,0,written,True
top,main,scenario_adaptive_hybrid_orca_v2_bottleneck_yield_v4,classic_station_platform_medium,1002,True,success,success,469,650,0,2.549240171828601,86.54505204896657,0,written,True
top,main,scenario_adaptive_hybrid_orca_v2_bottleneck_yield_v4,classic_station_platform_medium,1003,True,success,success,476,650,0,2.6203101327453346,88.59184466392908,0,written,True
top,main,scenario_adaptive_hybrid_orca_v2_bottleneck_yield_v4,classic_cross_trap_low,1001,True,success,success,231,600,0,1.0372952799738442,42.9443631713318,0,written,True
top,main,scenario_adaptive_hybrid_orca_v2_bottleneck_yield_v4,classic_cross_trap_low,1002,True,success,success,227,600,0,1.0365762722632181,42.10212470649141,0,written,True
top,main,scenario_adaptive_hybrid_orca_v2_bottleneck_yield_v4,classic_cross_trap_low,1003,True,success,success,216,600,0,1.030441771561822,39.91084354671766,0,written,True
top,main,scenario_adaptive_hybrid_orca_v2_bottleneck_yield_v4,classic_cross_trap_medium,1001,True,success,success,231,600,0,1.0372952799738442,42.9443631713318,0,written,True
top,main,scenario_adaptive_hybrid_orca_v2_bottleneck_yield_v4,classic_cross_trap_medium,1002,True,success,success,227,600,0,1.0365762722632181,42.10212470649141,0,written,True
top,main,scenario_adaptive_hybrid_orca_v2_bottleneck_yield_v4,classic_cross_trap_medium,1003,True,success,success,216,600,0,1.030441771561822,39.91084354671766,0,written,True
top,main,scenario_adaptive_hybrid_orca_v2_bottleneck_yield_v4,classic_cross_trap_high,1001,True,success,success,231,600,0,1.0372952799738442,42.9443631713318,0,written,True
top,main,scenario_adaptive_hybrid_orca_v2_bottleneck_yield_v4,classic_cross_trap_high,1002,True,success,success,227,600,0,1.0365762722632181,42.10212470649141,0,written,True
top,main,scenario_adaptive_hybrid_orca_v2_bottleneck_yield_v4,classic_cross_trap_high,1003,True,success,success,216,600,0,1.030441771561822,39.91084354671766,0,written,True
top,main,scenario_adaptive_hybrid_orca_v2_bottleneck_yield_v4,classic_doorway_low,1001,True,success,success,75,500,0,1.0722440748369175,12.062404552366983,0,written,True
top,main,scenario_adaptive_hybrid_orca_v2_bottleneck_yield_v4,classic_doorway_low,1002,True,success,success,77,500,0,1.1357343182228214,12.469472547207264,0,written,True
top,main,scenario_adaptive_hybrid_orca_v2_bottleneck_yield_v4,classic_doorway_low,1003,True,success,success,69,500,0,1.155648215342499,11.20492717575123,0,written,True
top,main,scenario_adaptive_hybrid_orca_v2_bottleneck_yield_v4,classic_doorway_medium,1001,True,success,success,75,500,0,1.0722440748369175,12.062404552366983,0,written,True
top,main,scenario_adaptive_hybrid_orca_v2_bottleneck_yield_v4,classic_doorway_medium,1002,True,success,success,77,500,0,1.1357343182228214,12.469472547207264,0,written,True
top,main,scenario_adaptive_hybrid_orca_v2_bottleneck_yield_v4,classic_doorway_medium,1003,True,success,success,69,500,0,1.155648215342499,11.20492717575123,0,written,True
top,main,scenario_adaptive_hybrid_orca_v2_bottleneck_yield_v4,classic_doorway_high,1001,True,success,success,75,500,0,1.0722440748369175,12.062404552366983,0,written,True
top,main,scenario_adaptive_hybrid_orca_v2_bottleneck_yield_v4,classic_doorway_high,1002,True,success,success,77,500,0,1.1357343182228214,12.469472547207264,0,written,True
top,main,scenario_adaptive_hybrid_orca_v2_bottleneck_yield_v4,classic_doorway_high,1003,True,success,success,69,500,0,1.155648215342499,11.20492717575123,0,written,True
top,main,scenario_adaptive_hybrid_orca_v2_bottleneck_yield_v4,classic_group_crossing_low,1001,True,success,success,96,500,0,1.8440344376390123,16.444482716558255,0,written,True
top,main,scenario_adaptive_hybrid_orca_v2_bottleneck_yield_v4,classic_group_crossing_low,1002,True,success,success,90,500,0,2.047073914147157,15.546259748997542,0,written,True
top,main,scenario_adaptive_hybrid_orca_v2_bottleneck_yield_v4,classic_group_crossing_low,1003,True,success,success,100,500,0,2.3285967846862405,17.334770196075556,0,written,True
top,main,scenario_adaptive_hybrid_orca_v2_bottleneck_yield_v4,classic_group_crossing_medium,1001,True,success,success,96,500,0,1.8440344376390123,16.444482716558255,0,written,True
top,main,scenario_adaptive_hybrid_orca_v2_bottleneck_yield_v4,classic_group_crossing_medium,1002,True,success,success,90,500,0,2.047073914147157,15.546259748997542,0,written,True
top,main,scenario_adaptive_hybrid_orca_v2_bottleneck_yield_v4,classic_group_crossing_medium,1003,True,success,success,100,500,0,2.3285967846862405,17.334770196075556,0,written,True
top,main,scenario_adaptive_hybrid_orca_v2_bottleneck_yield_v4,classic_group_crossing_high,1001,True,success,success,96,500,0,1.8440344376390123,16.444482716558255,0,written,True
top,main,scenario_adaptive_hybrid_orca_v2_bottleneck_yield_v4,classic_group_crossing_high,1002,True,success,success,90,500,0,2.047073914147157,15.546259748997542,0,written,True
top,main,scenario_adaptive_hybrid_orca_v2_bottleneck_yield_v4,classic_group_crossing_high,1003,True,success,success,100,500,0,2.3285967846862405,17.334770196075556,0,written,True
top,main,scenario_adaptive_hybrid_orca_v2_bottleneck_yield_v4,classic_head_on_corridor_low,1001,True,success,success,164,500,0,1.622035605766589,29.98775497358165,0,written,True
top,main,scenario_adaptive_hybrid_orca_v2_bottleneck_yield_v4,classic_head_on_corridor_low,1002,True,success,success,165,500,0,1.5657354692752037,30.220364590852622,0,written,True
top,main,scenario_adaptive_hybrid_orca_v2_bottleneck_yield_v4,classic_head_on_corridor_low,1003,True,success,success,147,500,0,4.402268228083647,27.155,0,written,True
top,main,scenario_adaptive_hybrid_orca_v2_bottleneck_yield_v4,classic_head_on_corridor_medium,1001,True,success,success,164,500,0,1.622035605766589,29.98775497358165,0,written,True
top,main,scenario_adaptive_hybrid_orca_v2_bottleneck_yield_v4,classic_head_on_corridor_medium,1002,True,success,success,165,500,0,1.5657354692752037,30.220364590852622,0,written,True
top,main,scenario_adaptive_hybrid_orca_v2_bottleneck_yield_v4,classic_head_on_corridor_medium,1003,True,success,success,147,500,0,4.402268228083647,27.155,0,written,True
top,main,scenario_adaptive_hybrid_orca_v2_bottleneck_yield_v4,classic_merging_low,1001,True,success,success,384,600,0,1.8259349343818196,70.1874006512976,0,written,True
top,main,scenario_adaptive_hybrid_orca_v2_bottleneck_yield_v4,classic_merging_low,1002,True,success,success,381,600,0,1.8464587165304545,69.45893326882666,0,written,True
top,main,scenario_adaptive_hybrid_orca_v2_bottleneck_yield_v4,classic_merging_low,1003,True,success,success,367,600,0,1.802861481761243,67.19386008734962,0,written,True
top,main,scenario_adaptive_hybrid_orca_v2_bottleneck_yield_v4,classic_merging_medium,1001,True,success,success,384,600,0,1.8259349343818196,70.1874006512976,0,written,True
top,main,scenario_adaptive_hybrid_orca_v2_bottleneck_yield_v4,classic_merging_medium,1002,True,success,success,381,600,0,1.8464587165304545,69.45893326882666,0,written,True
top,main,scenario_adaptive_hybrid_orca_v2_bottleneck_yield_v4,classic_merging_medium,1003,True,success,success,367,600,0,1.802861481761243,67.19386008734962,0,written,True
top,main,scenario_adaptive_hybrid_orca_v2_bottleneck_yield_v4,classic_overtaking_low,1001,True,success,success,198,600,0,1.1303696605384057,35.98803666308212,0,written,True
top,main,scenario_adaptive_hybrid_orca_v2_bottleneck_yield_v4,classic_overtaking_low,1002,True,success,success,196,600,0,1.1318374289483584,35.828454951620515,0,written,True
top,main,scenario_adaptive_hybrid_orca_v2_bottleneck_yield_v4,classic_overtaking_low,1003,True,success,success,174,600,0,1.1207431557322534,31.888080936585027,0,written,True
top,main,scenario_adaptive_hybrid_orca_v2_bottleneck_yield_v4,classic_overtaking_medium,1001,True,success,success,198,600,0,1.1303696605384057,35.98803666308212,0,written,True
top,main,scenario_adaptive_hybrid_orca_v2_bottleneck_yield_v4,classic_overtaking_medium,1002,True,success,success,196,600,0,1.1318374289483584,35.828454951620515,0,written,True
top,main,scenario_adaptive_hybrid_orca_v2_bottleneck_yield_v4,classic_overtaking_medium,1003,True,success,success,174,600,0,1.1207431557322534,31.888080936585027,0,written,True
top,main,scenario_adaptive_hybrid_orca_v2_bottleneck_yield_v4,classic_t_intersection_low,1001,True,success,success,133,500,0,2.010777263828646,23.87192054611598,0,written,True
top,main,scenario_adaptive_hybrid_orca_v2_bottleneck_yield_v4,classic_t_intersection_low,1002,True,success,success,140,500,0,1.3050524847448521,25.274968514787012,0,written,True
top,main,scenario_adaptive_hybrid_orca_v2_bottleneck_yield_v4,classic_t_intersection_low,1003,True,success,success,152,500,0,1.7727458688633124,27.227354566387007,0,written,True
top,main,scenario_adaptive_hybrid_orca_v2_bottleneck_yield_v4,classic_t_intersection_medium,1001,True,success,success,133,500,0,2.010777263828646,23.87192054611598,0,written,True
top,main,scenario_adaptive_hybrid_orca_v2_bottleneck_yield_v4,classic_t_intersection_medium,1002,True,success,success,140,500,0,1.3050524847448521,25.274968514787012,0,written,True
top,main,scenario_adaptive_hybrid_orca_v2_bottleneck_yield_v4,classic_t_intersection_medium,1003,True,success,success,152,500,0,1.7727458688633124,27.227354566387007,0,written,True
top,main,scenario_adaptive_hybrid_orca_v2_bottleneck_yield_v4,classic_urban_crossing_medium,1001,True,success,success,163,600,0,1.7837318267330247,29.20926120311118,0,written,True
top,main,scenario_adaptive_hybrid_orca_v2_bottleneck_yield_v4,classic_urban_crossing_medium,1002,True,success,success,165,600,0,1.7323193156297831,28.608267393122134,0,written,True
top,main,scenario_adaptive_hybrid_orca_v2_bottleneck_yield_v4,classic_urban_crossing_medium,1003,True,success,success,171,600,0,1.4246506380143495,30.726837859433108,0,written,True
top,main,scenario_adaptive_hybrid_orca_v2_bottleneck_yield_v4,francis2023_frontal_approach,1001,True,success,success,177,400,0,2.994274068829435,31.72509051517853,0,written,True
top,main,scenario_adaptive_hybrid_orca_v2_bottleneck_yield_v4,francis2023_frontal_approach,1002,True,success,success,185,400,0,2.994714195782519,31.36328439722957,0,written,True
top,main,scenario_adaptive_hybrid_orca_v2_bottleneck_yield_v4,francis2023_frontal_approach,1003,True,success,success,186,400,0,2.817230335631569,32.330824308270756,0,written,True
top,main,scenario_adaptive_hybrid_orca_v2_bottleneck_yield_v4,francis2023_pedestrian_obstruction,1001,True,success,success,177,400,0,2.994274068829435,31.72509051517853,0,written,True
top,main,scenario_adaptive_hybrid_orca_v2_bottleneck_yield_v4,francis2023_pedestrian_obstruction,1002,True,success,success,185,400,0,2.994714195782519,31.36328439722957,0,written,True
top,main,scenario_adaptive_hybrid_orca_v2_bottleneck_yield_v4,francis2023_pedestrian_obstruction,1003,True,success,success,186,400,0,2.817230335631569,32.330824308270756,0,written,True
top,main,scenario_adaptive_hybrid_orca_v2_bottleneck_yield_v4,francis2023_pedestrian_overtaking,1001,True,success,success,464,600,0,2.020279809331286,32.02525000039749,0,written,True
top,main,scenario_adaptive_hybrid_orca_v2_bottleneck_yield_v4,francis2023_pedestrian_overtaking,1002,False,timeout,max_steps,600,600,0,1.9940662096207211,37.151528251172174,0,written,True
top,main,scenario_adaptive_hybrid_orca_v2_bottleneck_yield_v4,francis2023_pedestrian_overtaking,1003,True,success,success,475,600,0,2.809879108312865,32.674166667063936,0,written,True
top,main,scenario_adaptive_hybrid_orca_v2_bottleneck_yield_v4,francis2023_robot_overtaking,1001,True,success,success,177,400,0,2.994274068829435,31.72509051517853,0,written,True
top,main,scenario_adaptive_hybrid_orca_v2_bottleneck_yield_v4,francis2023_robot_overtaking,1002,True,success,success,185,400,0,2.994714195782519,31.36328439722957,0,written,True
top,main,scenario_adaptive_hybrid_orca_v2_bottleneck_yield_v4,francis2023_robot_overtaking,1003,True,success,success,186,400,0,2.817230335631569,32.330824308270756,0,written,True
top,main,scenario_adaptive_hybrid_orca_v2_bottleneck_yield_v4,francis2023_down_path,1001,True,success,success,173,400,0,2.0253432415246864,30.685602401523546,0,written,True
top,main,scenario_adaptive_hybrid_orca_v2_bottleneck_yield_v4,francis2023_down_path,1002,True,success,success,182,400,0,1.724348874460571,30.496447733747495,0,written,True
top,main,scenario_adaptive_hybrid_orca_v2_bottleneck_yield_v4,francis2023_down_path,1003,True,success,success,184,400,0,1.7486940765416603,31.64950662778894,0,written,True
top,main,scenario_adaptive_hybrid_orca_v2_bottleneck_yield_v4,francis2023_intersection_no_gesture,1001,True,success,success,127,400,0,1.391763178627674,21.583757109487745,0,written,True
top,main,scenario_adaptive_hybrid_orca_v2_bottleneck_yield_v4,francis2023_intersection_no_gesture,1002,True,success,success,131,400,0,1.3784279124569312,21.319722222400216,0,written,True
top,main,scenario_adaptive_hybrid_orca_v2_bottleneck_yield_v4,francis2023_intersection_no_gesture,1003,True,success,success,135,400,0,1.8307654577635883,22.31061337928432,0,written,True
top,main,scenario_adaptive_hybrid_orca_v2_bottleneck_yield_v4,francis2023_blind_corner,1001,True,success,success,239,400,0,1.3918006783214043,43.23919431439767,0,written,True
top,main,scenario_adaptive_hybrid_orca_v2_bottleneck_yield_v4,francis2023_blind_corner,1002,True,success,success,239,400,0,1.3803897726212893,42.979248397418175,0,written,True
top,main,scenario_adaptive_hybrid_orca_v2_bottleneck_yield_v4,francis2023_blind_corner,1003,True,success,success,238,400,0,1.765991827912716,43.512781156704065,0,written,True
top,main,scenario_adaptive_hybrid_orca_v2_bottleneck_yield_v4,francis2023_narrow_hallway,1001,True,success,success,127,400,0,1.3917631786276732,21.583757025349957,0,written,True
top,main,scenario_adaptive_hybrid_orca_v2_bottleneck_yield_v4,francis2023_narrow_hallway,1002,False,timeout,max_steps,400,400,0,1.1601361262101249,33.69517929910418,0,written,True
top,main,scenario_adaptive_hybrid_orca_v2_bottleneck_yield_v4,francis2023_narrow_hallway,1003,True,success,success,133,400,0,1.2156115236991052,22.321953479061403,0,written,True
top,main,scenario_adaptive_hybrid_orca_v2_bottleneck_yield_v4,francis2023_narrow_doorway,1001,False,timeout,max_steps,400,400,0,1.0751257175010793,10.226500659985863,0,written,True
top,main,scenario_adaptive_hybrid_orca_v2_bottleneck_yield_v4,francis2023_narrow_doorway,1002,False,timeout,max_steps,400,400,0,1.0890228296672617,9.837235742587119,0,written,True
top,main,scenario_adaptive_hybrid_orca_v2_bottleneck_yield_v4,francis2023_narrow_doorway,1003,False,timeout,max_steps,400,400,0,1.1138888393918454,10.78666344579309,0,written,True
top,main,scenario_adaptive_hybrid_orca_v2_bottleneck_yield_v4,francis2023_entering_room,1001,True,success,success,102,400,0,1.7925945553045868,15.794231726504739,0,written,True
top,main,scenario_adaptive_hybrid_orca_v2_bottleneck_yield_v4,francis2023_entering_room,1002,False,timeout,max_steps,400,400,0,1.7706658581363708,30.98242332380033,0,written,True
top,main,scenario_adaptive_hybrid_orca_v2_bottleneck_yield_v4,francis2023_entering_room,1003,True,success,success,110,400,0,1.771943705065048,16.470678196766436,0,written,True
top,main,scenario_adaptive_hybrid_orca_v2_bottleneck_yield_v4,francis2023_exiting_room,1001,True,success,success,108,400,0,1.6852549288711531,17.55748482374395,0,written,True
top,main,scenario_adaptive_hybrid_orca_v2_bottleneck_yield_v4,francis2023_exiting_room,1002,True,success,success,109,400,0,1.7466467294756671,17.90652282579615,0,written,True
top,main,scenario_adaptive_hybrid_orca_v2_bottleneck_yield_v4,francis2023_exiting_room,1003,True,success,success,103,400,0,1.7294226284456238,17.093435327463535,0,written,True
top,main,scenario_adaptive_hybrid_orca_v2_bottleneck_yield_v4,francis2023_entering_elevator,1001,True,success,success,70,400,0,2.033613852890592,9.727220990130325,0,written,True
top,main,scenario_adaptive_hybrid_orca_v2_bottleneck_yield_v4,francis2023_entering_elevator,1002,True,success,success,203,400,0,1.700961243005784,15.548631243853796,0,written,True
top,main,scenario_adaptive_hybrid_orca_v2_bottleneck_yield_v4,francis2023_entering_elevator,1003,True,success,success,82,400,0,1.9627423850989971,10.396066844767475,0,written,True
top,main,scenario_adaptive_hybrid_orca_v2_bottleneck_yield_v4,francis2023_exiting_elevator,1001,True,success,success,74,400,0,1.4478879177008854,11.460245227639557,0,written,True
top,main,scenario_adaptive_hybrid_orca_v2_bottleneck_yield_v4,francis2023_exiting_elevator,1002,True,success,success,75,400,0,1.6695328148908208,11.790255321229619,0,written,True
top,main,scenario_adaptive_hybrid_orca_v2_bottleneck_yield_v4,francis2023_exiting_elevator,1003,True,success,success,69,400,0,1.6171859297722326,11.018001584798625,0,written,True
top,main,scenario_adaptive_hybrid_orca_v2_bottleneck_yield_v4,francis2023_intersection_wait,1001,True,success,success,127,400,0,1.391763178627674,21.583757109487745,0,written,True
top,main,scenario_adaptive_hybrid_orca_v2_bottleneck_yield_v4,francis2023_intersection_wait,1002,True,success,success,131,400,0,1.3784279124569312,21.319722222400216,0,written,True
top,main,scenario_adaptive_hybrid_orca_v2_bottleneck_yield_v4,francis2023_intersection_wait,1003,True,success,success,135,400,0,1.8307654577635883,22.31061337928432,0,written,True
top,main,scenario_adaptive_hybrid_orca_v2_bottleneck_yield_v4,francis2023_intersection_proceed,1001,True,success,success,127,400,0,1.391763178627674,21.583757109487745,0,written,True
top,main,scenario_adaptive_hybrid_orca_v2_bottleneck_yield_v4,francis2023_intersection_proceed,1002,True,success,success,131,400,0,1.3784279124569312,21.319722222400216,0,written,True
top,main,scenario_adaptive_hybrid_orca_v2_bottleneck_yield_v4,francis2023_intersection_proceed,1003,True,success,success,135,400,0,1.8307654577635883,22.31061337928432,0,written,True
top,main,scenario_adaptive_hybrid_orca_v2_bottleneck_yield_v4,francis2023_following_human,1001,True,success,success,173,400,0,2.0253432415246864,30.685602401523546,0,written,True
top,main,scenario_adaptive_hybrid_orca_v2_bottleneck_yield_v4,francis2023_following_human,1002,True,success,success,182,400,0,1.724348874460571,30.496447733747495,0,written,True
top,main,scenario_adaptive_hybrid_orca_v2_bottleneck_yield_v4,francis2023_following_human,1003,True,success,success,184,400,0,1.7486940765416603,31.64950662778894,0,written,True
top,main,scenario_adaptive_hybrid_orca_v2_bottleneck_yield_v4,francis2023_leading_human,1001,True,success,success,173,400,0,2.0253432415246864,30.685602401523546,0,written,True
top,main,scenario_adaptive_hybrid_orca_v2_bottleneck_yield_v4,francis2023_leading_human,1002,True,success,success,182,400,0,1.724348874460571,30.496447733747495,0,written,True
top,main,scenario_adaptive_hybrid_orca_v2_bottleneck_yield_v4,francis2023_leading_human,1003,True,success,success,184,400,0,1.7486940765416603,31.64950662778894,0,written,True
top,main,scenario_adaptive_hybrid_orca_v2_bottleneck_yield_v4,francis2023_accompanying_peer,1001,True,success,success,173,400,0,2.0253432415246864,30.685602401523546,0,written,True
top,main,scenario_adaptive_hybrid_orca_v2_bottleneck_yield_v4,francis2023_accompanying_peer,1002,True,success,success,182,400,0,1.724348874460571,30.496447733747495,0,written,True
top,main,scenario_adaptive_hybrid_orca_v2_bottleneck_yield_v4,francis2023_accompanying_peer,1003,True,success,success,184,400,0,1.7486940765416603,31.64950662778894,0,written,True
top,main,scenario_adaptive_hybrid_orca_v2_bottleneck_yield_v4,francis2023_join_group,1001,True,success,success,78,400,0,3.0001608143676872,11.711234243740405,0,written,True
top,main,scenario_adaptive_hybrid_orca_v2_bottleneck_yield_v4,francis2023_join_group,1002,True,success,success,82,400,0,2.9970179239996053,11.322094541827704,0,written,True
top,main,scenario_adaptive_hybrid_orca_v2_bottleneck_yield_v4,francis2023_join_group,1003,True,success,success,84,400,0,2.817230335631569,12.314116317981991,0,written,True
top,main,scenario_adaptive_hybrid_orca_v2_bottleneck_yield_v4,francis2023_leave_group,1001,True,success,success,116,400,0,2.9727850112229586,11.713447192603498,0,written,True
top,main,scenario_adaptive_hybrid_orca_v2_bottleneck_yield_v4,francis2023_leave_group,1002,True,success,success,112,400,0,2.9961948792370716,11.300448427040394,0,written,True
top,main,scenario_adaptive_hybrid_orca_v2_bottleneck_yield_v4,francis2023_leave_group,1003,True,success,success,120,400,0,2.817230335631569,12.31068045607854,0,written,True
top,main,scenario_adaptive_hybrid_orca_v2_bottleneck_yield_v4,francis2023_crowd_navigation,1001,True,success,success,129,400,0,2.9913675001423004,21.707006492559096,0,written,True
top,main,scenario_adaptive_hybrid_orca_v2_bottleneck_yield_v4,francis2023_crowd_navigation,1002,True,success,success,132,400,0,2.983829926867003,21.331620370745664,0,written,True
top,main,scenario_adaptive_hybrid_orca_v2_bottleneck_yield_v4,francis2023_crowd_navigation,1003,True,success,success,135,400,0,2.817230335631569,22.31061337928432,0,written,True
top,main,scenario_adaptive_hybrid_orca_v2_bottleneck_yield_v4,francis2023_parallel_traffic,1001,True,success,success,177,400,0,2.994274068829435,31.72509051517853,0,written,True
top,main,scenario_adaptive_hybrid_orca_v2_bottleneck_yield_v4,francis2023_parallel_traffic,1002,True,success,success,185,400,0,2.994714195782519,31.36328439722957,0,written,True
top,main,scenario_adaptive_hybrid_orca_v2_bottleneck_yield_v4,francis2023_parallel_traffic,1003,True,success,success,186,400,0,2.817230335631569,32.330824308270756,0,written,True
top,main,scenario_adaptive_hybrid_orca_v2_bottleneck_yield_v4,francis2023_perpendicular_traffic,1001,True,success,success,127,400,0,1.391763178627674,21.583757109487745,0,written,True
top,main,scenario_adaptive_hybrid_orca_v2_bottleneck_yield_v4,francis2023_perpendicular_traffic,1002,True,success,success,131,400,0,1.3784279124569312,21.319722222400216,0,written,True
top,main,scenario_adaptive_hybrid_orca_v2_bottleneck_yield_v4,francis2023_perpendicular_traffic,1003,True,success,success,135,400,0,1.8307654577635883,22.31061337928432,0,written,True
top,main,scenario_adaptive_hybrid_orca_v2_bottleneck_yield_v4,francis2023_circular_crossing,1001,True,success,success,78,400,0,3.0001608143676872,11.711234243740405,0,written,True
top,main,scenario_adaptive_hybrid_orca_v2_bottleneck_yield_v4,francis2023_circular_crossing,1002,True,success,success,82,400,0,2.9970179239996053,11.322094541827704,0,written,True
top,main,scenario_adaptive_hybrid_orca_v2_bottleneck_yield_v4,francis2023_circular_crossing,1003,True,success,success,84,400,0,2.817230335631569,12.314116317981991,0,written,True
top,main,scenario_adaptive_hybrid_orca_v2_bottleneck_yield_v4,francis2023_robot_crowding,1001,True,success,success,78,400,0,3.0001608143676872,11.711234243740405,0,written,True
top,main,scenario_adaptive_hybrid_orca_v2_bottleneck_yield_v4,francis2023_robot_crowding,1002,True,success,success,82,400,0,2.9970179239996053,11.322094541827704,0,written,True
top,main,scenario_adaptive_hybrid_orca_v2_bottleneck_yield_v4,francis2023_robot_crowding,1003,True,success,success,84,400,0,2.817230335631569,12.314116317981991,0,written,True
top,main,scenario_adaptive_hybrid_orca_v2_collision_guard_v4,classic_bottleneck_low,1001,True,success,success,112,500,0,1.5300995080585376,19.71657532053132,0,written,True
top,main,scenario_adaptive_hybrid_orca_v2_collision_guard_v4,classic_bottleneck_low,1002,True,success,success,116,500,0,1.0712281565189954,20.544427201524798,0,written,True
top,main,scenario_adaptive_hybrid_orca_v2_collision_guard_v4,classic_bottleneck_low,1003,True,success,success,133,500,0,1.8412005141517913,23.323260577652213,0,written,True
top,main,scenario_adaptive_hybrid_orca_v2_collision_guard_v4,classic_bottleneck_medium,1001,True,success,success,112,500,0,1.5300995080585376,19.71657532053132,0,written,True
top,main,scenario_adaptive_hybrid_orca_v2_collision_guard_v4,classic_bottleneck_medium,1002,True,success,success,116,500,0,1.0712281565189954,20.544427201524798,0,written,True
top,main,scenario_adaptive_hybrid_orca_v2_collision_guard_v4,classic_bottleneck_medium,1003,True,success,success,133,500,0,1.8412005141517913,23.323260577652213,0,written,True
top,main,scenario_adaptive_hybrid_orca_v2_collision_guard_v4,classic_bottleneck_high,1001,True,success,success,112,500,0,1.5300995080585376,19.71657532053132,0,written,True
top,main,scenario_adaptive_hybrid_orca_v2_collision_guard_v4,classic_bottleneck_high,1002,True,success,success,116,500,0,1.0712281565189954,20.544427201524798,0,written,True
top,main,scenario_adaptive_hybrid_orca_v2_collision_guard_v4,classic_bottleneck_high,1003,True,success,success,133,500,0,1.8412005141517913,23.323260577652213,0,written,True
top,main,scenario_adaptive_hybrid_orca_v2_collision_guard_v4,classic_realworld_double_bottleneck_high,1001,True,success,success,263,700,0,1.9168235333616745,47.079024730927074,0,written,True
top,main,scenario_adaptive_hybrid_orca_v2_collision_guard_v4,classic_realworld_double_bottleneck_high,1002,True,success,success,277,700,0,1.890272124893906,46.526654763865984,0,written,True
top,main,scenario_adaptive_hybrid_orca_v2_collision_guard_v4,classic_realworld_double_bottleneck_high,1003,True,success,success,267,700,0,1.9603701376539833,47.96550680375293,0,written,True
top,main,scenario_adaptive_hybrid_orca_v2_collision_guard_v4,classic_station_platform_medium,1001,True,success,success,469,650,0,2.075828454440325,87.36678218213694,0,written,True
top,main,scenario_adaptive_hybrid_orca_v2_collision_guard_v4,classic_station_platform_medium,1002,True,success,success,469,650,0,2.549240171828601,86.54505204896657,0,written,True
top,main,scenario_adaptive_hybrid_orca_v2_collision_guard_v4,classic_station_platform_medium,1003,True,success,success,476,650,0,2.6203101327453346,88.59184466392908,0,written,True
top,main,scenario_adaptive_hybrid_orca_v2_collision_guard_v4,classic_cross_trap_low,1001,True,success,success,231,600,0,1.0372952799738442,42.9443631713318,0,written,True
top,main,scenario_adaptive_hybrid_orca_v2_collision_guard_v4,classic_cross_trap_low,1002,True,success,success,227,600,0,1.0365762722632181,42.10212470649141,0,written,True
top,main,scenario_adaptive_hybrid_orca_v2_collision_guard_v4,classic_cross_trap_low,1003,True,success,success,216,600,0,1.030441771561822,39.91084354671766,0,written,True
top,main,scenario_adaptive_hybrid_orca_v2_collision_guard_v4,classic_cross_trap_medium,1001,True,success,success,231,600,0,1.0372952799738442,42.9443631713318,0,written,True
top,main,scenario_adaptive_hybrid_orca_v2_collision_guard_v4,classic_cross_trap_medium,1002,True,success,success,227,600,0,1.0365762722632181,42.10212470649141,0,written,True
top,main,scenario_adaptive_hybrid_orca_v2_collision_guard_v4,classic_cross_trap_medium,1003,True,success,success,216,600,0,1.030441771561822,39.91084354671766,0,written,True
top,main,scenario_adaptive_hybrid_orca_v2_collision_guard_v4,classic_cross_trap_high,1001,True,success,success,231,600,0,1.0372952799738442,42.9443631713318,0,written,True
top,main,scenario_adaptive_hybrid_orca_v2_collision_guard_v4,classic_cross_trap_high,1002,True,success,success,227,600,0,1.0365762722632181,42.10212470649141,0,written,True
top,main,scenario_adaptive_hybrid_orca_v2_collision_guard_v4,classic_cross_trap_high,1003,True,success,success,216,600,0,1.030441771561822,39.91084354671766,0,written,True
top,main,scenario_adaptive_hybrid_orca_v2_collision_guard_v4,classic_doorway_low,1001,True,success,success,75,500,0,1.0722440748369175,12.062404552366983,0,written,True
top,main,scenario_adaptive_hybrid_orca_v2_collision_guard_v4,classic_doorway_low,1002,True,success,success,77,500,0,1.1357343182228214,12.469472547207264,0,written,True
top,main,scenario_adaptive_hybrid_orca_v2_collision_guard_v4,classic_doorway_low,1003,True,success,success,69,500,0,1.155648215342499,11.20492717575123,0,written,True
top,main,scenario_adaptive_hybrid_orca_v2_collision_guard_v4,classic_doorway_medium,1001,True,success,success,75,500,0,1.0722440748369175,12.062404552366983,0,written,True
top,main,scenario_adaptive_hybrid_orca_v2_collision_guard_v4,classic_doorway_medium,1002,True,success,success,77,500,0,1.1357343182228214,12.469472547207264,0,written,True
top,main,scenario_adaptive_hybrid_orca_v2_collision_guard_v4,classic_doorway_medium,1003,True,success,success,69,500,0,1.155648215342499,11.20492717575123,0,written,True
top,main,scenario_adaptive_hybrid_orca_v2_collision_guard_v4,classic_doorway_high,1001,True,success,success,75,500,0,1.0722440748369175,12.062404552366983,0,written,True
top,main,scenario_adaptive_hybrid_orca_v2_collision_guard_v4,classic_doorway_high,1002,True,success,success,77,500,0,1.1357343182228214,12.469472547207264,0,written,True
top,main,scenario_adaptive_hybrid_orca_v2_collision_guard_v4,classic_doorway_high,1003,True,success,success,69,500,0,1.155648215342499,11.20492717575123,0,written,True
top,main,scenario_adaptive_hybrid_orca_v2_collision_guard_v4,classic_group_crossing_low,1001,True,success,success,96,500,0,1.8440344376390123,16.444482716558255,0,written,True
top,main,scenario_adaptive_hybrid_orca_v2_collision_guard_v4,classic_group_crossing_low,1002,True,success,success,90,500,0,2.047073914147157,15.546259748997542,0,written,True
top,main,scenario_adaptive_hybrid_orca_v2_collision_guard_v4,classic_group_crossing_low,1003,True,success,success,100,500,0,2.3285967846862405,17.334770196075556,0,written,True
top,main,scenario_adaptive_hybrid_orca_v2_collision_guard_v4,classic_group_crossing_medium,1001,True,success,success,96,500,0,1.8440344376390123,16.444482716558255,0,written,True
top,main,scenario_adaptive_hybrid_orca_v2_collision_guard_v4,classic_group_crossing_medium,1002,True,success,success,90,500,0,2.047073914147157,15.546259748997542,0,written,True
top,main,scenario_adaptive_hybrid_orca_v2_collision_guard_v4,classic_group_crossing_medium,1003,True,success,success,100,500,0,2.3285967846862405,17.334770196075556,0,written,True
top,main,scenario_adaptive_hybrid_orca_v2_collision_guard_v4,classic_group_crossing_high,1001,True,success,success,96,500,0,1.8440344376390123,16.444482716558255,0,written,True
top,main,scenario_adaptive_hybrid_orca_v2_collision_guard_v4,classic_group_crossing_high,1002,True,success,success,90,500,0,2.047073914147157,15.546259748997542,0,written,True
top,main,scenario_adaptive_hybrid_orca_v2_collision_guard_v4,classic_group_crossing_high,1003,True,success,success,100,500,0,2.3285967846862405,17.334770196075556,0,written,True
top,main,scenario_adaptive_hybrid_orca_v2_collision_guard_v4,classic_head_on_corridor_low,1001,True,success,success,164,500,0,1.622035605766589,29.98775497358165,0,written,True
top,main,scenario_adaptive_hybrid_orca_v2_collision_guard_v4,classic_head_on_corridor_low,1002,True,success,success,165,500,0,1.5657354692752037,30.220364590852622,0,written,True
top,main,scenario_adaptive_hybrid_orca_v2_collision_guard_v4,classic_head_on_corridor_low,1003,True,success,success,147,500,0,4.402268228083647,27.155,0,written,True
top,main,scenario_adaptive_hybrid_orca_v2_collision_guard_v4,classic_head_on_corridor_medium,1001,True,success,success,164,500,0,1.622035605766589,29.98775497358165,0,written,True
top,main,scenario_adaptive_hybrid_orca_v2_collision_guard_v4,classic_head_on_corridor_medium,1002,True,success,success,165,500,0,1.5657354692752037,30.220364590852622,0,written,True
top,main,scenario_adaptive_hybrid_orca_v2_collision_guard_v4,classic_head_on_corridor_medium,1003,True,success,success,147,500,0,4.402268228083647,27.155,0,written,True
top,main,scenario_adaptive_hybrid_orca_v2_collision_guard_v4,classic_merging_low,1001,True,success,success,384,600,0,1.8259349343818196,70.95114525124808,0,written,True
top,main,scenario_adaptive_hybrid_orca_v2_collision_guard_v4,classic_merging_low,1002,True,success,success,382,600,0,1.8464587165304545,70.27707185346442,0,written,True
top,main,scenario_adaptive_hybrid_orca_v2_collision_guard_v4,classic_merging_low,1003,True,success,success,368,600,0,1.802861481761243,68.09418464601491,0,written,True
top,main,scenario_adaptive_hybrid_orca_v2_collision_guard_v4,classic_merging_medium,1001,True,success,success,384,600,0,1.8259349343818196,70.1874006512976,0,written,True
top,main,scenario_adaptive_hybrid_orca_v2_collision_guard_v4,classic_merging_medium,1002,True,success,success,381,600,0,1.8464587165304545,69.45893326882666,0,written,True
top,main,scenario_adaptive_hybrid_orca_v2_collision_guard_v4,classic_merging_medium,1003,True,success,success,367,600,0,1.802861481761243,67.19386008734962,0,written,True
top,main,scenario_adaptive_hybrid_orca_v2_collision_guard_v4,classic_overtaking_low,1001,True,success,success,198,600,0,1.1303696605384057,35.98803666308212,0,written,True
top,main,scenario_adaptive_hybrid_orca_v2_collision_guard_v4,classic_overtaking_low,1002,True,success,success,196,600,0,1.1318374289483584,35.828454951620515,0,written,True
top,main,scenario_adaptive_hybrid_orca_v2_collision_guard_v4,classic_overtaking_low,1003,True,success,success,174,600,0,1.1207431557322534,31.888080936585027,0,written,True
top,main,scenario_adaptive_hybrid_orca_v2_collision_guard_v4,classic_overtaking_medium,1001,True,success,success,198,600,0,1.1303696605384057,35.98803666308212,0,written,True
top,main,scenario_adaptive_hybrid_orca_v2_collision_guard_v4,classic_overtaking_medium,1002,True,success,success,196,600,0,1.1318374289483584,35.828454951620515,0,written,True
top,main,scenario_adaptive_hybrid_orca_v2_collision_guard_v4,classic_overtaking_medium,1003,True,success,success,174,600,0,1.1207431557322534,31.888080936585027,0,written,True
top,main,scenario_adaptive_hybrid_orca_v2_collision_guard_v4,classic_t_intersection_low,1001,True,success,success,133,500,0,2.010777263828646,23.87192054611598,0,written,True
top,main,scenario_adaptive_hybrid_orca_v2_collision_guard_v4,classic_t_intersection_low,1002,True,success,success,140,500,0,1.3050524847448521,25.274968514787012,0,written,True
top,main,scenario_adaptive_hybrid_orca_v2_collision_guard_v4,classic_t_intersection_low,1003,True,success,success,152,500,0,1.7727458688633124,27.227354566387007,0,written,True
top,main,scenario_adaptive_hybrid_orca_v2_collision_guard_v4,classic_t_intersection_medium,1001,True,success,success,133,500,0,2.010777263828646,23.87192054611598,0,written,True
top,main,scenario_adaptive_hybrid_orca_v2_collision_guard_v4,classic_t_intersection_medium,1002,True,success,success,140,500,0,1.3050524847448521,25.274968514787012,0,written,True
top,main,scenario_adaptive_hybrid_orca_v2_collision_guard_v4,classic_t_intersection_medium,1003,True,success,success,152,500,0,1.7727458688633124,27.227354566387007,0,written,True
top,main,scenario_adaptive_hybrid_orca_v2_collision_guard_v4,classic_urban_crossing_medium,1001,True,success,success,163,600,0,1.7837318267330247,29.20926120311118,0,written,True
top,main,scenario_adaptive_hybrid_orca_v2_collision_guard_v4,classic_urban_crossing_medium,1002,True,success,success,165,600,0,1.7323193156297831,28.608267393122134,0,written,True
top,main,scenario_adaptive_hybrid_orca_v2_collision_guard_v4,classic_urban_crossing_medium,1003,True,success,success,171,600,0,1.4246506380143495,30.726837859433108,0,written,True
top,main,scenario_adaptive_hybrid_orca_v2_collision_guard_v4,francis2023_frontal_approach,1001,True,success,success,177,400,0,2.994274068829435,31.72509051517853,0,written,True
top,main,scenario_adaptive_hybrid_orca_v2_collision_guard_v4,francis2023_frontal_approach,1002,True,success,success,185,400,0,2.994714195782519,31.36328439722957,0,written,True
top,main,scenario_adaptive_hybrid_orca_v2_collision_guard_v4,francis2023_frontal_approach,1003,True,success,success,186,400,0,2.817230335631569,32.330824308270756,0,written,True
top,main,scenario_adaptive_hybrid_orca_v2_collision_guard_v4,francis2023_pedestrian_obstruction,1001,True,success,success,177,400,0,2.994274068829435,31.72509051517853,0,written,True
top,main,scenario_adaptive_hybrid_orca_v2_collision_guard_v4,francis2023_pedestrian_obstruction,1002,True,success,success,185,400,0,2.994714195782519,31.36328439722957,0,written,True
top,main,scenario_adaptive_hybrid_orca_v2_collision_guard_v4,francis2023_pedestrian_obstruction,1003,True,success,success,186,400,0,2.817230335631569,32.330824308270756,0,written,True
top,main,scenario_adaptive_hybrid_orca_v2_collision_guard_v4,francis2023_pedestrian_overtaking,1001,True,success,success,464,600,0,2.020279809331286,32.02525000039749,0,written,True
top,main,scenario_adaptive_hybrid_orca_v2_collision_guard_v4,francis2023_pedestrian_overtaking,1002,False,timeout,max_steps,600,600,0,1.9940662096207211,37.151528251172174,0,written,True
top,main,scenario_adaptive_hybrid_orca_v2_collision_guard_v4,francis2023_pedestrian_overtaking,1003,True,success,success,475,600,0,2.809879108312865,32.674166667063936,0,written,True
top,main,scenario_adaptive_hybrid_orca_v2_collision_guard_v4,francis2023_robot_overtaking,1001,True,success,success,177,400,0,2.994274068829435,31.72509051517853,0,written,True
top,main,scenario_adaptive_hybrid_orca_v2_collision_guard_v4,francis2023_robot_overtaking,1002,True,success,success,185,400,0,2.994714195782519,31.36328439722957,0,written,True
top,main,scenario_adaptive_hybrid_orca_v2_collision_guard_v4,francis2023_robot_overtaking,1003,True,success,success,186,400,0,2.817230335631569,32.330824308270756,0,written,True
top,main,scenario_adaptive_hybrid_orca_v2_collision_guard_v4,francis2023_down_path,1001,True,success,success,173,400,0,2.0253432415246864,30.685602401523546,0,written,True
top,main,scenario_adaptive_hybrid_orca_v2_collision_guard_v4,francis2023_down_path,1002,True,success,success,182,400,0,1.724348874460571,30.496447733747495,0,written,True
top,main,scenario_adaptive_hybrid_orca_v2_collision_guard_v4,francis2023_down_path,1003,True,success,success,184,400,0,1.7486940765416603,31.64950662778894,0,written,True
top,main,scenario_adaptive_hybrid_orca_v2_collision_guard_v4,francis2023_intersection_no_gesture,1001,True,success,success,127,400,0,1.391763178627674,21.583757109487745,0,written,True
top,main,scenario_adaptive_hybrid_orca_v2_collision_guard_v4,francis2023_intersection_no_gesture,1002,True,success,success,131,400,0,1.3784279124569312,21.319722222400216,0,written,True
top,main,scenario_adaptive_hybrid_orca_v2_collision_guard_v4,francis2023_intersection_no_gesture,1003,True,success,success,135,400,0,1.8307654577635883,22.31061337928432,0,written,True
top,main,scenario_adaptive_hybrid_orca_v2_collision_guard_v4,francis2023_blind_corner,1001,True,success,success,239,400,0,1.3918006783214043,43.23919431439767,0,written,True
top,main,scenario_adaptive_hybrid_orca_v2_collision_guard_v4,francis2023_blind_corner,1002,True,success,success,239,400,0,1.3803897726212893,42.979248397418175,0,written,True
top,main,scenario_adaptive_hybrid_orca_v2_collision_guard_v4,francis2023_blind_corner,1003,True,success,success,238,400,0,1.765991827912716,43.512781156704065,0,written,True
top,main,scenario_adaptive_hybrid_orca_v2_collision_guard_v4,francis2023_narrow_hallway,1001,True,success,success,127,400,0,1.3917631786276732,21.583757025349957,0,written,True
top,main,scenario_adaptive_hybrid_orca_v2_collision_guard_v4,francis2023_narrow_hallway,1002,False,timeout,max_steps,400,400,0,1.1601361262101249,33.69517929910418,0,written,True
top,main,scenario_adaptive_hybrid_orca_v2_collision_guard_v4,francis2023_narrow_hallway,1003,True,success,success,133,400,0,1.2156115236991052,22.321953479061403,0,written,True
top,main,scenario_adaptive_hybrid_orca_v2_collision_guard_v4,francis2023_narrow_doorway,1001,False,timeout,max_steps,400,400,0,1.0751257175010793,10.226500659985863,0,written,True
top,main,scenario_adaptive_hybrid_orca_v2_collision_guard_v4,francis2023_narrow_doorway,1002,False,timeout,max_steps,400,400,0,1.0890228296672617,9.837235742587119,0,written,True
top,main,scenario_adaptive_hybrid_orca_v2_collision_guard_v4,francis2023_narrow_doorway,1003,False,timeout,max_steps,400,400,0,1.1138888393918454,10.78666344579309,0,written,True
top,main,scenario_adaptive_hybrid_orca_v2_collision_guard_v4,francis2023_entering_room,1001,True,success,success,102,400,0,1.7925945553045868,15.794231726504739,0,written,True
top,main,scenario_adaptive_hybrid_orca_v2_collision_guard_v4,francis2023_entering_room,1002,False,timeout,max_steps,400,400,0,1.7706658581363708,30.98242332380033,0,written,True
top,main,scenario_adaptive_hybrid_orca_v2_collision_guard_v4,francis2023_entering_room,1003,True,success,success,110,400,0,1.771943705065048,16.470678196766436,0,written,True
top,main,scenario_adaptive_hybrid_orca_v2_collision_guard_v4,francis2023_exiting_room,1001,True,success,success,108,400,0,1.6852549288711531,17.55748482374395,0,written,True
top,main,scenario_adaptive_hybrid_orca_v2_collision_guard_v4,francis2023_exiting_room,1002,True,success,success,109,400,0,1.7466467294756671,17.90652282579615,0,written,True
top,main,scenario_adaptive_hybrid_orca_v2_collision_guard_v4,francis2023_exiting_room,1003,True,success,success,103,400,0,1.7294226284456238,17.093435327463535,0,written,True
top,main,scenario_adaptive_hybrid_orca_v2_collision_guard_v4,francis2023_entering_elevator,1001,True,success,success,70,400,0,2.033613852890592,9.727220990130325,0,written,True
top,main,scenario_adaptive_hybrid_orca_v2_collision_guard_v4,francis2023_entering_elevator,1002,True,success,success,203,400,0,1.700961243005784,15.548631243853796,0,written,True
top,main,scenario_adaptive_hybrid_orca_v2_collision_guard_v4,francis2023_entering_elevator,1003,True,success,success,82,400,0,1.9627423850989971,10.396066844767475,0,written,True
top,main,scenario_adaptive_hybrid_orca_v2_collision_guard_v4,francis2023_exiting_elevator,1001,True,success,success,74,400,0,1.4478879177008854,11.460245227639557,0,written,True
top,main,scenario_adaptive_hybrid_orca_v2_collision_guard_v4,francis2023_exiting_elevator,1002,True,success,success,75,400,0,1.6695328148908208,11.790255321229619,0,written,True
top,main,scenario_adaptive_hybrid_orca_v2_collision_guard_v4,francis2023_exiting_elevator,1003,True,success,success,69,400,0,1.6171859297722326,11.018001584798625,0,written,True
top,main,scenario_adaptive_hybrid_orca_v2_collision_guard_v4,francis2023_intersection_wait,1001,True,success,success,127,400,0,1.391763178627674,21.583757109487745,0,written,True
top,main,scenario_adaptive_hybrid_orca_v2_collision_guard_v4,francis2023_intersection_wait,1002,True,success,success,131,400,0,1.3784279124569312,21.319722222400216,0,written,True
top,main,scenario_adaptive_hybrid_orca_v2_collision_guard_v4,francis2023_intersection_wait,1003,True,success,success,135,400,0,1.8307654577635883,22.31061337928432,0,written,True
top,main,scenario_adaptive_hybrid_orca_v2_collision_guard_v4,francis2023_intersection_proceed,1001,True,success,success,127,400,0,1.391763178627674,21.583757109487745,0,written,True
top,main,scenario_adaptive_hybrid_orca_v2_collision_guard_v4,francis2023_intersection_proceed,1002,True,success,success,131,400,0,1.3784279124569312,21.319722222400216,0,written,True
top,main,scenario_adaptive_hybrid_orca_v2_collision_guard_v4,francis2023_intersection_proceed,1003,True,success,success,135,400,0,1.8307654577635883,22.31061337928432,0,written,True
top,main,scenario_adaptive_hybrid_orca_v2_collision_guard_v4,francis2023_following_human,1001,True,success,success,173,400,0,2.0253432415246864,30.685602401523546,0,written,True
top,main,scenario_adaptive_hybrid_orca_v2_collision_guard_v4,francis2023_following_human,1002,True,success,success,182,400,0,1.724348874460571,30.496447733747495,0,written,True
top,main,scenario_adaptive_hybrid_orca_v2_collision_guard_v4,francis2023_following_human,1003,True,success,success,184,400,0,1.7486940765416603,31.64950662778894,0,written,True
top,main,scenario_adaptive_hybrid_orca_v2_collision_guard_v4,francis2023_leading_human,1001,True,success,success,173,400,0,2.0253432415246864,30.685602401523546,0,written,True
top,main,scenario_adaptive_hybrid_orca_v2_collision_guard_v4,francis2023_leading_human,1002,True,success,success,182,400,0,1.724348874460571,30.496447733747495,0,written,True
top,main,scenario_adaptive_hybrid_orca_v2_collision_guard_v4,francis2023_leading_human,1003,True,success,success,184,400,0,1.7486940765416603,31.64950662778894,0,written,True
top,main,scenario_adaptive_hybrid_orca_v2_collision_guard_v4,francis2023_accompanying_peer,1001,True,success,success,173,400,0,2.0253432415246864,30.685602401523546,0,written,True
top,main,scenario_adaptive_hybrid_orca_v2_collision_guard_v4,francis2023_accompanying_peer,1002,True,success,success,182,400,0,1.724348874460571,30.496447733747495,0,written,True
top,main,scenario_adaptive_hybrid_orca_v2_collision_guard_v4,francis2023_accompanying_peer,1003,True,success,success,184,400,0,1.7486940765416603,31.64950662778894,0,written,True
top,main,scenario_adaptive_hybrid_orca_v2_collision_guard_v4,francis2023_join_group,1001,True,success,success,78,400,0,3.0001608143676872,11.711234243740405,0,written,True
top,main,scenario_adaptive_hybrid_orca_v2_collision_guard_v4,francis2023_join_group,1002,True,success,success,82,400,0,2.9970179239996053,11.322094541827704,0,written,True
top,main,scenario_adaptive_hybrid_orca_v2_collision_guard_v4,francis2023_join_group,1003,True,success,success,84,400,0,2.817230335631569,12.314116317981991,0,written,True
top,main,scenario_adaptive_hybrid_orca_v2_collision_guard_v4,francis2023_leave_group,1001,True,success,success,116,400,0,2.9727850112229586,11.713447192603498,0,written,True
top,main,scenario_adaptive_hybrid_orca_v2_collision_guard_v4,francis2023_leave_group,1002,True,success,success,112,400,0,2.9961948792370716,11.300448427040394,0,written,True
top,main,scenario_adaptive_hybrid_orca_v2_collision_guard_v4,francis2023_leave_group,1003,True,success,success,120,400,0,2.817230335631569,12.31068045607854,0,written,True
top,main,scenario_adaptive_hybrid_orca_v2_collision_guard_v4,francis2023_crowd_navigation,1001,True,success,success,129,400,0,2.9913675001423004,21.707006492559096,0,written,True
top,main,scenario_adaptive_hybrid_orca_v2_collision_guard_v4,francis2023_crowd_navigation,1002,True,success,success,132,400,0,2.983829926867003,21.331620370745664,0,written,True
top,main,scenario_adaptive_hybrid_orca_v2_collision_guard_v4,francis2023_crowd_navigation,1003,True,success,success,135,400,0,2.817230335631569,22.31061337928432,0,written,True
top,main,scenario_adaptive_hybrid_orca_v2_collision_guard_v4,francis2023_parallel_traffic,1001,True,success,success,177,400,0,2.994274068829435,31.72509051517853,0,written,True
top,main,scenario_adaptive_hybrid_orca_v2_collision_guard_v4,francis2023_parallel_traffic,1002,True,success,success,185,400,0,2.994714195782519,31.36328439722957,0,written,True
top,main,scenario_adaptive_hybrid_orca_v2_collision_guard_v4,francis2023_parallel_traffic,1003,True,success,success,186,400,0,2.817230335631569,32.330824308270756,0,written,True
top,main,scenario_adaptive_hybrid_orca_v2_collision_guard_v4,francis2023_perpendicular_traffic,1001,True,success,success,127,400,0,1.391763178627674,21.583757109487745,0,written,True
top,main,scenario_adaptive_hybrid_orca_v2_collision_guard_v4,francis2023_perpendicular_traffic,1002,True,success,success,131,400,0,1.3784279124569312,21.319722222400216,0,written,True
top,main,scenario_adaptive_hybrid_orca_v2_collision_guard_v4,francis2023_perpendicular_traffic,1003,True,success,success,135,400,0,1.8307654577635883,22.31061337928432,0,written,True
top,main,scenario_adaptive_hybrid_orca_v2_collision_guard_v4,francis2023_circular_crossing,1001,True,success,success,78,400,0,3.0001608143676872,11.711234243740405,0,written,True
top,main,scenario_adaptive_hybrid_orca_v2_collision_guard_v4,francis2023_circular_crossing,1002,True,success,success,82,400,0,2.9970179239996053,11.322094541827704,0,written,True
top,main,scenario_adaptive_hybrid_orca_v2_collision_guard_v4,francis2023_circular_crossing,1003,True,success,success,84,400,0,2.817230335631569,12.314116317981991,0,written,True
top,main,scenario_adaptive_hybrid_orca_v2_collision_guard_v4,francis2023_robot_crowding,1001,True,success,success,78,400,0,3.0001608143676872,11.711234243740405,0,written,True
top,main,scenario_adaptive_hybrid_orca_v2_collision_guard_v4,francis2023_robot_crowding,1002,True,success,success,82,400,0,2.9970179239996053,11.322094541827704,0,written,True
top,main,scenario_adaptive_hybrid_orca_v2_collision_guard_v4,francis2023_robot_crowding,1003,True,success,success,84,400,0,2.817230335631569,12.314116317981991,0,written,True
top,main,social_force,classic_bottleneck_low,1001,True,success,success,221,500,0,1.8280968692097748,20.01782818876859,0,written,True
top,main,social_force,classic_bottleneck_low,1002,True,success,success,244,500,0,1.6412909031958698,21.073987604585767,0,written,True
top,main,social_force,classic_bottleneck_low,1003,True,success,success,244,500,0,2.0776444108233174,23.229467123271213,0,written,True
top,main,social_force,classic_bottleneck_medium,1001,True,success,success,221,500,0,1.8280968692097748,20.01782818876859,0,written,True
top,main,social_force,classic_bottleneck_medium,1002,True,success,success,244,500,0,1.6412909031958698,21.073987604585767,0,written,True
top,main,social_force,classic_bottleneck_medium,1003,True,success,success,244,500,0,2.0776444108233174,23.229467123271213,0,written,True
top,main,social_force,classic_bottleneck_high,1001,True,success,success,221,500,0,1.8280968692097748,20.01782818876859,0,written,True
top,main,social_force,classic_bottleneck_high,1002,True,success,success,244,500,0,1.6412909031958698,21.073987604585767,0,written,True
top,main,social_force,classic_bottleneck_high,1003,True,success,success,244,500,0,2.0776444108233174,23.229467123271213,0,written,True
top,main,social_force,classic_realworld_double_bottleneck_high,1001,True,success,success,490,700,0,1.9567010489286012,47.090592199226414,0,written,True
top,main,social_force,classic_realworld_double_bottleneck_high,1002,True,success,success,484,700,0,1.9116460001978572,46.577468283925484,0,written,True
top,main,social_force,classic_realworld_double_bottleneck_high,1003,True,success,success,503,700,0,1.9112043540926447,47.98143313604035,0,written,True
top,main,social_force,classic_station_platform_medium,1001,False,timeout,max_steps,650,650,0,2.077849923389009,61.883899708732,0,written,True
top,main,social_force,classic_station_platform_medium,1002,False,timeout,max_steps,650,650,0,2.549240171828601,62.04403408598354,0,written,True
top,main,social_force,classic_station_platform_medium,1003,False,timeout,max_steps,650,650,0,2.6203101327453346,61.951996544618254,0,written,True
top,main,social_force,classic_cross_trap_low,1001,True,success,success,481,600,0,1.6644357180539533,44.42222467432789,0,written,True
top,main,social_force,classic_cross_trap_low,1002,True,success,success,476,600,0,1.669704022568567,43.74418687781589,0,written,True
top,main,social_force,classic_cross_trap_low,1003,True,success,success,452,600,0,1.6700091802023642,41.46957743815773,0,written,True
top,main,social_force,classic_cross_trap_medium,1001,True,success,success,481,600,0,1.6644357180539533,44.42222467432789,0,written,True
top,main,social_force,classic_cross_trap_medium,1002,True,success,success,476,600,0,1.669704022568567,43.74418687781589,0,written,True
top,main,social_force,classic_cross_trap_medium,1003,True,success,success,452,600,0,1.6700091802023642,41.46957743815773,0,written,True
top,main,social_force,classic_cross_trap_high,1001,True,success,success,481,600,0,1.6644357180539533,44.42222467432789,0,written,True
top,main,social_force,classic_cross_trap_high,1002,True,success,success,476,600,0,1.669704022568567,43.74418687781589,0,written,True
top,main,social_force,classic_cross_trap_high,1003,True,success,success,452,600,0,1.6700091802023642,41.46957743815773,0,written,True
top,main,social_force,classic_doorway_low,1001,True,success,success,166,500,0,1.4421178717919032,11.807230448552872,0,written,True
top,main,social_force,classic_doorway_low,1002,True,success,success,169,500,0,1.436789115816489,12.535921119482358,0,written,True
top,main,social_force,classic_doorway_low,1003,True,success,success,195,500,0,1.3297303292696199,12.418533436447806,0,written,True
top,main,social_force,classic_doorway_medium,1001,True,success,success,166,500,0,1.4421178717919032,11.807230448552872,0,written,True
top,main,social_force,classic_doorway_medium,1002,True,success,success,169,500,0,1.436789115816489,12.535921119482358,0,written,True
top,main,social_force,classic_doorway_medium,1003,True,success,success,195,500,0,1.3297303292696199,12.418533436447806,0,written,True
top,main,social_force,classic_doorway_high,1001,True,success,success,166,500,0,1.4421178717919032,11.807230448552872,0,written,True
top,main,social_force,classic_doorway_high,1002,True,success,success,169,500,0,1.436789115816489,12.535921119482358,0,written,True
top,main,social_force,classic_doorway_high,1003,True,success,success,195,500,0,1.3297303292696199,12.418533436447806,0,written,True
top,main,social_force,classic_group_crossing_low,1001,True,success,success,187,500,0,2.093439711719922,16.73642228021731,0,written,True
top,main,social_force,classic_group_crossing_low,1002,True,success,success,174,500,0,2.1822870631475246,15.748397463023906,0,written,True
top,main,social_force,classic_group_crossing_low,1003,True,success,success,186,500,0,2.4605171015714244,17.442641272233274,0,written,True
top,main,social_force,classic_group_crossing_medium,1001,True,success,success,187,500,0,2.093439711719922,16.73642228021731,0,written,True
top,main,social_force,classic_group_crossing_medium,1002,True,success,success,174,500,0,2.1822870631475246,15.748397463023906,0,written,True
top,main,social_force,classic_group_crossing_medium,1003,True,success,success,186,500,0,2.4605171015714244,17.442641272233274,0,written,True
top,main,social_force,classic_group_crossing_high,1001,True,success,success,187,500,0,2.093439711719922,16.73642228021731,0,written,True
top,main,social_force,classic_group_crossing_high,1002,True,success,success,174,500,0,2.1822870631475246,15.748397463023906,0,written,True
top,main,social_force,classic_group_crossing_high,1003,True,success,success,186,500,0,2.4605171015714244,17.442641272233274,0,written,True
top,main,social_force,classic_head_on_corridor_low,1001,True,success,success,306,500,0,1.622035605766589,29.87333508407086,0,written,True
top,main,social_force,classic_head_on_corridor_low,1002,True,success,success,309,500,0,1.5657354692752037,29.974822089914632,0,written,True
top,main,social_force,classic_head_on_corridor_low,1003,True,success,success,277,500,0,4.402268054914535,27.104114119905486,0,written,True
top,main,social_force,classic_head_on_corridor_medium,1001,True,success,success,306,500,0,1.622035605766589,29.87333508407086,0,written,True
top,main,social_force,classic_head_on_corridor_medium,1002,True,success,success,309,500,0,1.5657354692752037,29.974822089914632,0,written,True
top,main,social_force,classic_head_on_corridor_medium,1003,True,success,success,277,500,0,4.402268054914535,27.104114119905486,0,written,True
top,main,social_force,classic_merging_low,1001,False,timeout,max_steps,600,600,0,1.4430984559929547,47.978043991831164,0,written,True
top,main,social_force,classic_merging_low,1002,False,timeout,max_steps,600,600,0,1.4677060604078103,47.49163588232785,0,written,True
top,main,social_force,classic_merging_low,1003,False,timeout,max_steps,600,600,0,1.4637579501884725,46.650702002342925,0,written,True
top,main,social_force,classic_merging_medium,1001,False,timeout,max_steps,600,600,0,1.4430984559929547,47.978043991831164,0,written,True
top,main,social_force,classic_merging_medium,1002,False,timeout,max_steps,600,600,0,1.4677060604078103,47.49163588232785,0,written,True
top,main,social_force,classic_merging_medium,1003,False,timeout,max_steps,600,600,0,1.4637579501884725,46.650702002342925,0,written,True
top,main,social_force,classic_overtaking_low,1001,True,success,success,439,600,0,1.5582664650452513,37.43430471670934,0,written,True
top,main,social_force,classic_overtaking_low,1002,True,success,success,439,600,0,1.566269453276957,36.84692748482762,0,written,True
top,main,social_force,classic_overtaking_low,1003,True,success,success,385,600,0,1.6242067903160344,33.646984999325795,0,written,True
top,main,social_force,classic_overtaking_medium,1001,True,success,success,439,600,0,1.5582664650452513,37.43430471670934,0,written,True
top,main,social_force,classic_overtaking_medium,1002,True,success,success,439,600,0,1.566269453276957,36.84692748482762,0,written,True
top,main,social_force,classic_overtaking_medium,1003,True,success,success,385,600,0,1.6242067903160344,33.646984999325795,0,written,True
top,main,social_force,classic_t_intersection_low,1001,True,success,success,321,500,0,1.4675816435030977,24.294958207497743,0,written,True
top,main,social_force,classic_t_intersection_low,1002,True,success,success,342,500,0,1.3055269941125371,25.518586963622738,0,written,True
top,main,social_force,classic_t_intersection_low,1003,True,success,success,351,500,0,1.4841812956575269,27.58782323296532,0,written,True
top,main,social_force,classic_t_intersection_medium,1001,True,success,success,321,500,0,1.4675816435030977,24.294958207497743,0,written,True
top,main,social_force,classic_t_intersection_medium,1002,True,success,success,342,500,0,1.3055269941125371,25.518586963622738,0,written,True
top,main,social_force,classic_t_intersection_medium,1003,True,success,success,351,500,0,1.4841812956575269,27.58782323296532,0,written,True
top,main,social_force,classic_urban_crossing_medium,1001,True,success,success,305,600,0,1.7837907927095247,29.424237369756874,0,written,True
top,main,social_force,classic_urban_crossing_medium,1002,True,success,success,301,600,0,1.7323193156297831,28.897311236317947,0,written,True
top,main,social_force,classic_urban_crossing_medium,1003,True,success,success,328,600,0,1.4246506380143495,31.05013074102891,0,written,True
top,main,social_force,francis2023_frontal_approach,1001,True,success,success,325,400,0,2.9595369095190907,31.739117446391873,0,written,True
top,main,social_force,francis2023_frontal_approach,1002,True,success,success,320,400,0,2.9730320800950403,31.316780753207922,0,written,True
top,main,social_force,francis2023_frontal_approach,1003,True,success,success,331,400,0,2.817230335631569,32.279348423868996,0,written,True
top,main,social_force,francis2023_pedestrian_obstruction,1001,True,success,success,325,400,0,2.9595369095190907,31.739117446391873,0,written,True
top,main,social_force,francis2023_pedestrian_obstruction,1002,True,success,success,320,400,0,2.9730320800950403,31.316780753207922,0,written,True
top,main,social_force,francis2023_pedestrian_obstruction,1003,True,success,success,331,400,0,2.817230335631569,32.279348423868996,0,written,True
top,main,social_force,francis2023_pedestrian_overtaking,1001,True,success,success,457,600,0,2.9663393566211886,31.73758004172226,0,written,True
top,main,social_force,francis2023_pedestrian_overtaking,1002,True,success,success,452,600,0,2.9435322103930917,31.381240342756236,0,written,True
top,main,social_force,francis2023_pedestrian_overtaking,1003,True,success,success,465,600,0,2.809878859118955,32.29768055022777,0,written,True
top,main,social_force,francis2023_robot_overtaking,1001,True,success,success,325,400,0,2.9595369095190907,31.739117446391873,0,written,True
top,main,social_force,francis2023_robot_overtaking,1002,True,success,success,320,400,0,2.9730320800950403,31.316780753207922,0,written,True
top,main,social_force,francis2023_robot_overtaking,1003,True,success,success,331,400,0,2.817230335631569,32.279348423868996,0,written,True
top,main,social_force,francis2023_down_path,1001,True,success,success,316,400,0,2.0483512325678737,30.775180674082517,0,written,True
top,main,social_force,francis2023_down_path,1002,True,success,success,312,400,0,2.37319625458955,30.34643052359897,0,written,True
top,main,social_force,francis2023_down_path,1003,True,success,success,333,400,0,2.4138751353710264,31.512776261649705,0,written,True
top,main,social_force,francis2023_intersection_no_gesture,1001,True,success,success,236,400,0,1.3918006783214079,22.09799886112274,0,written,True
top,main,social_force,francis2023_intersection_no_gesture,1002,True,success,success,235,400,0,1.3809904516500848,21.84887751962517,0,written,True
top,main,social_force,francis2023_intersection_no_gesture,1003,True,success,success,235,400,0,2.3727815259115723,22.27568003048222,0,written,True
top,main,social_force,francis2023_blind_corner,1001,False,timeout,max_steps,400,400,0,1.3917974518100669,36.39309520192284,0,written,True
top,main,social_force,francis2023_blind_corner,1002,False,timeout,max_steps,400,400,0,1.3816679671081342,36.17895547679095,0,written,True
top,main,social_force,francis2023_blind_corner,1003,False,timeout,max_steps,400,400,0,2.1892847727199296,37.61703977457608,0,written,True
top,main,social_force,francis2023_narrow_hallway,1001,True,success,success,250,400,0,1.391800678321407,22.044950401836168,0,written,True
top,main,social_force,francis2023_narrow_hallway,1002,True,success,success,242,400,0,1.3809624545519268,21.731632201628017,0,written,True
top,main,social_force,francis2023_narrow_hallway,1003,True,success,success,255,400,0,1.21890047928559,22.830640119286237,0,written,True
top,main,social_force,francis2023_narrow_doorway,1001,False,timeout,max_steps,400,400,0,1.6939874681979352,10.998445042681817,0,written,True
top,main,social_force,francis2023_narrow_doorway,1002,False,timeout,max_steps,400,400,0,1.7156671267370136,10.695203643213551,0,written,True
top,main,social_force,francis2023_narrow_doorway,1003,False,timeout,max_steps,400,400,0,1.7083250165750752,11.464524330288182,0,written,True
top,main,social_force,francis2023_entering_room,1001,True,success,success,174,400,0,1.9567220124775582,15.744326786766955,0,written,True
top,main,social_force,francis2023_entering_room,1002,True,success,success,169,400,0,1.95215005139416,15.403426694034662,0,written,True
top,main,social_force,francis2023_entering_room,1003,True,success,success,180,400,0,1.9615853092736093,16.456583402662602,0,written,True
top,main,social_force,francis2023_exiting_room,1001,True,success,success,197,400,0,1.9171974275692039,17.579607963419775,0,written,True
top,main,social_force,francis2023_exiting_room,1002,True,success,success,198,400,0,1.9186273138229886,17.896776983705045,0,written,True
top,main,social_force,francis2023_exiting_room,1003,True,success,success,191,400,0,1.877713737028371,17.167243895775442,0,written,True
top,main,social_force,francis2023_entering_elevator,1001,True,success,success,111,400,0,2.1095423566450013,9.780572609238883,0,written,True
top,main,social_force,francis2023_entering_elevator,1002,True,success,success,106,400,0,2.105934058809434,9.392424443695575,0,written,True
top,main,social_force,francis2023_entering_elevator,1003,True,success,success,118,400,0,2.1263637824634936,10.336866438962351,0,written,True
top,main,social_force,francis2023_exiting_elevator,1001,True,success,success,128,400,0,1.4479003579886585,11.798992033263056,0,written,True
top,main,social_force,francis2023_exiting_elevator,1002,True,success,success,126,400,0,1.6695306814589572,11.927474138185232,0,written,True
top,main,social_force,francis2023_exiting_elevator,1003,True,success,success,128,400,0,1.6171859297722326,11.277730445820602,0,written,True
top,main,social_force,francis2023_intersection_wait,1001,True,success,success,236,400,0,1.3918006783214079,22.09799886112274,0,written,True
top,main,social_force,francis2023_intersection_wait,1002,True,success,success,235,400,0,1.3809904516500848,21.84887751962517,0,written,True
top,main,social_force,francis2023_intersection_wait,1003,True,success,success,235,400,0,2.3727815259115723,22.27568003048222,0,written,True
top,main,social_force,francis2023_intersection_proceed,1001,True,success,success,236,400,0,1.3918006783214079,22.09799886112274,0,written,True
top,main,social_force,francis2023_intersection_proceed,1002,True,success,success,235,400,0,1.3809904516500848,21.84887751962517,0,written,True
top,main,social_force,francis2023_intersection_proceed,1003,True,success,success,235,400,0,2.3727815259115723,22.27568003048222,0,written,True
top,main,social_force,francis2023_following_human,1001,True,success,success,316,400,0,2.0483512325678737,30.775180674082517,0,written,True
top,main,social_force,francis2023_following_human,1002,True,success,success,312,400,0,2.37319625458955,30.34643052359897,0,written,True
top,main,social_force,francis2023_following_human,1003,True,success,success,333,400,0,2.4138751353710264,31.512776261649705,0,written,True
top,main,social_force,francis2023_leading_human,1001,True,success,success,316,400,0,2.0483512325678737,30.775180674082517,0,written,True
top,main,social_force,francis2023_leading_human,1002,True,success,success,312,400,0,2.37319625458955,30.34643052359897,0,written,True
top,main,social_force,francis2023_leading_human,1003,True,success,success,333,400,0,2.4138751353710264,31.512776261649705,0,written,True
top,main,social_force,francis2023_accompanying_peer,1001,True,success,success,316,400,0,2.0483512325678737,30.775180674082517,0,written,True
top,main,social_force,francis2023_accompanying_peer,1002,True,success,success,312,400,0,2.37319625458955,30.34643052359897,0,written,True
top,main,social_force,francis2023_accompanying_peer,1003,True,success,success,333,400,0,2.4138751353710264,31.512776261649705,0,written,True
top,main,social_force,francis2023_join_group,1001,True,success,success,125,400,0,2.9185047660580103,11.762436009580682,0,written,True
top,main,social_force,francis2023_join_group,1002,True,success,success,120,400,0,2.9577791440305186,11.328011932023896,0,written,True
top,main,social_force,francis2023_join_group,1003,True,success,success,131,400,0,2.817230335631569,12.290560019125738,0,written,True
top,main,social_force,francis2023_leave_group,1001,True,success,success,125,400,0,2.9185047660580103,11.762436009580682,0,written,True
top,main,social_force,francis2023_leave_group,1002,True,success,success,120,400,0,2.9577791440305186,11.328011932023896,0,written,True
top,main,social_force,francis2023_leave_group,1003,True,success,success,131,400,0,2.817230335631569,12.290560019125738,0,written,True
top,main,social_force,francis2023_crowd_navigation,1001,True,success,success,225,400,0,2.920962171370908,21.752433715896036,0,written,True
top,main,social_force,francis2023_crowd_navigation,1002,True,success,success,220,400,0,2.9571533315483944,21.324155504154916,0,written,True
top,main,social_force,francis2023_crowd_navigation,1003,True,success,success,231,400,0,2.817230335631569,22.284430546052,0,written,True
top,main,social_force,francis2023_parallel_traffic,1001,True,success,success,325,400,0,2.9595369095190907,31.739117446391873,0,written,True
top,main,social_force,francis2023_parallel_traffic,1002,True,success,success,320,400,0,2.9730320800950403,31.316780753207922,0,written,True
top,main,social_force,francis2023_parallel_traffic,1003,True,success,success,331,400,0,2.817230335631569,32.279348423868996,0,written,True
top,main,social_force,francis2023_perpendicular_traffic,1001,True,success,success,236,400,0,1.3918006783214079,22.09799886112274,0,written,True
top,main,social_force,francis2023_perpendicular_traffic,1002,True,success,success,235,400,0,1.3809904516500848,21.84887751962517,0,written,True
top,main,social_force,francis2023_perpendicular_traffic,1003,True,success,success,235,400,0,2.3727815259115723,22.27568003048222,0,written,True
top,main,social_force,francis2023_circular_crossing,1001,True,success,success,125,400,0,2.9185047660580103,11.762436009580682,0,written,True
top,main,social_force,francis2023_circular_crossing,1002,True,success,success,120,400,0,2.9577791440305186,11.328011932023896,0,written,True
top,main,social_force,francis2023_circular_crossing,1003,True,success,success,131,400,0,2.817230335631569,12.290560019125738,0,written,True
top,main,social_force,francis2023_robot_crowding,1001,True,success,success,125,400,0,2.9185047660580103,11.762436009580682,0,written,True
top,main,social_force,francis2023_robot_crowding,1002,True,success,success,120,400,0,2.9577791440305186,11.328011932023896,0,written,True
top,main,social_force,francis2023_robot_crowding,1003,True,success,success,131,400,0,2.817230335631569,12.290560019125738,0,written,True
top,main,socnav_sampling,classic_bottleneck_low,1001,True,success,success,111,500,0,1.6826292788134454,19.878586211106555,0,written,True
top,main,socnav_sampling,classic_bottleneck_low,1002,True,success,success,116,500,0,1.40905205836251,20.709362623287483,0,written,True
top,main,socnav_sampling,classic_bottleneck_low,1003,True,success,success,128,500,0,1.9543606278369803,23.304988340893765,0,written,True
top,main,socnav_sampling,classic_bottleneck_medium,1001,True,success,success,111,500,0,1.6826292788134454,19.878586211106555,0,written,True
top,main,socnav_sampling,classic_bottleneck_medium,1002,True,success,success,116,500,0,1.40905205836251,20.709362623287483,0,written,True
top,main,socnav_sampling,classic_bottleneck_medium,1003,True,success,success,128,500,0,1.9543606278369803,23.304988340893765,0,written,True
top,main,socnav_sampling,classic_bottleneck_high,1001,True,success,success,111,500,0,1.6826292788134454,19.878586211106555,0,written,True
top,main,socnav_sampling,classic_bottleneck_high,1002,True,success,success,116,500,0,1.40905205836251,20.709362623287483,0,written,True
top,main,socnav_sampling,classic_bottleneck_high,1003,True,success,success,128,500,0,1.9543606278369803,23.304988340893765,0,written,True
top,main,socnav_sampling,classic_realworld_double_bottleneck_high,1001,True,success,success,249,700,0,1.8577278764452003,47.31178628043827,0,written,True
top,main,socnav_sampling,classic_realworld_double_bottleneck_high,1002,True,success,success,245,700,0,1.8705655464285376,46.56885508577979,0,written,True
top,main,socnav_sampling,classic_realworld_double_bottleneck_high,1003,True,success,success,253,700,0,1.903848748032586,48.11387468496517,0,written,True
top,main,socnav_sampling,classic_station_platform_medium,1001,True,success,success,464,650,0,2.0776059719209226,87.80928588326583,0,written,True
top,main,socnav_sampling,classic_station_platform_medium,1002,True,success,success,460,650,0,2.549240171828601,86.96640692659466,0,written,True
top,main,socnav_sampling,classic_station_platform_medium,1003,True,success,success,470,650,0,2.6203101327453346,88.90311286039002,0,written,True
top,main,socnav_sampling,classic_cross_trap_low,1001,True,success,success,253,600,0,1.385686670260376,45.938207165210216,0,written,True
top,main,socnav_sampling,classic_cross_trap_low,1002,True,success,success,249,600,0,1.3841121669075536,44.925443972041066,0,written,True
top,main,socnav_sampling,classic_cross_trap_low,1003,True,success,success,235,600,0,1.3396219174681774,42.52790079256876,0,written,True
top,main,socnav_sampling,classic_cross_trap_medium,1001,True,success,success,253,600,0,1.385686670260376,45.938207165210216,0,written,True
top,main,socnav_sampling,classic_cross_trap_medium,1002,True,success,success,249,600,0,1.3841121669075536,44.925443972041066,0,written,True
top,main,socnav_sampling,classic_cross_trap_medium,1003,True,success,success,235,600,0,1.3396219174681774,42.52790079256876,0,written,True
top,main,socnav_sampling,classic_cross_trap_high,1001,True,success,success,253,600,0,1.385686670260376,45.938207165210216,0,written,True
top,main,socnav_sampling,classic_cross_trap_high,1002,True,success,success,249,600,0,1.3841121669075536,44.925443972041066,0,written,True
top,main,socnav_sampling,classic_cross_trap_high,1003,True,success,success,235,600,0,1.3396219174681774,42.52790079256876,0,written,True
top,main,socnav_sampling,classic_doorway_low,1001,True,success,success,77,500,0,1.0937357952082207,11.85088969611985,0,written,True
top,main,socnav_sampling,classic_doorway_low,1002,True,success,success,78,500,0,1.1617003369685561,12.392962919912101,0,written,True
top,main,socnav_sampling,classic_doorway_low,1003,True,success,success,93,500,0,1.246665636215382,12.475421797395526,0,written,True
top,main,socnav_sampling,classic_doorway_medium,1001,True,success,success,77,500,0,1.0937357952082207,11.85088969611985,0,written,True
top,main,socnav_sampling,classic_doorway_medium,1002,True,success,success,78,500,0,1.1617003369685561,12.392962919912101,0,written,True
top,main,socnav_sampling,classic_doorway_medium,1003,True,success,success,93,500,0,1.246665636215382,12.475421797395526,0,written,True
top,main,socnav_sampling,classic_doorway_high,1001,True,success,success,77,500,0,1.0937357952082207,11.85088969611985,0,written,True
top,main,socnav_sampling,classic_doorway_high,1002,True,success,success,78,500,0,1.1617003369685561,12.392962919912101,0,written,True
top,main,socnav_sampling,classic_doorway_high,1003,True,success,success,93,500,0,1.246665636215382,12.475421797395526,0,written,True
top,main,socnav_sampling,classic_group_crossing_low,1001,True,success,success,96,500,0,1.9290658103398248,16.68961130619352,0,written,True
top,main,socnav_sampling,classic_group_crossing_low,1002,True,success,success,91,500,0,2.086368502240581,15.790514874540754,0,written,True
top,main,socnav_sampling,classic_group_crossing_low,1003,True,success,success,100,500,0,2.6430153090627218,17.58647763538984,0,written,True
top,main,socnav_sampling,classic_group_crossing_medium,1001,True,success,success,96,500,0,1.9290658103398248,16.68961130619352,0,written,True
top,main,socnav_sampling,classic_group_crossing_medium,1002,True,success,success,91,500,0,2.086368502240581,15.790514874540754,0,written,True
top,main,socnav_sampling,classic_group_crossing_medium,1003,True,success,success,100,500,0,2.6430153090627218,17.58647763538984,0,written,True
top,main,socnav_sampling,classic_group_crossing_high,1001,True,success,success,96,500,0,1.9290658103398248,16.68961130619352,0,written,True
top,main,socnav_sampling,classic_group_crossing_high,1002,True,success,success,91,500,0,2.086368502240581,15.790514874540754,0,written,True
top,main,socnav_sampling,classic_group_crossing_high,1003,True,success,success,100,500,0,2.6430153090627218,17.58647763538984,0,written,True
top,main,socnav_sampling,classic_head_on_corridor_low,1001,True,success,success,173,500,0,1.622035605766589,31.214469567994584,0,written,True
top,main,socnav_sampling,classic_head_on_corridor_low,1002,True,success,success,175,500,0,1.5657354692752037,31.495384680136084,0,written,True
top,main,socnav_sampling,classic_head_on_corridor_low,1003,True,success,success,157,500,0,4.402267536379091,28.66662637857143,0,written,True
top,main,socnav_sampling,classic_head_on_corridor_medium,1001,True,success,success,173,500,0,1.622035605766589,31.214469567994584,0,written,True
top,main,socnav_sampling,classic_head_on_corridor_medium,1002,True,success,success,175,500,0,1.5657354692752037,31.495384680136084,0,written,True
top,main,socnav_sampling,classic_head_on_corridor_medium,1003,True,success,success,157,500,0,4.402267536379091,28.66662637857143,0,written,True
top,main,socnav_sampling,classic_merging_low,1001,True,success,success,409,600,0,1.4147326206884443,70.75570976436138,0,written,True
top,main,socnav_sampling,classic_merging_low,1002,True,success,success,407,600,0,1.4132887805462013,70.23140294274907,0,written,True
top,main,socnav_sampling,classic_merging_low,1003,True,success,success,393,600,0,1.4097890350345523,68.01089954488633,0,written,True
top,main,socnav_sampling,classic_merging_medium,1001,True,success,success,409,600,0,1.4147326206884443,70.75570976436138,0,written,True
top,main,socnav_sampling,classic_merging_medium,1002,True,success,success,407,600,0,1.4132887805462013,70.23140294274907,0,written,True
top,main,socnav_sampling,classic_merging_medium,1003,True,success,success,393,600,0,1.4097890350345523,68.01089954488633,0,written,True
top,main,socnav_sampling,classic_overtaking_low,1001,True,success,success,218,600,0,1.3806825573902888,38.66229631496903,0,written,True
top,main,socnav_sampling,classic_overtaking_low,1002,True,success,success,216,600,0,1.3982853149534369,38.186780743499085,0,written,True
top,main,socnav_sampling,classic_overtaking_low,1003,True,success,success,193,600,0,1.375741238426167,34.362664389567,0,written,True
top,main,socnav_sampling,classic_overtaking_medium,1001,True,success,success,218,600,0,1.3806825573902888,38.66229631496903,0,written,True
top,main,socnav_sampling,classic_overtaking_medium,1002,True,success,success,216,600,0,1.3982853149534369,38.186780743499085,0,written,True
top,main,socnav_sampling,classic_overtaking_medium,1003,True,success,success,193,600,0,1.375741238426167,34.362664389567,0,written,True
top,main,socnav_sampling,classic_t_intersection_low,1001,True,success,success,139,500,0,1.9802183315106372,24.384052872242194,0,written,True
top,main,socnav_sampling,classic_t_intersection_low,1002,True,success,success,146,500,0,1.3050524847448521,25.47799391698315,0,written,True
top,main,socnav_sampling,classic_t_intersection_low,1003,True,success,success,156,500,0,1.9704416342589186,27.88388507014076,0,written,True
top,main,socnav_sampling,classic_t_intersection_medium,1001,True,success,success,139,500,0,1.9802183315106372,24.384052872242194,0,written,True
top,main,socnav_sampling,classic_t_intersection_medium,1002,True,success,success,146,500,0,1.3050524847448521,25.47799391698315,0,written,True
top,main,socnav_sampling,classic_t_intersection_medium,1003,True,success,success,156,500,0,1.9704416342589186,27.88388507014076,0,written,True
top,main,socnav_sampling,classic_urban_crossing_medium,1001,True,success,success,158,600,0,1.7837819451674866,29.26377694676955,0,written,True
top,main,socnav_sampling,classic_urban_crossing_medium,1002,True,success,success,156,600,0,1.7323193156297831,28.74498767108547,0,written,True
top,main,socnav_sampling,classic_urban_crossing_medium,1003,True,success,success,168,600,0,1.4246506380143495,30.948644100924685,0,written,True
top,main,socnav_sampling,francis2023_frontal_approach,1001,True,success,success,175,400,0,2.9953834036448095,31.797175674082776,0,written,True
top,main,socnav_sampling,francis2023_frontal_approach,1002,True,success,success,172,400,0,2.9606499184278183,31.368999626936528,0,written,True
top,main,socnav_sampling,francis2023_frontal_approach,1003,True,success,success,178,400,0,2.817230335631569,32.38622260815574,0,written,True
top,main,socnav_sampling,francis2023_pedestrian_obstruction,1001,True,success,success,175,400,0,2.9953834036448095,31.797175674082776,0,written,True
top,main,socnav_sampling,francis2023_pedestrian_obstruction,1002,True,success,success,172,400,0,2.9606499184278183,31.368999626936528,0,written,True
top,main,socnav_sampling,francis2023_pedestrian_obstruction,1003,True,success,success,178,400,0,2.817230335631569,32.38622260815574,0,written,True
top,main,socnav_sampling,francis2023_pedestrian_overtaking,1001,True,success,success,459,600,0,2.9387223773593023,31.77725237718581,0,written,True
top,main,socnav_sampling,francis2023_pedestrian_overtaking,1002,True,success,success,455,600,0,2.967058135427262,31.38267461371668,0,written,True
top,main,socnav_sampling,francis2023_pedestrian_overtaking,1003,True,success,success,467,600,0,2.809878859118955,32.27697930801935,0,written,True
top,main,socnav_sampling,francis2023_robot_overtaking,1001,True,success,success,175,400,0,2.9953834036448095,31.797175674082776,0,written,True
top,main,socnav_sampling,francis2023_robot_overtaking,1002,True,success,success,172,400,0,2.9606499184278183,31.368999626936528,0,written,True
top,main,socnav_sampling,francis2023_robot_overtaking,1003,True,success,success,178,400,0,2.817230335631569,32.38622260815574,0,written,True
top,main,socnav_sampling,francis2023_down_path,1001,True,success,success,168,400,0,1.8683563108884267,30.69513522212767,0,written,True
top,main,socnav_sampling,francis2023_down_path,1002,True,success,success,167,400,0,1.8041160065929083,30.306241000873882,0,written,True
top,main,socnav_sampling,francis2023_down_path,1003,True,success,success,175,400,0,1.70009415562275,31.626647920529493,0,written,True
top,main,socnav_sampling,francis2023_intersection_no_gesture,1001,True,success,success,123,400,0,1.3918006783214079,21.625943320016646,0,written,True
top,main,socnav_sampling,francis2023_intersection_no_gesture,1002,True,success,success,124,400,0,1.3789112016839455,21.33259469250091,0,written,True
top,main,socnav_sampling,francis2023_intersection_no_gesture,1003,True,success,success,128,400,0,1.729584474208165,22.361289373150967,0,written,True
top,main,socnav_sampling,francis2023_blind_corner,1001,True,success,success,238,400,0,1.3918006783214043,43.219322196905566,0,written,True
top,main,socnav_sampling,francis2023_blind_corner,1002,True,success,success,237,400,0,1.3803897726212893,42.96085690693069,0,written,True
top,main,socnav_sampling,francis2023_blind_corner,1003,True,success,success,237,400,0,1.7579491592376988,43.43273266049522,0,written,True
top,main,socnav_sampling,francis2023_narrow_hallway,1001,True,success,success,123,400,0,1.391800678321407,21.610806892458815,0,written,True
top,main,socnav_sampling,francis2023_narrow_hallway,1002,True,success,success,121,400,0,1.3789111996141807,21.31097203904192,0,written,True
top,main,socnav_sampling,francis2023_narrow_hallway,1003,True,success,success,134,400,0,1.2228611950777644,22.39263898988556,0,written,True
top,main,socnav_sampling,francis2023_narrow_doorway,1001,False,timeout,max_steps,400,400,0,1.3076446079626172,12.334430081903003,0,written,True
top,main,socnav_sampling,francis2023_narrow_doorway,1002,False,timeout,max_steps,400,400,0,1.3052719280955634,11.9969943346047,0,written,True
top,main,socnav_sampling,francis2023_narrow_doorway,1003,False,timeout,max_steps,400,400,0,1.2860790208354218,12.930995843771758,0,written,True
top,main,socnav_sampling,francis2023_entering_room,1001,True,success,success,94,400,0,1.700378180593756,15.852214024095183,0,written,True
top,main,socnav_sampling,francis2023_entering_room,1002,True,success,success,91,400,0,1.6620462629771613,15.476531012691957,0,written,True
top,main,socnav_sampling,francis2023_entering_room,1003,True,success,success,99,400,0,1.6666076187030539,16.799491584222764,0,written,True
top,main,socnav_sampling,francis2023_exiting_room,1001,True,success,success,106,400,0,1.6658401043204902,17.632195907540453,0,written,True
top,main,socnav_sampling,francis2023_exiting_room,1002,True,success,success,107,400,0,1.7457516060121179,17.97568010279566,0,written,True
top,main,socnav_sampling,francis2023_exiting_room,1003,True,success,success,104,400,0,1.796189790640741,17.335020919738888,0,written,True
top,main,socnav_sampling,francis2023_entering_elevator,1001,True,success,success,62,400,0,2.018201983010497,9.712279221060372,0,written,True
top,main,socnav_sampling,francis2023_entering_elevator,1002,True,success,success,60,400,0,1.9720907974448365,9.339789014434132,0,written,True
top,main,socnav_sampling,francis2023_entering_elevator,1003,True,success,success,67,400,0,1.8137838145718972,10.494079565213081,0,written,True
top,main,socnav_sampling,francis2023_exiting_elevator,1001,True,success,success,72,400,0,1.4479003579886585,11.520152007854671,0,written,True
top,main,socnav_sampling,francis2023_exiting_elevator,1002,True,success,success,73,400,0,1.669532230084779,11.897825474093644,0,written,True
top,main,socnav_sampling,francis2023_exiting_elevator,1003,True,success,success,70,400,0,1.6171859297722326,11.08314462921485,0,written,True
top,main,socnav_sampling,francis2023_intersection_wait,1001,True,success,success,123,400,0,1.3918006783214079,21.625943320016646,0,written,True
top,main,socnav_sampling,francis2023_intersection_wait,1002,True,success,success,124,400,0,1.3789112016839455,21.33259469250091,0,written,True
top,main,socnav_sampling,francis2023_intersection_wait,1003,True,success,success,128,400,0,1.729584474208165,22.361289373150967,0,written,True
top,main,socnav_sampling,francis2023_intersection_proceed,1001,True,success,success,123,400,0,1.3918006783214079,21.625943320016646,0,written,True
top,main,socnav_sampling,francis2023_intersection_proceed,1002,True,success,success,124,400,0,1.3789112016839455,21.33259469250091,0,written,True
top,main,socnav_sampling,francis2023_intersection_proceed,1003,True,success,success,128,400,0,1.729584474208165,22.361289373150967,0,written,True
top,main,socnav_sampling,francis2023_following_human,1001,True,success,success,168,400,0,1.8683563108884267,30.69513522212767,0,written,True
top,main,socnav_sampling,francis2023_following_human,1002,True,success,success,167,400,0,1.8041160065929083,30.306241000873882,0,written,True
top,main,socnav_sampling,francis2023_following_human,1003,True,success,success,175,400,0,1.70009415562275,31.626647920529493,0,written,True
top,main,socnav_sampling,francis2023_leading_human,1001,True,success,success,168,400,0,1.8683563108884267,30.69513522212767,0,written,True
top,main,socnav_sampling,francis2023_leading_human,1002,True,success,success,167,400,0,1.8041160065929083,30.306241000873882,0,written,True
top,main,socnav_sampling,francis2023_leading_human,1003,True,success,success,175,400,0,1.70009415562275,31.626647920529493,0,written,True
top,main,socnav_sampling,francis2023_accompanying_peer,1001,True,success,success,168,400,0,1.8683563108884267,30.69513522212767,0,written,True
top,main,socnav_sampling,francis2023_accompanying_peer,1002,True,success,success,167,400,0,1.8041160065929083,30.306241000873882,0,written,True
top,main,socnav_sampling,francis2023_accompanying_peer,1003,True,success,success,175,400,0,1.70009415562275,31.626647920529493,0,written,True
top,main,socnav_sampling,francis2023_join_group,1001,True,success,success,74,400,0,2.983388369486474,11.760560358026066,0,written,True
top,main,socnav_sampling,francis2023_join_group,1002,True,success,success,72,400,0,2.9268193818710615,11.40967535691194,0,written,True
top,main,socnav_sampling,francis2023_join_group,1003,True,success,success,78,400,0,2.817230335631569,12.374576605486409,0,written,True
top,main,socnav_sampling,francis2023_leave_group,1001,True,success,success,74,400,0,2.983388369486474,11.760560358026066,0,written,True
top,main,socnav_sampling,francis2023_leave_group,1002,True,success,success,72,400,0,2.9268193818710615,11.40967535691194,0,written,True
top,main,socnav_sampling,francis2023_leave_group,1003,True,success,success,78,400,0,2.817230335631569,12.374576605486409,0,written,True
top,main,socnav_sampling,francis2023_crowd_navigation,1001,True,success,success,125,400,0,2.9954781057472273,21.79795620151622,0,written,True
top,main,socnav_sampling,francis2023_crowd_navigation,1002,True,success,success,122,400,0,2.9791880061307334,21.401158100701995,0,written,True
top,main,socnav_sampling,francis2023_crowd_navigation,1003,True,success,success,128,400,0,2.817230335631569,22.388409514962618,0,written,True
top,main,socnav_sampling,francis2023_parallel_traffic,1001,True,success,success,175,400,0,2.9953834036448095,31.797175674082776,0,written,True
top,main,socnav_sampling,francis2023_parallel_traffic,1002,True,success,success,172,400,0,2.9606499184278183,31.368999626936528,0,written,True
top,main,socnav_sampling,francis2023_parallel_traffic,1003,True,success,success,178,400,0,2.817230335631569,32.38622260815574,0,written,True
top,main,socnav_sampling,francis2023_perpendicular_traffic,1001,True,success,success,123,400,0,1.3918006783214079,21.625943320016646,0,written,True
top,main,socnav_sampling,francis2023_perpendicular_traffic,1002,True,success,success,124,400,0,1.3789112016839455,21.33259469250091,0,written,True
top,main,socnav_sampling,francis2023_perpendicular_traffic,1003,True,success,success,128,400,0,1.729584474208165,22.361289373150967,0,written,True
top,main,socnav_sampling,francis2023_circular_crossing,1001,True,success,success,74,400,0,2.983388369486474,11.760560358026066,0,written,True
top,main,socnav_sampling,francis2023_circular_crossing,1002,True,success,success,72,400,0,2.9268193818710615,11.40967535691194,0,written,True
top,main,socnav_sampling,francis2023_circular_crossing,1003,True,success,success,78,400,0,2.817230335631569,12.374576605486409,0,written,True
top,main,socnav_sampling,francis2023_robot_crowding,1001,True,success,success,74,400,0,2.983388369486474,11.760560358026066,0,written,True
top,main,socnav_sampling,francis2023_robot_crowding,1002,True,success,success,72,400,0,2.9268193818710615,11.40967535691194,0,written,True
top,main,socnav_sampling,francis2023_robot_crowding,1003,True,success,success,78,400,0,2.817230335631569,12.374576605486409,0,written,True
top,width,goal,francis2023_narrow_doorway_width_2p20,1001,False,collision,collision,108,400,1,0.9663135138468969,10.168325352154763,0,written,True
top,width,goal,francis2023_narrow_doorway_width_2p20,1002,False,collision,collision,104,400,1,0.9660883480680754,9.842350400347541,0,written,True
top,width,goal,francis2023_narrow_doorway_width_2p20,1003,False,collision,collision,115,400,1,0.978829723914621,10.892624435040291,0,written,True
top,width,goal,francis2023_narrow_doorway_width_2p80,1001,True,success,success,224,400,0,1.1393920720976813,21.740313887847087,0,written,True
top,width,goal,francis2023_narrow_doorway_width_2p80,1002,True,success,success,221,400,0,1.1724202018496475,21.28661671909164,0,written,True
top,width,goal,francis2023_narrow_doorway_width_2p80,1003,True,success,success,231,400,0,1.2217837483877694,22.323535619494088,0,written,True
top,width,goal,francis2023_narrow_doorway_width_3p60,1001,True,success,success,224,400,0,1.5393913153620764,21.740313887847087,0,written,True
top,width,goal,francis2023_narrow_doorway_width_3p60,1002,True,success,success,221,400,0,1.5723126693518572,21.28661671909164,0,written,True
top,width,goal,francis2023_narrow_doorway_width_3p60,1003,True,success,success,231,400,0,1.621591573730629,22.323535619494088,0,written,True
top,width,guarded_ppo,francis2023_narrow_doorway_width_2p20,1001,False,collision,collision,59,400,1,0.9925369292250943,9.799999999999997,0,written,True
top,width,guarded_ppo,francis2023_narrow_doorway_width_2p20,1002,False,collision,collision,61,400,1,0.8785279140309006,10.020000000000005,0,written,True
top,width,guarded_ppo,francis2023_narrow_doorway_width_2p20,1003,False,collision,collision,65,400,1,0.9415049235703532,10.82,0,written,True
top,width,guarded_ppo,francis2023_narrow_doorway_width_2p80,1001,False,collision,collision,60,400,1,0.843894860529648,9.999999999999998,0,written,True
top,width,guarded_ppo,francis2023_narrow_doorway_width_2p80,1002,False,collision,collision,63,400,1,0.8666329518706483,10.554999999999998,0,written,True
top,width,guarded_ppo,francis2023_narrow_doorway_width_2p80,1003,False,collision,collision,72,400,1,0.9707946403750657,12.4,0,written,True
top,width,guarded_ppo,francis2023_narrow_doorway_width_3p60,1001,False,collision,collision,61,400,1,0.9921130692274955,10.200000000000003,0,written,True
top,width,guarded_ppo,francis2023_narrow_doorway_width_3p60,1002,True,success,success,120,400,0,1.4626476930024717,22.000000000000018,0,written,True
top,width,guarded_ppo,francis2023_narrow_doorway_width_3p60,1003,False,collision,collision,77,400,1,0.9523088753938961,13.4,0,written,True
top,width,hybrid_rule_v4_fast_progress_static_escape,francis2023_narrow_doorway_width_2p20,1001,True,success,success,135,400,0,1.058761621596454,21.704972482082358,0,written,True
top,width,hybrid_rule_v4_fast_progress_static_escape,francis2023_narrow_doorway_width_2p20,1002,True,success,success,141,400,0,1.0460194102904188,21.330596294747565,0,written,True
top,width,hybrid_rule_v4_fast_progress_static_escape,francis2023_narrow_doorway_width_2p20,1003,True,success,success,137,400,0,1.0698717099376724,22.318288738778705,0,written,True
top,width,hybrid_rule_v4_fast_progress_static_escape,francis2023_narrow_doorway_width_2p80,1001,True,success,success,128,400,0,1.1705998027277147,21.710690362839216,0,written,True
top,width,hybrid_rule_v4_fast_progress_static_escape,francis2023_narrow_doorway_width_2p80,1002,True,success,success,135,400,0,1.1160143843402206,21.359337764851084,0,written,True
top,width,hybrid_rule_v4_fast_progress_static_escape,francis2023_narrow_doorway_width_2p80,1003,True,success,success,135,400,0,1.2249924849106983,22.32627154530018,0,written,True
top,width,hybrid_rule_v4_fast_progress_static_escape,francis2023_narrow_doorway_width_3p60,1001,True,success,success,129,400,0,1.4081590133213837,21.701842789778997,0,written,True
top,width,hybrid_rule_v4_fast_progress_static_escape,francis2023_narrow_doorway_width_3p60,1002,True,success,success,133,400,0,1.3193509833352162,21.32459940845768,0,written,True
top,width,hybrid_rule_v4_fast_progress_static_escape,francis2023_narrow_doorway_width_3p60,1003,True,success,success,135,400,0,1.6249854688009842,22.32627154530018,0,written,True
top,width,hybrid_rule_v4_fast_progress_static_escape_continuous,francis2023_narrow_doorway_width_2p20,1001,False,timeout,max_steps,400,400,0,1.2591274376997803,10.092746856819144,0,written,True
top,width,hybrid_rule_v4_fast_progress_static_escape_continuous,francis2023_narrow_doorway_width_2p20,1002,False,timeout,max_steps,400,400,0,1.2434646809751764,9.659211551886978,0,written,True
top,width,hybrid_rule_v4_fast_progress_static_escape_continuous,francis2023_narrow_doorway_width_2p20,1003,False,timeout,max_steps,400,400,0,1.2420273440613905,10.634878129945127,0,written,True
top,width,hybrid_rule_v4_fast_progress_static_escape_continuous,francis2023_narrow_doorway_width_2p80,1001,True,success,success,133,400,0,1.2692104190262057,21.74617883676462,0,written,True
top,width,hybrid_rule_v4_fast_progress_static_escape_continuous,francis2023_narrow_doorway_width_2p80,1002,True,success,success,137,400,0,1.2448323501830532,21.376970138867694,0,written,True
top,width,hybrid_rule_v4_fast_progress_static_escape_continuous,francis2023_narrow_doorway_width_2p80,1003,True,success,success,142,400,0,1.2731895835214342,22.349763700925784,0,written,True
top,width,hybrid_rule_v4_fast_progress_static_escape_continuous,francis2023_narrow_doorway_width_3p60,1001,True,success,success,132,400,0,1.5832864843213645,21.760000048875817,0,written,True
top,width,hybrid_rule_v4_fast_progress_static_escape_continuous,francis2023_narrow_doorway_width_3p60,1002,True,success,success,135,400,0,1.3930550064379705,21.338777084935032,0,written,True
top,width,hybrid_rule_v4_fast_progress_static_escape_continuous,francis2023_narrow_doorway_width_3p60,1003,True,success,success,143,400,0,1.4572930831624122,22.354214465256245,0,written,True
top,width,orca,francis2023_narrow_doorway_width_2p20,1001,False,timeout,max_steps,400,400,0,1.442271985258197,9.753257186445932,0,written,True
top,width,orca,francis2023_narrow_doorway_width_2p20,1002,False,timeout,max_steps,400,400,0,1.427327486198896,9.386062893519117,0,written,True
top,width,orca,francis2023_narrow_doorway_width_2p20,1003,False,timeout,max_steps,400,400,0,1.4392895786238793,10.308676465334603,0,written,True
top,width,orca,francis2023_narrow_doorway_width_2p80,1001,True,success,success,124,400,0,1.3299152583441896,21.704999999999995,0,written,True
top,width,orca,francis2023_narrow_doorway_width_2p80,1002,True,success,success,127,400,0,1.3676834345878721,21.29000000000001,0,written,True
top,width,orca,francis2023_narrow_doorway_width_2p80,1003,True,success,success,125,400,0,1.3923806618218255,22.359999999999985,0,written,True
top,width,orca,francis2023_narrow_doorway_width_3p60,1001,True,success,success,121,400,0,1.6737404603755959,21.794999999999998,0,written,True
top,width,orca,francis2023_narrow_doorway_width_3p60,1002,True,success,success,119,400,0,1.6304363114304439,21.395000000000007,0,written,True
top,width,orca,francis2023_narrow_doorway_width_3p60,1003,True,success,success,123,400,0,1.7340107037812782,22.355,0,written,True
top,width,ppo,francis2023_narrow_doorway_width_2p20,1001,False,collision,collision,59,400,1,0.8832106703544013,9.799999999999997,0,written,True
top,width,ppo,francis2023_narrow_doorway_width_2p20,1002,False,collision,collision,58,400,1,0.9765424234940517,9.6,0,written,True
top,width,ppo,francis2023_narrow_doorway_width_2p20,1003,False,collision,collision,66,400,1,0.9673591162702316,11.200000000000001,0,written,True
top,width,ppo,francis2023_narrow_doorway_width_2p80,1001,False,collision,collision,59,400,1,0.8717412615026838,9.799999999999999,0,written,True
top,width,ppo,francis2023_narrow_doorway_width_2p80,1002,False,collision,collision,59,400,1,0.9618375241783091,9.800000000000006,0,written,True
top,width,ppo,francis2023_narrow_doorway_width_2p80,1003,False,collision,collision,71,400,1,1.0011193957187516,12.200000000000006,0,written,True
top,width,ppo,francis2023_narrow_doorway_width_3p60,1001,False,collision,collision,59,400,1,0.9804056767923427,9.8,0,written,True
top,width,ppo,francis2023_narrow_doorway_width_3p60,1002,False,collision,collision,60,400,1,0.9879100166982795,10.000000000000005,0,written,True
top,width,ppo,francis2023_narrow_doorway_width_3p60,1003,True,success,success,131,400,0,1.2027780987214423,24.199999999999992,0,written,True
top,width,prediction_planner,francis2023_narrow_doorway_width_2p20,1001,False,collision,collision,69,400,1,0.8649149377084832,9.760000000000007,0,written,True
top,width,prediction_planner,francis2023_narrow_doorway_width_2p20,1002,False,collision,collision,67,400,1,0.9414714754377278,9.440000000000007,0,written,True
top,width,prediction_planner,francis2023_narrow_doorway_width_2p20,1003,False,collision,collision,73,400,1,0.8538881475846869,10.400000000000006,0,written,True
top,width,prediction_planner,francis2023_narrow_doorway_width_2p80,1001,False,collision,collision,69,400,1,0.9621923466031806,9.760000000000007,0,written,True
top,width,prediction_planner,francis2023_narrow_doorway_width_2p80,1002,False,collision,collision,69,400,1,0.9137533506917742,9.760000000000007,0,written,True
top,width,prediction_planner,francis2023_narrow_doorway_width_2p80,1003,False,collision,collision,74,400,1,0.8809968992803622,10.560000000000006,0,written,True
top,width,prediction_planner,francis2023_narrow_doorway_width_3p60,1001,False,collision,collision,71,400,1,0.9998092844270632,10.080000000000007,0,written,True
top,width,prediction_planner,francis2023_narrow_doorway_width_3p60,1002,True,success,success,142,400,0,1.1662746446567878,21.275000000000013,0,written,True
top,width,prediction_planner,francis2023_narrow_doorway_width_3p60,1003,True,success,success,147,400,0,1.0100533311378859,22.240000000000016,0,written,True
top,width,risk_dwa,francis2023_narrow_doorway_width_2p20,1001,False,collision,collision,87,400,1,0.9758930890399444,9.719999999999969,0,written,True
top,width,risk_dwa,francis2023_narrow_doorway_width_2p20,1002,False,collision,collision,86,400,1,0.9399767443515343,9.599999999999977,0,written,True
top,width,risk_dwa,francis2023_narrow_doorway_width_2p20,1003,False,collision,collision,92,400,1,0.9692672690366867,10.319999999999977,0,written,True
top,width,risk_dwa,francis2023_narrow_doorway_width_2p80,1001,False,collision,collision,89,400,1,0.9511618345888185,9.959999999999974,0,written,True
top,width,risk_dwa,francis2023_narrow_doorway_width_2p80,1002,False,collision,collision,87,400,1,0.9966720146374405,9.719999999999967,0,written,True
top,width,risk_dwa,francis2023_narrow_doorway_width_2p80,1003,False,collision,collision,93,400,1,0.9711345527911494,10.43999999999996,0,written,True
top,width,risk_dwa,francis2023_narrow_doorway_width_3p60,1001,False,collision,collision,93,400,1,0.9914465915911809,10.439999999999968,0,written,True
top,width,risk_dwa,francis2023_narrow_doorway_width_3p60,1002,False,collision,collision,263,400,1,0.9912908088839644,28.660000000000036,0,written,True
top,width,risk_dwa,francis2023_narrow_doorway_width_3p60,1003,False,collision,collision,255,400,1,0.9848065693302674,29.16000000000001,0,written,True
top,width,sacadrl,francis2023_narrow_doorway_width_2p20,1001,False,collision,collision,115,400,1,0.9349377717801172,11.000000000000005,0,written,True
top,width,sacadrl,francis2023_narrow_doorway_width_2p20,1002,False,collision,collision,110,400,1,0.9649353440519647,10.500000000000004,0,written,True
top,width,sacadrl,francis2023_narrow_doorway_width_2p20,1003,False,collision,collision,116,400,1,0.9477824754236556,11.100000000000012,0,written,True
top,width,sacadrl,francis2023_narrow_doorway_width_2p80,1001,False,collision,collision,117,400,1,0.9721911877273913,11.200000000000005,0,written,True
top,width,sacadrl,francis2023_narrow_doorway_width_2p80,1002,False,collision,collision,113,400,1,0.970613636146873,10.800000000000008,0,written,True
top,width,sacadrl,francis2023_narrow_doorway_width_2p80,1003,False,collision,collision,117,400,1,0.9402993320117864,11.200000000000012,0,written,True
top,width,sacadrl,francis2023_narrow_doorway_width_3p60,1001,True,success,success,234,400,0,1.1309364172212608,22.899999999999938,0,written,True
top,width,sacadrl,francis2023_narrow_doorway_width_3p60,1002,False,collision,collision,125,400,1,1.0013954180238025,12.000000000000005,0,written,True
top,width,sacadrl,francis2023_narrow_doorway_width_3p60,1003,False,collision,collision,120,400,1,0.946199577766817,11.50000000000001,0,written,True
top,width,scenario_adaptive_hybrid_orca_v2_bottleneck_yield_v4,francis2023_narrow_doorway_width_2p20,1001,True,success,success,135,400,0,1.058761621596454,21.710741894972436,0,written,True
top,width,scenario_adaptive_hybrid_orca_v2_bottleneck_yield_v4,francis2023_narrow_doorway_width_2p20,1002,True,success,success,140,400,0,1.0460194102904188,21.31654985939982,0,written,True
top,width,scenario_adaptive_hybrid_orca_v2_bottleneck_yield_v4,francis2023_narrow_doorway_width_2p20,1003,True,success,success,138,400,0,1.0528567328642304,22.331728919551733,0,written,True
top,width,scenario_adaptive_hybrid_orca_v2_bottleneck_yield_v4,francis2023_narrow_doorway_width_2p80,1001,True,success,success,128,400,0,1.1705998027277147,21.710690362839216,0,written,True
top,width,scenario_adaptive_hybrid_orca_v2_bottleneck_yield_v4,francis2023_narrow_doorway_width_2p80,1002,True,success,success,134,400,0,1.1160143843402206,21.352098540634092,0,written,True
top,width,scenario_adaptive_hybrid_orca_v2_bottleneck_yield_v4,francis2023_narrow_doorway_width_2p80,1003,True,success,success,133,400,0,1.3166347728749157,22.323620089437444,0,written,True
top,width,scenario_adaptive_hybrid_orca_v2_bottleneck_yield_v4,francis2023_narrow_doorway_width_3p60,1001,True,success,success,129,400,0,1.4081590133213837,21.707006387541583,0,written,True
top,width,scenario_adaptive_hybrid_orca_v2_bottleneck_yield_v4,francis2023_narrow_doorway_width_3p60,1002,True,success,success,133,400,0,1.3193509833352162,21.328600394452614,0,written,True
top,width,scenario_adaptive_hybrid_orca_v2_bottleneck_yield_v4,francis2023_narrow_doorway_width_3p60,1003,True,success,success,133,400,0,1.7165600729041037,22.323620089437444,0,written,True
top,width,scenario_adaptive_hybrid_orca_v2_collision_guard_v4,francis2023_narrow_doorway_width_2p20,1001,True,success,success,135,400,0,1.058761621596454,21.710741894972436,0,written,True
top,width,scenario_adaptive_hybrid_orca_v2_collision_guard_v4,francis2023_narrow_doorway_width_2p20,1002,True,success,success,140,400,0,1.0460194102904188,21.31654985939982,0,written,True
top,width,scenario_adaptive_hybrid_orca_v2_collision_guard_v4,francis2023_narrow_doorway_width_2p20,1003,True,success,success,138,400,0,1.0528567328642304,22.331728919551733,0,written,True
top,width,scenario_adaptive_hybrid_orca_v2_collision_guard_v4,francis2023_narrow_doorway_width_2p80,1001,True,success,success,128,400,0,1.1705998027277147,21.710690362839216,0,written,True
top,width,scenario_adaptive_hybrid_orca_v2_collision_guard_v4,francis2023_narrow_doorway_width_2p80,1002,True,success,success,134,400,0,1.1160143843402206,21.352098540634092,0,written,True
top,width,scenario_adaptive_hybrid_orca_v2_collision_guard_v4,francis2023_narrow_doorway_width_2p80,1003,True,success,success,133,400,0,1.3166347728749157,22.323620089437444,0,written,True
top,width,scenario_adaptive_hybrid_orca_v2_collision_guard_v4,francis2023_narrow_doorway_width_3p60,1001,True,success,success,129,400,0,1.4081590133213837,21.707006387541583,0,written,True
top,width,scenario_adaptive_hybrid_orca_v2_collision_guard_v4,francis2023_narrow_doorway_width_3p60,1002,True,success,success,133,400,0,1.3193509833352162,21.328600394452614,0,written,True
top,width,scenario_adaptive_hybrid_orca_v2_collision_guard_v4,francis2023_narrow_doorway_width_3p60,1003,True,success,success,133,400,0,1.7165600729041037,22.323620089437444,0,written,True
top,width,social_force,francis2023_narrow_doorway_width_2p20,1001,False,timeout,max_steps,400,400,0,1.6388291980967595,11.64992226263817,0,written,True
top,width,social_force,francis2023_narrow_doorway_width_2p20,1002,False,timeout,max_steps,400,400,0,1.637925142846305,11.03612147989844,0,written,True
top,width,social_force,francis2023_narrow_doorway_width_2p20,1003,False,timeout,max_steps,400,400,0,1.6526877106707871,12.02392876189871,0,written,True
top,width,social_force,francis2023_narrow_doorway_width_2p80,1001,True,success,success,283,400,0,1.257902287950726,21.817402774735083,0,written,True
top,width,social_force,francis2023_narrow_doorway_width_2p80,1002,True,success,success,286,400,0,1.2633904350177183,21.43286165299435,0,written,True
top,width,social_force,francis2023_narrow_doorway_width_2p80,1003,True,success,success,301,400,0,1.2907533379423517,22.339090553227408,0,written,True
top,width,social_force,francis2023_narrow_doorway_width_3p60,1001,True,success,success,236,400,0,1.7755294248548867,21.757992835807265,0,written,True
top,width,social_force,francis2023_narrow_doorway_width_3p60,1002,True,success,success,231,400,0,1.771645932429168,21.31189375390686,0,written,True
top,width,social_force,francis2023_narrow_doorway_width_3p60,1003,True,success,success,242,400,0,1.7840778602160763,22.295113431016823,0,written,True
top,width,socnav_sampling,francis2023_narrow_doorway_width_2p20,1001,False,timeout,max_steps,400,400,0,1.396938439099249,11.610394435384702,0,written,True
top,width,socnav_sampling,francis2023_narrow_doorway_width_2p20,1002,False,timeout,max_steps,400,400,0,1.4419180520780814,9.896546789185297,0,written,True
top,width,socnav_sampling,francis2023_narrow_doorway_width_2p20,1003,False,timeout,max_steps,400,400,0,1.400842898892954,12.382146791620276,0,written,True
top,width,socnav_sampling,francis2023_narrow_doorway_width_2p80,1001,True,success,success,128,400,0,1.2752843734499513,21.778571039762593,0,written,True
top,width,socnav_sampling,francis2023_narrow_doorway_width_2p80,1002,True,success,success,128,400,0,1.285559822812207,21.40863149095373,0,written,True
top,width,socnav_sampling,francis2023_narrow_doorway_width_2p80,1003,False,timeout,max_steps,400,400,0,1.3966233497773382,11.461236840622373,0,written,True
top,width,socnav_sampling,francis2023_narrow_doorway_width_3p60,1001,True,success,success,125,400,0,1.67458477571522,21.77872479053893,0,written,True
top,width,socnav_sampling,francis2023_narrow_doorway_width_3p60,1002,True,success,success,123,400,0,1.683757243335997,21.412029199152187,0,written,True
top,width,socnav_sampling,francis2023_narrow_doorway_width_3p60,1003,True,success,success,129,400,0,1.7215998781391448,22.418992001701348,0,written,True
top,width,predictive_mppi,francis2023_narrow_doorway_width_2p20,1001,False,execution_failed,execution_failed,,,,,,,execution_failed,False
top,width,predictive_mppi,francis2023_narrow_doorway_width_2p20,1002,False,execution_failed,execution_failed,,,,,,,execution_failed,False
top,width,predictive_mppi,francis2023_narrow_doorway_width_2p20,1003,False,execution_failed,execution_failed,,,,,,,execution_failed,False
top,width,predictive_mppi,francis2023_narrow_doorway_width_2p80,1001,False,execution_failed,execution_failed,,,,,,,execution_failed,False
top,width,predictive_mppi,francis2023_narrow_doorway_width_2p80,1002,False,execution_failed,execution_failed,,,,,,,execution_failed,False
top,width,predictive_mppi,francis2023_narrow_doorway_width_2p80,1003,False,execution_failed,execution_failed,,,,,,,execution_failed,False
top,width,predictive_mppi,francis2023_narrow_doorway_width_3p60,1001,False,execution_failed,execution_failed,,,,,,,execution_failed,False
top,width,predictive_mppi,francis2023_narrow_doorway_width_3p60,1002,False,execution_failed,execution_failed,,,,,,,execution_failed,False
top,width,predictive_mppi,francis2023_narrow_doorway_width_3p60,1003,False,execution_failed,execution_failed,,,,,,,execution_failed,False
