seed,cell_count,success_mean,collision_mean,near_misses_mean
116,576,0.529514,0.256944,8.815972
111,576,0.534722,0.3125,16.911458
117,576,0.545139,0.270833,16.086806
113,576,0.574653,0.251736,13.006944
112,576,0.578125,0.272569,10.743056
115,576,0.585069,0.288194,16.168403
114,576,0.590278,0.255208,13.057292
119,576,0.592014,0.244792,17.001736
118,576,0.605903,0.248264,12.895833
120,576,0.614583,0.239583,12.409722
