{
  "schema_version": "benchmark-snqi-diagnostics.v1",
  "campaign_id": "issue1454-s10-fixed-h100",
  "generated_at_utc": "2026-05-22T12:08:47.287170Z",
  "contract_enabled": true,
  "contract_enforcement": "warn",
  "contract_status": "warn",
  "rank_alignment_spearman": 0.32142857142857145,
  "outcome_separation": 0.20901141789641814,
  "objective_score": 0.373681425902676,
  "dominant_component": "time_penalty",
  "dominant_component_mean_abs": 0.09269922629416877,
  "thresholds": {
    "rank_alignment_warn": 0.5,
    "rank_alignment_fail": 0.3,
    "outcome_separation_warn": 0.05,
    "outcome_separation_fail": 0.0,
    "max_component_dominance_warn": 0.24,
    "max_component_dominance_fail": 0.27
  },
  "weights_path": "configs/benchmarks/snqi_weights_camera_ready_v3.json",
  "weights_version": "snqi_weights_camera_ready_v3",
  "weights_sha256": "71a67c3c02faff166f8c96bef8bcf898533981ca2b2c4493829988520fb1aeb2",
  "baseline_path": "configs/benchmarks/snqi_baseline_camera_ready_v3.json",
  "baseline_version": "snqi_baseline_camera_ready_v3",
  "baseline_sha256": "329ca5766491e1587979d0a435c7ba676e148ccdff97040a36546bbb9414035a",
  "baseline_source": "config_file",
  "baseline_adjustments": 0,
  "baseline_for_eval": {
    "time_to_goal_norm": {
      "med": 1.0,
      "p95": 1.05
    },
    "collisions": {
      "med": 0.0,
      "p95": 1.0
    },
    "near_misses": {
      "med": 0.0,
      "p95": 21.0
    },
    "force_exceed_events": {
      "med": 1.0,
      "p95": 50.0
    },
    "jerk_mean": {
      "med": 0.07293007251387372,
      "p95": 0.8018190086690077
    }
  },
  "configured_weights": {
    "w_success": 0.19045845847432735,
    "w_time": 0.09491099136070058,
    "w_collisions": 0.10483542508043969,
    "w_near": 0.30825830332144416,
    "w_comfort": 0.17983060763794978,
    "w_force_exceed": 0.0692114485473155,
    "w_jerk": 0.05249476557782281
  },
  "calibrated_weights": {
    "w_success": 0.12109902931980694,
    "w_time": 0.08693122711915055,
    "w_collisions": 0.0946772411430091,
    "w_near": 0.32606728009793556,
    "w_comfort": 0.20682335006986963,
    "w_force_exceed": 0.10721109108398574,
    "w_jerk": 0.0571907811662424
  },
  "calibration": {
    "weights": {
      "w_success": 0.12109902931980694,
      "w_time": 0.08693122711915055,
      "w_collisions": 0.0946772411430091,
      "w_near": 0.32606728009793556,
      "w_comfort": 0.20682335006986963,
      "w_force_exceed": 0.10721109108398574,
      "w_jerk": 0.0571907811662424
    },
    "metrics": {
      "rank_alignment_spearman": 0.6785714285714286,
      "outcome_separation": 0.13337498828015765,
      "objective_score": 0.711915175641468
    },
    "seed": 123,
    "trials": 3000,
    "min_weight": 0.05,
    "max_weight": 0.35
  },
  "component_dominance": {
    "success_reward": 0.017572060156857486,
    "time_penalty": 0.09269922629416877,
    "collisions_penalty": 0.025896846076417793,
    "near_penalty": 0.04362187016248029,
    "comfort_penalty": 0.005779997360079577,
    "force_exceed_penalty": 0.008735507172091974,
    "jerk_penalty": 0.009743457811025081
  },
  "component_correlations": {
    "success": {
      "weight_name": "w_success",
      "direction": "positive",
      "spearman": 0.3685953107559296,
      "variable": true,
      "aligned_with_expected_direction": true
    },
    "time_to_goal_norm": {
      "weight_name": "w_time",
      "direction": "negative",
      "spearman": -0.36943080882090684,
      "variable": true,
      "aligned_with_expected_direction": true
    },
    "collisions": {
      "weight_name": "w_collisions",
      "direction": "negative",
      "spearman": -0.5922661596886949,
      "variable": true,
      "aligned_with_expected_direction": true
    },
    "near_misses": {
      "weight_name": "w_near",
      "direction": "negative",
      "spearman": -0.6543504037392512,
      "variable": true,
      "aligned_with_expected_direction": true
    },
    "comfort_exposure": {
      "weight_name": "w_comfort",
      "direction": "negative",
      "spearman": -0.46987971832378284,
      "variable": true,
      "aligned_with_expected_direction": true
    },
    "force_exceed_events": {
      "weight_name": "w_force_exceed",
      "direction": "negative",
      "spearman": -0.43798963945954306,
      "variable": true,
      "aligned_with_expected_direction": true
    },
    "jerk_mean": {
      "weight_name": "w_jerk",
      "direction": "negative",
      "spearman": -0.25235460396529547,
      "variable": true,
      "aligned_with_expected_direction": true
    }
  },
  "planner_ordering": [
    {
      "planner_key": "socnav_sampling",
      "kinematics": "differential_drive",
      "episode_count": 480,
      "mean_snqi": -0.14687854809333636,
      "rank": 1
    },
    {
      "planner_key": "orca",
      "kinematics": "differential_drive",
      "episode_count": 480,
      "mean_snqi": -0.14946119668220723,
      "rank": 2
    },
    {
      "planner_key": "ppo",
      "kinematics": "differential_drive",
      "episode_count": 480,
      "mean_snqi": -0.1518851569976787,
      "rank": 3
    },
    {
      "planner_key": "goal",
      "kinematics": "differential_drive",
      "episode_count": 480,
      "mean_snqi": -0.16275469982587762,
      "rank": 4
    },
    {
      "planner_key": "sacadrl",
      "kinematics": "differential_drive",
      "episode_count": 480,
      "mean_snqi": -0.17914982587450892,
      "rank": 5
    },
    {
      "planner_key": "prediction_planner",
      "kinematics": "differential_drive",
      "episode_count": 480,
      "mean_snqi": -0.19525903136831144,
      "rank": 6
    },
    {
      "planner_key": "social_force",
      "kinematics": "differential_drive",
      "episode_count": 480,
      "mean_snqi": -0.196945454193931,
      "rank": 7
    }
  ],
  "weight_sensitivity": [
    {
      "weight_name": "w_success",
      "metric_name": "success",
      "direction": "positive",
      "configured_weight": 0.19045845847432735,
      "configured_weight_share": 0.19045845847432738,
      "mean_abs_contribution": 0.017572060156857486,
      "mean_abs_score_delta_if_ablated": 0.017572060156857583,
      "episode_rank_correlation_if_ablated": 0.9438142126754944,
      "planner_rank_correlation_if_ablated": 0.5714285714285714,
      "planner_order_changed_if_ablated": true,
      "sensitivity_rank": 1
    },
    {
      "weight_name": "w_near",
      "metric_name": "near_misses",
      "direction": "negative",
      "configured_weight": 0.30825830332144416,
      "configured_weight_share": 0.3082583033214442,
      "mean_abs_contribution": 0.04362187016248029,
      "mean_abs_score_delta_if_ablated": 0.043621870162480446,
      "episode_rank_correlation_if_ablated": 0.8364145392838123,
      "planner_rank_correlation_if_ablated": 0.6071428571428571,
      "planner_order_changed_if_ablated": true,
      "sensitivity_rank": 2
    },
    {
      "weight_name": "w_collisions",
      "metric_name": "collisions",
      "direction": "negative",
      "configured_weight": 0.10483542508043969,
      "configured_weight_share": 0.1048354250804397,
      "mean_abs_contribution": 0.025896846076417793,
      "mean_abs_score_delta_if_ablated": 0.02589684607641814,
      "episode_rank_correlation_if_ablated": 0.8927656176393928,
      "planner_rank_correlation_if_ablated": 0.75,
      "planner_order_changed_if_ablated": true,
      "sensitivity_rank": 3
    },
    {
      "weight_name": "w_jerk",
      "metric_name": "jerk_mean",
      "direction": "negative",
      "configured_weight": 0.05249476557782281,
      "configured_weight_share": 0.052494765577822816,
      "mean_abs_contribution": 0.009743457811025081,
      "mean_abs_score_delta_if_ablated": 0.00974345781102509,
      "episode_rank_correlation_if_ablated": 0.9384105993873492,
      "planner_rank_correlation_if_ablated": 0.75,
      "planner_order_changed_if_ablated": true,
      "sensitivity_rank": 4
    },
    {
      "weight_name": "w_force_exceed",