{
  "schema_version": "benchmark-snqi-diagnostics.v1",
  "campaign_id": "paper_cross_kinematics_v1_issue1354-paper-compact-main-rvo2-20260526_20260526_062604",
  "generated_at_utc": "2026-05-26T04:26:27.232027Z",
  "contract_enabled": true,
  "contract_enforcement": "warn",
  "contract_status": "warn",
  "rank_alignment_spearman": 0.9829418861800768,
  "outcome_separation": 0.0,
  "objective_score": 0.9829418861800768,
  "dominant_component": "near_penalty",
  "dominant_component_mean_abs": 0.1353726940512162,
  "thresholds": {
    "rank_alignment_warn": 0.5,
    "rank_alignment_fail": 0.3,
    "outcome_separation_warn": 0.05,
    "outcome_separation_fail": 0.0,
    "max_component_dominance_warn": 0.24,
    "max_component_dominance_fail": 0.27
  },
  "weights_path": "configs/benchmarks/snqi_weights_camera_ready_v3.json",
  "weights_version": "snqi_weights_camera_ready_v3",
  "weights_sha256": "71a67c3c02faff166f8c96bef8bcf898533981ca2b2c4493829988520fb1aeb2",
  "baseline_path": "configs/benchmarks/snqi_baseline_camera_ready_v3.json",
  "baseline_version": "snqi_baseline_camera_ready_v3",
  "baseline_sha256": "329ca5766491e1587979d0a435c7ba676e148ccdff97040a36546bbb9414035a",
  "baseline_source": "config_file",
  "baseline_adjustments": 0,
  "baseline_for_eval": {
    "time_to_goal_norm": {
      "med": 1.0,
      "p95": 1.05
    },
    "collisions": {
      "med": 0.0,
      "p95": 1.0
    },
    "near_misses": {
      "med": 0.0,
      "p95": 21.0
    },
    "force_exceed_events": {
      "med": 1.0,
      "p95": 50.0
    },
    "jerk_mean": {
      "med": 0.07293007251387372,
      "p95": 0.8018190086690077
    }
  },
  "configured_weights": {
    "w_success": 0.19045845847432735,
    "w_time": 0.09491099136070058,
    "w_collisions": 0.10483542508043969,
    "w_near": 0.30825830332144416,
    "w_comfort": 0.17983060763794978,
    "w_force_exceed": 0.0692114485473155,
    "w_jerk": 0.05249476557782281
  },
  "calibrated_weights": {
    "w_success": 0.1252172738969356,
    "w_time": 0.19817072309098288,
    "w_collisions": 0.13847083977654687,
    "w_near": 0.3408042107161512,
    "w_comfort": 0.09338852306463831,
    "w_force_exceed": 0.0510791815419676,
    "w_jerk": 0.05286924791277743
  },
  "calibration": {
    "weights": {
      "w_success": 0.1252172738969356,
      "w_time": 0.19817072309098288,
      "w_collisions": 0.13847083977654687,
      "w_near": 0.3408042107161512,
      "w_comfort": 0.09338852306463831,
      "w_force_exceed": 0.0510791815419676,
      "w_jerk": 0.05286924791277743
    },
    "metrics": {
      "rank_alignment_spearman": 0.9829418861800768,
      "outcome_separation": 0.0,
      "objective_score": 0.9829418861800768
    },
    "seed": 123,
    "trials": 1000,
    "min_weight": 0.05,
    "max_weight": 0.35
  },
  "component_dominance": {
    "success_reward": 0.0,
    "time_penalty": 0.09491099136070058,
    "collisions_penalty": 0.0,
    "near_penalty": 0.1353726940512162,
    "comfort_penalty": 0.002247882595474372,
    "force_exceed_penalty": 0.002824957083563898,
    "jerk_penalty": 0.005747280450869538
  },
  "component_correlations": {
    "success": {
      "weight_name": "w_success",
      "direction": "positive",
      "spearman": null,
      "variable": false,
      "aligned_with_expected_direction": null
    },
    "time_to_goal_norm": {
      "weight_name": "w_time",
      "direction": "negative",
      "spearman": null,
      "variable": false,
      "aligned_with_expected_direction": null
    },
    "collisions": {
      "weight_name": "w_collisions",
      "direction": "negative",
      "spearman": null,
      "variable": false,
      "aligned_with_expected_direction": null
    },
    "near_misses": {
      "weight_name": "w_near",
      "direction": "negative",
      "spearman": -0.9829418861800768,
      "variable": true,
      "aligned_with_expected_direction": true
    },
    "comfort_exposure": {
      "weight_name": "w_comfort",
      "direction": "negative",
      "spearman": null,
      "variable": false,
      "aligned_with_expected_direction": null
    },
    "force_exceed_events": {
      "weight_name": "w_force_exceed",
      "direction": "negative",
      "spearman": null,
      "variable": false,
      "aligned_with_expected_direction": null
    },
    "jerk_mean": {
      "weight_name": "w_jerk",
      "direction": "negative",
      "spearman": -0.15126584522688322,
      "variable": true,
      "aligned_with_expected_direction": true
    }
  },
  "planner_ordering": [
    {
      "planner_key": "goal",
      "kinematics": "holonomic",
      "episode_count": 1,
      "mean_snqi": -0.09998383103973885,
      "rank": 1
    },
    {
      "planner_key": "orca",
      "kinematics": "bicycle_drive",
      "episode_count": 1,
      "mean_snqi": -0.09998383103973885,
      "rank": 2
    },
    {
      "planner_key": "social_force",
      "kinematics": "bicycle_drive",
      "episode_count": 1,
      "mean_snqi": -0.10077077552424056,
      "rank": 3
    },
    {
      "planner_key": "orca",
      "kinematics": "differential_drive",
      "episode_count": 1,
      "mean_snqi": -0.17537249117335946,
      "rank": 4
    },
    {
      "planner_key": "social_force",
      "kinematics": "differential_drive",
      "episode_count": 1,
      "mean_snqi": -0.25059755458117494,
      "rank": 5
    },
    {
      "planner_key": "orca",
      "kinematics": "holonomic",
      "episode_count": 1,
      "mean_snqi": -0.3115741133643567,
      "rank": 6
    },
    {
      "planner_key": "social_force",
      "kinematics": "holonomic",
      "episode_count": 1,
      "mean_snqi": -0.315167384431446,
      "rank": 7
    },
    {
      "planner_key": "goal",
      "kinematics": "bicycle_drive",
      "episode_count": 1,
      "mean_snqi": -0.408242134361183,
      "rank": 8
    },
    {
      "planner_key": "goal",
      "kinematics": "differential_drive",
      "episode_count": 1,
      "mean_snqi": -0.408242134361183,
      "rank": 9
    }
  ],
  "weight_sensitivity": [
    {
      "weight_name": "w_near",
      "metric_name": "near_misses",
      "direction": "negative",
      "configured_weight": 0.30825830332144416,
      "configured_weight_share": 0.3082583033214442,
      "mean_abs_contribution": 0.1353726940512162,
      "mean_abs_score_delta_if_ablated": 0.1353726940512162,
      "episode_rank_correlation_if_ablated": 0.15799202257951928,
      "planner_rank_correlation_if_ablated": -0.06666666666666667,
      "planner_order_changed_if_ablated": true,
      "sensitivity_rank": 1
    },
    {
      "weight_name": "w_jerk",
      "metric_name": "jerk_mean",
      "direction": "negative",
      "configured_weight": 0.05249476557782281,
      "configured_weight_share": 0.052494765577822816,
      "mean_abs_contribution": 0.005747280450869538,
      "mean_abs_score_delta_if_ablated": 0.005747280450869534,
      "episode_rank_correlation_if_ablated": 0.9872062961643026,
      "planner_rank_correlation_if_ablated": 1.0,
      "planner_order_changed_if_ablated": false,
      "sensitivity_rank": 2
    },
    {
      "weight_name": "w_time",
      "metric_name": "time_to_goal_norm",
      "direction": "negative",
      "configured_weight": 0.09491099136070058,
      "configured_weight_share": 0.0949109913607006,
      "mean_abs_contribution": 0.09491099136070058,
      "mean_abs_score_delta_if_ablated": 0.09491099136070058,
      "episode_rank_correlation_if_ablated": 1.0,
      "planner_rank_correlation_if_ablated": 1.0,
      "planner_order_changed_if_ablated": false,
      "sensitivity_rank": 3
    },
    {
      "weight_name": "w_force_exceed",
      "metric_name": "force_exceed_events",
      "direction": "negative",
      "configured_weight": 0.0692114485473155,
      "configured_weight_share": 0.06921144854731551,
      "mean_abs_contribution": 0.002824957083563898,
      "mean_abs_score_delta_if_ablated": 0.002824957083563895,
      "episode_rank_correlation_if_ablated": 1.0,