scenario_id,scenario_family,planner_key,arm_id,configuration_identity,kinematics,episodes,success_fraction,collision_fraction,ped_collision_fraction,obstacle_collision_fraction,total_collision_fraction,near_misses_mean,time_to_goal_norm_mean,path_efficiency_mean,snqi_mean,source_row_sha256
classic_bottleneck_high,bottleneck,goal,goal,cd25d8be47ea6cfd,differential_drive,30,0.0,1.0,0.9667,0.0333,1.0,3.7667,1.0,1.0,-0.2755,e12def14a6df7ff0761687aa635e17e44155a001ccc8b3fa429f0f666123379f
classic_bottleneck_high,bottleneck,guarded_ppo,guarded_ppo,cd25d8be47ea6cfd,differential_drive,30,0.0,0.5,0.0,0.5,0.5,30.3333,1.0,0.9931,-0.7443,1cb80070444dc9e3e8156c53539c5bf818343320467c88b3fce4c2e68a2fe850
classic_bottleneck_high,bottleneck,hybrid_rule_v3_fast_progress_static_escape,hybrid_rule_v3_fast_progress_static_escape,cd25d8be47ea6cfd,differential_drive,30,0.7667,0.2333,0.2333,0.0,0.2333,48.6667,0.464,1.0,-0.2318,a894448c53320fe734552c0f1740f58c822b2e4a881e90c214bedaffd430d956
classic_bottleneck_high,bottleneck,hybrid_rule_v3_fast_progress_static_escape_continuous,hybrid_rule_v3_fast_progress_static_escape_continuous,cd25d8be47ea6cfd,differential_drive,30,0.5333,0.4667,0.4667,0.0,0.4667,17.4333,0.6527,1.0,-0.2909,7d3829a8a2c7fc0670f3242ccfd893d09daddb0919fc318852c2ba58b6716585
classic_bottleneck_high,bottleneck,orca,orca,cd25d8be47ea6cfd,differential_drive,30,0.5333,0.4667,0.0,0.4667,0.4667,48.8333,0.7162,0.9861,-1.0855,0ddc0e2d0e4d497abb7db6c6c15df4037513fe6045f2cf865c2095583058254d
classic_bottleneck_high,bottleneck,ppo,ppo,cd25d8be47ea6cfd,differential_drive,30,0.0,1.0,0.0,1.0,1.0,9.5667,1.0,1.0,-0.5633,f71bd8b4a4dac806490f0a031ded2576d2d5a4dfa7c166f90cdcd9a461fcca6b
classic_bottleneck_high,bottleneck,prediction_planner,prediction_planner,cd25d8be47ea6cfd,differential_drive,30,0.0667,0.9333,0.7667,0.1667,0.9333,7.4333,0.9546,1.0,-0.2606,73e2cf482090de27df37509a30ccb60c47bddcaad15648d14a4e92ee8fe5c38c
classic_bottleneck_high,bottleneck,predictive_mppi,predictive_mppi,cd25d8be47ea6cfd,differential_drive,30,0.0,1.0,0.8333,0.1667,1.0,3.7667,1.0,1.0,-0.2555,20331c419617b33a923fcbacf220df4502f9b7a44ea4cb9f75f18858561bca85
classic_bottleneck_high,bottleneck,risk_dwa,risk_dwa,cd25d8be47ea6cfd,differential_drive,30,0.0,1.0,0.8,0.2,1.0,4.9667,1.0,1.0,-0.2729,fda43df7a3ade793b061f44ccb98ae43f2161a530ea862773a8c800765fed797
classic_bottleneck_high,bottleneck,sacadrl,sacadrl,cd25d8be47ea6cfd,differential_drive,30,0.0,1.0,0.0,1.0,1.0,0.0,1.0,1.0,-0.3971,966d17c181d87318a8e11d2987d34f03a8c4e426d4fd1f090c576a345648d68c
classic_bottleneck_high,bottleneck,scenario_adaptive_hybrid_orca_v1,scenario_adaptive_hybrid_orca_v1,cd25d8be47ea6cfd,differential_drive,30,0.7667,0.2333,0.2333,0.0,0.2333,48.6667,0.464,1.0,-0.2318,bd36e79b472685cd860e7bb45baafea413cb72240be0f71723558191a7470c7e
classic_bottleneck_high,bottleneck,scenario_adaptive_hybrid_orca_v2_collision_guard,scenario_adaptive_hybrid_orca_v2_collision_guard,cd25d8be47ea6cfd,differential_drive,30,0.7667,0.2333,0.2333,0.0,0.2333,48.6667,0.464,1.0,-0.2318,9bbecb02e8ec44bc8ed2108dd839b940f9c7074e57d68a381f844fffaeec8424
classic_bottleneck_high,bottleneck,social_force,social_force,cd25d8be47ea6cfd,differential_drive,30,0.0,1.0,1.0,0.0,1.0,9.2333,1.0,0.1281,-1.1295,9ee79bb0887a1d1606e535d14f271797ddcfa4a57bb416571d32bdc1dde943d3
classic_bottleneck_high,bottleneck,socnav_sampling,socnav_sampling,cd25d8be47ea6cfd,differential_drive,30,0.0,1.0,0.9667,0.0333,1.0,2.8,1.0,1.0,-0.2544,c6a4349412f6613f5ac15ac092214c64edfd88448e716e0d03fa3e48d27f367e
classic_bottleneck_low,bottleneck,goal,goal,cd25d8be47ea6cfd,differential_drive,30,0.9667,0.0333,0.0,0.0333,0.0333,0.0,0.4083,1.0,0.1295,8a7302dbab05a994888499347065cc56431f92ca647cad469918050bc412456f
classic_bottleneck_low,bottleneck,guarded_ppo,guarded_ppo,cd25d8be47ea6cfd,differential_drive,30,0.4667,0.5333,0.0,0.5333,0.5333,0.0,0.6262,0.9867,-0.0265,536b5561bbc8418b0ae1fd9ee50c84baab44c8ebb404b96c7d6d5290c89e2f20
classic_bottleneck_low,bottleneck,hybrid_rule_v3_fast_progress_static_escape,hybrid_rule_v3_fast_progress_static_escape,cd25d8be47ea6cfd,differential_drive,30,1.0,0.0,0.0,0.0,0.0,0.0,0.2064,1.0,0.1489,ac1d1fa79074414d401537bb217ea0c2af463fdde4b6460351bc5204d9414380
classic_bottleneck_low,bottleneck,hybrid_rule_v3_fast_progress_static_escape_continuous,hybrid_rule_v3_fast_progress_static_escape_continuous,cd25d8be47ea6cfd,differential_drive,30,1.0,0.0,0.0,0.0,0.0,0.0,0.2159,1.0,0.1104,f15bde5da8c335ce7c168718495cf3e3853364b28bff8d32477f5b52464d5e75
classic_bottleneck_low,bottleneck,orca,orca,cd25d8be47ea6cfd,differential_drive,30,1.0,0.0,0.0,0.0,0.0,0.0,0.2057,1.0,0.1395,8212f797fb3dad26d6cfc8ea0010ac67e25f04aa6c965bfabf980026932afb3b
classic_bottleneck_low,bottleneck,ppo,ppo,cd25d8be47ea6cfd,differential_drive,30,1.0,0.0,0.0,0.0,0.0,0.0,0.2113,1.0,0.0288,b24b22e4a2d62d93b677f0fb2ba8c27dc739d5010b72fa3d8ad71df2176b68c4
classic_bottleneck_low,bottleneck,prediction_planner,prediction_planner,cd25d8be47ea6cfd,differential_drive,30,0.8333,0.1667,0.0,0.1667,0.1667,0.0,0.3724,1.0,0.0959,04a1d0965a5e1187e7005fdc5abb6e44027eaf1d2a9796675166448a2a7f6f69
classic_bottleneck_low,bottleneck,predictive_mppi,predictive_mppi,cd25d8be47ea6cfd,differential_drive,30,0.0,1.0,0.0,1.0,1.0,0.0,1.0,0.9341,-0.221,61f40fb90646038f4e31d2ed02d2e2b03e81b54979495d13c544e3ba47573993
classic_bottleneck_low,bottleneck,risk_dwa,risk_dwa,cd25d8be47ea6cfd,differential_drive,30,0.0333,0.9667,0.0,0.9667,0.9667,0.0,0.9777,0.9306,-0.204,1d6b8b7f13ad6e6c2073f7c331d9dbadaa195506dabdf59fd1b62fe4e30da9f8
classic_bottleneck_low,bottleneck,sacadrl,sacadrl,cd25d8be47ea6cfd,differential_drive,30,0.9333,0.0667,0.0,0.0667,0.0667,0.0,0.4241,1.0,0.0416,1912337994cf209969fdcb505622787612fa6547429e50cbc615dd20ef672a89
classic_bottleneck_low,bottleneck,scenario_adaptive_hybrid_orca_v1,scenario_adaptive_hybrid_orca_v1,cd25d8be47ea6cfd,differential_drive,30,1.0,0.0,0.0,0.0,0.0,0.0,0.2064,1.0,0.1489,0dd68df9ff24c285cd1c8e0033dd1aa9344ac5dadac8d6ce9748e08ce5da7802
classic_bottleneck_low,bottleneck,scenario_adaptive_hybrid_orca_v2_collision_guard,scenario_adaptive_hybrid_orca_v2_collision_guard,cd25d8be47ea6cfd,differential_drive,30,1.0,0.0,0.0,0.0,0.0,0.0,0.2064,1.0,0.1489,3bf3242d3a41646ec8c2366304a86063af2b49948a4126134e1199e7dcd9ee5e
classic_bottleneck_low,bottleneck,social_force,social_force,cd25d8be47ea6cfd,differential_drive,30,0.0,0.0,0.0,0.0,0.0,0.0,1.0,0.1102,-0.8824,6b3ea1dc60b0a761527366a231dc73634197cda564a8accc87d13c2a58b93715
classic_bottleneck_low,bottleneck,socnav_sampling,socnav_sampling,cd25d8be47ea6cfd,differential_drive,30,0.9667,0.0333,0.0,0.0333,0.0333,0.0,0.2307,1.0,0.1504,2bc11e33860dceae82b62d22db6e27a2e73f9041d7d92e23429e6a36febcbda1
classic_bottleneck_medium,bottleneck,goal,goal,cd25d8be47ea6cfd,differential_drive,30,0.0,1.0,0.9667,0.0333,1.0,4.1333,1.0,1.0,-0.28,2c6ab8dae7f6365af193abd705dd56cbd7b49e8b0033536dd342a836a55d5fb4
classic_bottleneck_medium,bottleneck,guarded_ppo,guarded_ppo,cd25d8be47ea6cfd,differential_drive,30,0.0333,0.8333,0.0,0.8333,0.8333,42.3,0.9907,0.9525,-0.586,c48f12de3c0d7097c90f4f65905907605c70a0641a24bfc488430fd0b08700ff
classic_bottleneck_medium,bottleneck,hybrid_rule_v3_fast_progress_static_escape,hybrid_rule_v3_fast_progress_static_escape,cd25d8be47ea6cfd,differential_drive,30,1.0,0.0,0.0,0.0,0.0,55.7,0.3036,1.0,-0.1821,1d2c36d901fb565d5590d7b3b8788cbacbc255af16d44b3c28347e0b273a3732
classic_bottleneck_medium,bottleneck,hybrid_rule_v3_fast_progress_static_escape_continuous,hybrid_rule_v3_fast_progress_static_escape_continuous,cd25d8be47ea6cfd,differential_drive,30,1.0,0.0,0.0,0.0,0.0,20.4667,0.3153,1.0,-0.2213,83721152197b96e93f27b7ca49e74a8ec1ad27c2d412fccf398caf1fd2e8dd68
classic_bottleneck_medium,bottleneck,orca,orca,cd25d8be47ea6cfd,differential_drive,30,0.8667,0.1333,0.0333,0.1,0.1333,18.7333,0.3844,0.9998,-0.5615,e0352e8acc6ddee7b33251c30ba7f31df79bffe14e53c4c5b98735a166b434ff
classic_bottleneck_medium,bottleneck,ppo,ppo,cd25d8be47ea6cfd,differential_drive,30,0.0667,0.9333,0.0,0.9333,0.9333,10.9333,0.9478,1.0,-0.5464,228ca59b1327c8ceb15b019c3a594b68443802d9663d0be2c13d065f61e1de04
classic_bottleneck_medium,bottleneck,prediction_planner,prediction_planner,cd25d8be47ea6cfd,differential_drive,30,0.6667,0.3333,0.1667,0.1667,0.3333,29.3,0.5277,1.0,-0.1869,56e62813d7c23406f4fdb7ac59605f3b383be954a8071f54cc1df91f8f1e0852
classic_bottleneck_medium,bottleneck,predictive_mppi,predictive_mppi,cd25d8be47ea6cfd,differential_drive,30,0.0,1.0,0.3,0.7,1.0,22.0333,1.0,0.948,-0.4575,831503c76d9fa63f25d9473690057901281bab13683e65da8754a5c8309c2e9b
classic_bottleneck_medium,bottleneck,risk_dwa,risk_dwa,cd25d8be47ea6cfd,differential_drive,30,0.0,1.0,0.8,0.2,1.0,4.4333,1.0,0.9953,-0.2713,b9bc236b9430c0a795553b081efde4501e2418ebdc7791d96aaca72c3f804742
classic_bottleneck_medium,bottleneck,sacadrl,sacadrl,cd25d8be47ea6cfd,differential_drive,30,0.0,1.0,0.0,1.0,1.0,0.3667,1.0,1.0,-0.391,5a3683a9fe8bc1e57b833bb87b4e32afb7e4cf0440169bd76e736f49615158b8
classic_bottleneck_medium,bottleneck,scenario_adaptive_hybrid_orca_v1,scenario_adaptive_hybrid_orca_v1,cd25d8be47ea6cfd,differential_drive,30,1.0,0.0,0.0,0.0,0.0,55.7,0.3036,1.0,-0.1821,bb01296536b2829d0a09c8d0078ccc8fef9edb3a36928146d51eb7cec72ea585
classic_bottleneck_medium,bottleneck,scenario_adaptive_hybrid_orca_v2_collision_guard,scenario_adaptive_hybrid_orca_v2_collision_guard,cd25d8be47ea6cfd,differential_drive,30,1.0,0.0,0.0,0.0,0.0,55.7,0.3036,1.0,-0.1821,6f8279ddab90b87338981d03a479c34add3f824e41e00fbcb5694fb16fda7830
classic_bottleneck_medium,bottleneck,social_force,social_force,cd25d8be47ea6cfd,differential_drive,30,0.0,1.0,1.0,0.0,1.0,25.0333,1.0,0.1174,-1.2819,c198ee1c999a57e652f76a274955fe363b6ccb22769935da57f4632a09ab4667
classic_bottleneck_medium,bottleneck,socnav_sampling,socnav_sampling,cd25d8be47ea6cfd,differential_drive,30,0.0,1.0,0.9667,0.0333,1.0,2.5333,1.0,1.0,-0.2479,f49fa311da9c31aa7753cd43412ae2c9a346efafa1308efd8fb454509096bd5b
classic_cross_trap_high,cross_trap,goal,goal,cd25d8be47ea6cfd,differential_drive,30,0.0,1.0,0.4333,0.5667,1.0,17.0,1.0,1.0,-0.4818,b5d68cc2cd27caae803767b66137cbef7aed508e578910786fdd9ca42f4279b0
classic_cross_trap_high,cross_trap,guarded_ppo,guarded_ppo,cd25d8be47ea6cfd,differential_drive,30,0.0,0.8667,0.1,0.7667,0.8667,0.2333,1.0,0.9977,-0.4059,c6749d4be7b8850515b893d883505e2daec3caf6f1f48a2f3173d85d4bc86ad4
classic_cross_trap_high,cross_trap,hybrid_rule_v3_fast_progress_static_escape,hybrid_rule_v3_fast_progress_static_escape,cd25d8be47ea6cfd,differential_drive,30,0.2667,0.5,0.1667,0.3333,0.5,23.2333,0.8622,0.9852,-0.5574,2406807beac7bf380a469d318fa44e9e1352e875a0bbb98161f66ee8d86436eb
classic_cross_trap_high,cross_trap,hybrid_rule_v3_fast_progress_static_escape_continuous,hybrid_rule_v3_fast_progress_static_escape_continuous,cd25d8be47ea6cfd,differential_drive,30,0.5,0.4,0.1,0.3,0.4,31.5667,0.7911,0.9668,-0.4255,47abcbe2dca7a4aab653f7f777c03996d30262a9f80bc40fdf15199de2464365
classic_cross_trap_high,cross_trap,orca,orca,cd25d8be47ea6cfd,differential_drive,30,0.6,0.4,0.2667,0.1333,0.4,44.9667,0.7679,0.8456,-0.56,bfa4053325ff3fe67f288123f17cd80a526156107072feef9f276dea6a8fdee8
classic_cross_trap_high,cross_trap,ppo,ppo,cd25d8be47ea6cfd,differential_drive,30,0.7333,0.2667,0.2333,0.0333,0.2667,19.3667,0.5864,0.6128,-0.3668,2a57830902a76288ccbce4b4f26247b811b4fd60c9ffd3cb772b16259ecbd2a5
classic_cross_trap_high,cross_trap,prediction_planner,prediction_planner,cd25d8be47ea6cfd,differential_drive,30,0.0667,0.9333,0.2333,0.7,0.9333,45.7667,0.9793,0.9961,-0.5583,68bd7169377e2083d663204ea0feefb8ce964ae1d1d859fd5a640f69011d2ea8
classic_cross_trap_high,cross_trap,predictive_mppi,predictive_mppi,cd25d8be47ea6cfd,differential_drive,30,0.0,1.0,0.1,0.9,1.0,0.2333,1.0,1.0,-0.2409,776618292373d0efa2008c458e82549532fb20412aeee8bd9ae9a9e0a2eee52a
classic_cross_trap_high,cross_trap,risk_dwa,risk_dwa,cd25d8be47ea6cfd,differential_drive,30,0.0,1.0,0.1,0.9,1.0,0.2333,1.0,1.0,-0.2408,ebd58c829f6b318f070fd042d3aef3ba0db9b4c5c037f733a3a5066bf00f7877
classic_cross_trap_high,cross_trap,sacadrl,sacadrl,cd25d8be47ea6cfd,differential_drive,30,0.0667,0.9333,0.8667,0.0667,0.9333,19.3,0.9843,0.9975,-0.5724,ace3e23ad81de6d827fb472d13280efb88f1911ffdd63092369452a0b581fb7d
classic_cross_trap_high,cross_trap,scenario_adaptive_hybrid_orca_v1,scenario_adaptive_hybrid_orca_v1,cd25d8be47ea6cfd,differential_drive,30,0.3,0.4667,0.1667,0.3,0.4667,23.5667,0.8508,0.9844,-0.5483,fd45fcbc18d0aeb6b6b67e8b12c5dc1b2f7ad1e517783eca7d9453d2c6ebc83b
classic_cross_trap_high,cross_trap,scenario_adaptive_hybrid_orca_v2_collision_guard,scenario_adaptive_hybrid_orca_v2_collision_guard,cd25d8be47ea6cfd,differential_drive,30,0.3,0.4667,0.1667,0.3,0.4667,23.5667,0.8508,0.9844,-0.5483,3e1eca4af733bb0008bd93e42a171e1bbddd0bca4431a29aaece72ab45a3806e
classic_cross_trap_high,cross_trap,social_force,social_force,cd25d8be47ea6cfd,differential_drive,30,0.0,0.5333,0.5333,0.0,0.5333,29.1333,1.0,0.5917,-1.055,58ee4197b612b40ca3e99622617f5a8b9d3e743d1d1b0bbd91ef0e6d5e24c8f7
classic_cross_trap_high,cross_trap,socnav_sampling,socnav_sampling,cd25d8be47ea6cfd,differential_drive,30,0.0,1.0,0.2333,0.7667,1.0,2.3333,1.0,0.9844,-0.3495,28fd1c89c10f40467a3bb400b859775f090216544a23f3958f6ca924b103fd25
classic_cross_trap_low,cross_trap,goal,goal,cd25d8be47ea6cfd,differential_drive,30,0.0,1.0,0.0667,0.9333,1.0,7.3,1.0,1.0,-0.3382,229411f0bb96aec2d3cd47facdd6f00722658c9205116bacd7bc41b5702cb26d
classic_cross_trap_low,cross_trap,guarded_ppo,guarded_ppo,cd25d8be47ea6cfd,differential_drive,30,0.0,0.9,0.0,0.9,0.9,0.2,1.0,0.9892,-0.3325,479c82537fdce9a918d9d7e038ce1876e6049faea354991fd075374dce22df87
classic_cross_trap_low,cross_trap,hybrid_rule_v3_fast_progress_static_escape,hybrid_rule_v3_fast_progress_static_escape,cd25d8be47ea6cfd,differential_drive,30,0.7667,0.1667,0.0667,0.1,0.1667,12.6667,0.5629,0.9607,-0.1478,e28bd0ba87cbf7629a916ecc291018a8c71ea426b699465f9f5d8f9335ed0b61
classic_cross_trap_low,cross_trap,hybrid_rule_v3_fast_progress_static_escape_continuous,hybrid_rule_v3_fast_progress_static_escape_continuous,cd25d8be47ea6cfd,differential_drive,30,0.8333,0.0667,0.0,0.0667,0.0667,17.1,0.5362,0.9549,-0.1838,f56958fa8d35fd61eb77f3c8b358c00933873ef67ed84dcba98b2b3c7a56d828
classic_cross_trap_low,cross_trap,orca,orca,cd25d8be47ea6cfd,differential_drive,30,0.8,0.2,0.0667,0.1333,0.2,15.8,0.5528,0.8946,-0.2126,09819889036b71456448cab01fa772aeda16b5bd2345055cf5857aa5409a1e3c
classic_cross_trap_low,cross_trap,ppo,ppo,cd25d8be47ea6cfd,differential_drive,30,0.9667,0.0333,0.0333,0.0,0.0333,6.1,0.4272,0.7791,-0.102,baa92563c61457442bb265d0029cdd4930d277759975d76f22b3f06b19324f3b
classic_cross_trap_low,cross_trap,prediction_planner,prediction_planner,cd25d8be47ea6cfd,differential_drive,30,0.4667,0.5333,0.1,0.4333,0.5333,16.5,0.7802,0.9696,-0.2356,48e533da4bb121f32647157072d611c48595c6e084fab31b0d563a709d70c02b
classic_cross_trap_low,cross_trap,predictive_mppi,predictive_mppi,cd25d8be47ea6cfd,differential_drive,30,0.0,1.0,0.0,1.0,1.0,0.2,1.0,1.0,-0.2091,76a29a8c08eb0a6a3ffc2702ec8313399cdf440efb5be451656b6de52f073575
classic_cross_trap_low,cross_trap,risk_dwa,risk_dwa,cd25d8be47ea6cfd,differential_drive,30,0.0,1.0,0.0,1.0,1.0,0.2,1.0,1.0,-0.2088,e6fbd53709b2f3099860cb8ab483436b4bebcf2a53b65bba9967bfde50d00721
classic_cross_trap_low,cross_trap,sacadrl,sacadrl,cd25d8be47ea6cfd,differential_drive,30,0.4333,0.5667,0.4333,0.1333,0.5667,8.8333,0.8906,0.9774,-0.2895,1da0b5901075eeeff5e3f82a90810ce5fb8d0c1a4b81a79265db379db3b30095
classic_cross_trap_low,cross_trap,scenario_adaptive_hybrid_orca_v1,scenario_adaptive_hybrid_orca_v1,cd25d8be47ea6cfd,differential_drive,30,0.7667,0.1667,0.0667,0.1,0.1667,12.4667,0.5693,0.9609,-0.1427,aa14949b8e4552cea7efe8752d7723b4b4d28db112b075239fdc4c1d47a4f0e9
classic_cross_trap_low,cross_trap,scenario_adaptive_hybrid_orca_v2_collision_guard,scenario_adaptive_hybrid_orca_v2_collision_guard,cd25d8be47ea6cfd,differential_drive,30,0.7667,0.1667,0.0667,0.1,0.1667,12.4667,0.5693,0.9609,-0.1427,db069019bc42d443a247eced961f312f419f978932bcee0c5e58d735e464dd9a
classic_cross_trap_low,cross_trap,social_force,social_force,cd25d8be47ea6cfd,differential_drive,30,0.0,0.0667,0.0667,0.0,0.0667,12.8333,1.0,0.3017,-1.1012,a0d5472f22ded2c828e89acf59adb20a9ba827d889b948aecfd592a48939ce8e
classic_cross_trap_low,cross_trap,socnav_sampling,socnav_sampling,cd25d8be47ea6cfd,differential_drive,30,0.2667,0.7333,0.2333,0.5,0.7333,2.3333,0.8358,0.989,-0.1712,a5cfe368a7bc45e803f66c182e8d29f085f6fae6a8c516342a359f96397c555d
classic_cross_trap_medium,cross_trap,goal,goal,cd25d8be47ea6cfd,differential_drive,30,0.0,1.0,0.3,0.7,1.0,11.8333,1.0,1.0,-0.4276,0f912fd4e24706e2687e28a9cb85db7cb922bddc56e50619c5a832a97698af7b
classic_cross_trap_medium,cross_trap,guarded_ppo,guarded_ppo,cd25d8be47ea6cfd,differential_drive,30,0.0,0.9,0.0667,0.8333,0.9,0.2,1.0,0.9968,-0.3898,0050003673c9b417508496725fd76e0a99c565028ceebffd265c4b8e1410b445
classic_cross_trap_medium,cross_trap,hybrid_rule_v3_fast_progress_static_escape,hybrid_rule_v3_fast_progress_static_escape,cd25d8be47ea6cfd,differential_drive,30,0.3333,0.4667,0.2,0.2667,0.4667,25.5333,0.8242,0.9846,-0.5139,9c29e4d3a8c778616e637c3252d4e0f1d2054eec21052d97c504ae0498fe4a12
classic_cross_trap_medium,cross_trap,hybrid_rule_v3_fast_progress_static_escape_continuous,hybrid_rule_v3_fast_progress_static_escape_continuous,cd25d8be47ea6cfd,differential_drive,30,0.5,0.2333,0.1,0.1333,0.2333,23.8,0.7435,0.9676,-0.5226,7df31fd6226a6eef9cc76310341b6e981c89b1eeaba4d964e5a89ec18604525e
classic_cross_trap_medium,cross_trap,orca,orca,cd25d8be47ea6cfd,differential_drive,30,0.7,0.2667,0.1333,0.1333,0.2667,33.0333,0.651,0.8816,-0.3917,7e119e62637662ca1ed3e772e0bb796c34aae3b8ebe9f16c59f04acbe1b9c49a
classic_cross_trap_medium,cross_trap,ppo,ppo,cd25d8be47ea6cfd,differential_drive,30,0.9,0.1,0.0667,0.0333,0.1,11.6,0.4823,0.6368,-0.2197,911de0c2bd4ab5555e17eb1a17cf2bf245ea733c143e537556e198180923a7bd
classic_cross_trap_medium,cross_trap,prediction_planner,prediction_planner,cd25d8be47ea6cfd,differential_drive,30,0.2,0.8,0.2333,0.5667,0.8,34.8667,0.9131,0.9886,-0.497,738ce38d8fbe617866a71a4c33983fe4124a7b6269994cc2d87e536a2e07a7cb
classic_cross_trap_medium,cross_trap,predictive_mppi,predictive_mppi,cd25d8be47ea6cfd,differential_drive,30,0.0,1.0,0.0667,0.9333,1.0,0.2,1.0,1.0,-0.2289,30546667c20697263c5de656bfc05f0611cfbe49c8ed6a409fe4dd7dd8c478d3
classic_cross_trap_medium,cross_trap,risk_dwa,risk_dwa,cd25d8be47ea6cfd,differential_drive,30,0.0,1.0,0.0667,0.9333,1.0,0.2,1.0,1.0,-0.2292,901e2bd1959e5b6fe243d980310755db2ccb7664180f1fd8d53a5c9cb9e86693
classic_cross_trap_medium,cross_trap,sacadrl,sacadrl,cd25d8be47ea6cfd,differential_drive,30,0.1333,0.8667,0.7333,0.1333,0.8667,13.0,0.9685,0.9939,-0.5066,3c4daab58b366a101f82004f6994707ed4ed903090d251f6d8b7a6aa1bef3dd3
classic_cross_trap_medium,cross_trap,scenario_adaptive_hybrid_orca_v1,scenario_adaptive_hybrid_orca_v1,cd25d8be47ea6cfd,differential_drive,30,0.3333,0.4667,0.2,0.2667,0.4667,24.3667,0.8249,0.9845,-0.5123,ae4bf9c1f39faae4acb20387e42d37fb271efaf22b08e890a1b78c4c43ee2dc4
classic_cross_trap_medium,cross_trap,scenario_adaptive_hybrid_orca_v2_collision_guard,scenario_adaptive_hybrid_orca_v2_collision_guard,cd25d8be47ea6cfd,differential_drive,30,0.3333,0.4667,0.2,0.2667,0.4667,24.3667,0.8249,0.9845,-0.5123,f66427bf535911540370e9cf396699f9a599eff417a71f7e213f65ddb69b524b
classic_cross_trap_medium,cross_trap,social_force,social_force,cd25d8be47ea6cfd,differential_drive,30,0.0,0.2667,0.2667,0.0,0.2667,23.1333,1.0,0.403,-1.1356,74a406217f5b5dfb94fb985174bc66c78bb627d96206ea02a73b6b9e80717482
classic_cross_trap_medium,cross_trap,socnav_sampling,socnav_sampling,cd25d8be47ea6cfd,differential_drive,30,0.0333,0.9667,0.3333,0.6333,0.9667,2.7,0.9802,0.9854,-0.3109,ef1b7a6e406975cdbaab1bff9d240d836432f81a60037f4d60d0df9a5630dc9a
classic_doorway_high,doorway,goal,goal,cd25d8be47ea6cfd,differential_drive,30,0.1667,0.8333,0.2667,0.5667,0.8333,12.5667,0.8722,1.0,-0.5094,6b94e80d199ee244f06aead3a4686db855f72c4c20ffc5d6001b9bbaa6684741
classic_doorway_high,doorway,guarded_ppo,guarded_ppo,cd25d8be47ea6cfd,differential_drive,30,0.0,0.9333,0.1,0.8333,0.9333,8.1667,1.0,0.9506,-0.4016,c5da1563e20fe365cebb336d93895ec4c2814ae7161fca10068553863c2969cf
classic_doorway_high,doorway,hybrid_rule_v3_fast_progress_static_escape,hybrid_rule_v3_fast_progress_static_escape,cd25d8be47ea6cfd,differential_drive,30,0.1667,0.8333,0.4,0.4333,0.8333,6.8667,0.874,1.0,-0.4643,c9b6d057035001765bc850a1f92f3f9acdbe7a2af3a539d39fbbc49a1665d82a
classic_doorway_high,doorway,hybrid_rule_v3_fast_progress_static_escape_continuous,hybrid_rule_v3_fast_progress_static_escape_continuous,cd25d8be47ea6cfd,differential_drive,30,0.3667,0.5,0.3,0.2,0.5,13.8667,0.7273,0.9991,-0.5565,3caeb787dff55d3838f976ff9ef700e1a399bca46c5d97d4f9f46a6d71822dbb
classic_doorway_high,doorway,orca,orca,cd25d8be47ea6cfd,differential_drive,30,0.3667,0.3667,0.0667,0.3,0.3667,16.1667,0.8204,0.941,-0.9981,8d91ea0deb8fc33b1940bfead996dba9603fc778ba1a4b6a5d94b4ed58c4b810
classic_doorway_high,doorway,ppo,ppo,cd25d8be47ea6cfd,differential_drive,30,0.1333,0.8667,0.6,0.2667,0.8667,18.5,0.8871,0.9735,-0.7694,68f73777d1d374f0983bc1df75f2cb403896516c608fedc99557253798688c63
classic_doorway_high,doorway,prediction_planner,prediction_planner,cd25d8be47ea6cfd,differential_drive,30,0.1,0.9,0.5667,0.3333,0.9,10.2,0.9192,1.0,-0.4964,e1d4beb991159bed5bc17f188b003052a361215e70d128b87af2872e7dd90a0b
classic_doorway_high,doorway,predictive_mppi,predictive_mppi,cd25d8be47ea6cfd,differential_drive,30,0.0,1.0,0.7,0.3,1.0,6.9,1.0,1.0,-0.3734,e9719fe3426f78bcc89aa17f39221d79fa9b49fc721a9e5f62b85d7fd871c577
classic_doorway_high,doorway,risk_dwa,risk_dwa,cd25d8be47ea6cfd,differential_drive,30,0.0,1.0,0.7333,0.2667,1.0,6.0667,1.0,0.9997,-0.3403,7e5348d2f3e29a4a32bef04d22c840d66b380284a3177a3e74d808e26b91bd45
classic_doorway_high,doorway,sacadrl,sacadrl,cd25d8be47ea6cfd,differential_drive,30,0.0,1.0,0.8,0.2,1.0,5.4667,1.0,1.0,-0.611,935ae57db04abed29e3781ffb019facccd34151ffe3436b28b17d3ab8bb24024
classic_doorway_high,doorway,scenario_adaptive_hybrid_orca_v1,scenario_adaptive_hybrid_orca_v1,cd25d8be47ea6cfd,differential_drive,30,0.1667,0.8333,0.4,0.4333,0.8333,6.7333,0.8751,1.0,-0.4565,4b7b7cfa5d960e63da5857632b78707ccb69165112a4d434638295aac7fca01a
classic_doorway_high,doorway,scenario_adaptive_hybrid_orca_v2_collision_guard,scenario_adaptive_hybrid_orca_v2_collision_guard,cd25d8be47ea6cfd,differential_drive,30,0.1667,0.8333,0.4,0.4333,0.8333,6.7333,0.8751,1.0,-0.4565,b43e591e1e05091fdc73d3e1cd6939404ae319f0b866f2408c0cbc039400e24e
classic_doorway_high,doorway,social_force,social_force,cd25d8be47ea6cfd,differential_drive,30,0.0,0.0,0.0,0.0,0.0,31.2,1.0,0.3845,-1.3568,d283b9ed4d1cd163ac46a4451ca0505123f649716be4ddccc41945477aef9be1
classic_doorway_high,doorway,socnav_sampling,socnav_sampling,cd25d8be47ea6cfd,differential_drive,30,0.0,1.0,0.0333,0.9667,1.0,0.1667,1.0,1.0,-0.4616,a5a997b6aab11dc5585e7911a16ba31c29d9a16ea0e5f79cd992ceade10380ff
classic_doorway_low,doorway,goal,goal,cd25d8be47ea6cfd,differential_drive,30,0.1667,0.8333,0.2333,0.6,0.8333,4.6667,0.8722,1.0,-0.3715,c27c5ca7b24b40826ab965bf81aa3ca6d851a976ca6bb5fc45fb0db9478bb686
classic_doorway_low,doorway,guarded_ppo,guarded_ppo,cd25d8be47ea6cfd,differential_drive,30,0.0,0.9667,0.2667,0.7,0.9667,13.4,1.0,0.954,-0.3646,35a7dfc8ddbd9e083f4349005758a5f4df791c6665453fa1f24e13c337f69265
classic_doorway_low,doorway,hybrid_rule_v3_fast_progress_static_escape,hybrid_rule_v3_fast_progress_static_escape,cd25d8be47ea6cfd,differential_drive,30,0.0667,0.9333,0.2333,0.7,0.9333,4.4667,0.9443,1.0,-0.4837,45639820928029013fe2299919c002081346c2dadb48d0e32f256be8d6f6ca17
classic_doorway_low,doorway,hybrid_rule_v3_fast_progress_static_escape_continuous,hybrid_rule_v3_fast_progress_static_escape_continuous,cd25d8be47ea6cfd,differential_drive,30,0.2333,0.6333,0.2333,0.4,0.6333,4.1333,0.8118,0.9957,-0.5215,02ed399ffca484bf8bc419e0cb380571f983ac18b1af2d78d15c205e0d25463a
classic_doorway_low,doorway,orca,orca,cd25d8be47ea6cfd,differential_drive,30,0.4,0.5,0.0333,0.4667,0.5,6.4667,0.7095,0.9842,-0.6888,60c7613bb56167f5b1b054bb63672d4fd08f576b0c6d734e8b495a44c26dad51
classic_doorway_low,doorway,ppo,ppo,cd25d8be47ea6cfd,differential_drive,30,0.7333,0.2667,0.0667,0.2,0.2667,10.4667,0.3866,0.9929,-0.4527,2c782752eda69033dd4f9b44161522410c5666fdd43c407e23aa2772f4e58888
classic_doorway_low,doorway,prediction_planner,prediction_planner,cd25d8be47ea6cfd,differential_drive,30,0.1,0.9,0.3,0.6,0.9,5.7,0.9167,1.0,-0.392,773e6c1c5569f5028672db1979d16cd7d7137c10f1ffe606eb2d1c1fa41e83e8
classic_doorway_low,doorway,predictive_mppi,predictive_mppi,cd25d8be47ea6cfd,differential_drive,30,0.1667,0.8333,0.3667,0.4667,0.8333,5.7667,0.8629,0.98,-0.2513,3f7816785f1408fd7574e2985a5ba015a01498507bd61851d488f264187b6938
classic_doorway_low,doorway,risk_dwa,risk_dwa,cd25d8be47ea6cfd,differential_drive,30,0.0667,0.9333,0.5,0.4333,0.9333,4.0,0.9458,0.969,-0.2427,4f68858c77df27d7adca75890c513565306866da51bedff11b045d89fcb12486
classic_doorway_low,doorway,sacadrl,sacadrl,cd25d8be47ea6cfd,differential_drive,30,0.0,1.0,0.4333,0.5667,1.0,5.0667,1.0,1.0,-0.5652,1a5939202ea007c3b5b24889c583eb1fefe804d531337e852e9a1231bc34f03a
classic_doorway_low,doorway,scenario_adaptive_hybrid_orca_v1,scenario_adaptive_hybrid_orca_v1,cd25d8be47ea6cfd,differential_drive,30,0.0667,0.9333,0.2333,0.7,0.9333,4.4667,0.9443,1.0,-0.4837,b125065df0efdcaf8c09d82b69338cfb904dd184158f89821949d9366e17663d
classic_doorway_low,doorway,scenario_adaptive_hybrid_orca_v2_collision_guard,scenario_adaptive_hybrid_orca_v2_collision_guard,cd25d8be47ea6cfd,differential_drive,30,0.0667,0.9333,0.2333,0.7,0.9333,4.4667,0.9443,1.0,-0.4837,167bd93b5d3380769ae2e0ea5ecb40796d082e307adee6fa7bac48e4f3aeca07
classic_doorway_low,doorway,social_force,social_force,cd25d8be47ea6cfd,differential_drive,30,0.0,0.0,0.0,0.0,0.0,8.1667,1.0,0.3933,-1.2153,c0bb15d878520aa586dbde09c638e2d5fd01af040e0b8018aacf06ad31c97304
classic_doorway_low,doorway,socnav_sampling,socnav_sampling,cd25d8be47ea6cfd,differential_drive,30,0.0,1.0,0.1667,0.8667,1.0333,2.1,1.0,1.0,-0.3814,4ca6439f001219abe81dd847b9d0031e11dda5fa6558c9a6dc163b79105c13bd
classic_doorway_medium,doorway,goal,goal,cd25d8be47ea6cfd,differential_drive,30,0.1,0.9,0.2333,0.6667,0.9,4.0667,0.9233,1.0,-0.3801,101d61c3633ac907dd27db7b71120e2d50758f101a753c1c2c590a860f75d3aa
classic_doorway_medium,doorway,guarded_ppo,guarded_ppo,cd25d8be47ea6cfd,differential_drive,30,0.0,0.9,0.2333,0.6667,0.9,3.5667,1.0,0.9543,-0.3665,256b8d059ae06750af1d952221475337b70e3e79c3761ec9ffcd25098bc5f2e0
classic_doorway_medium,doorway,hybrid_rule_v3_fast_progress_static_escape,hybrid_rule_v3_fast_progress_static_escape,cd25d8be47ea6cfd,differential_drive,30,0.1333,0.8,0.1,0.7,0.8,4.0333,0.8876,1.0,-0.4678,57a186dbf6540fdfa43fbb7f81ad2aa6f4ed3f10a9e06b3c7345913d6d483cd6
classic_doorway_medium,doorway,hybrid_rule_v3_fast_progress_static_escape_continuous,hybrid_rule_v3_fast_progress_static_escape_continuous,cd25d8be47ea6cfd,differential_drive,30,0.3667,0.5,0.1,0.4,0.5,24.3,0.7049,1.0,-0.4986,5f2edb1d5994e282fff673615796fe019260ea169bcfb1aaeaabb12c36ebaf6a
classic_doorway_medium,doorway,orca,orca,cd25d8be47ea6cfd,differential_drive,30,0.5,0.4,0.0333,0.3667,0.4,10.9333,0.6944,0.9708,-0.8775,7fad4d239a721ba694113a55c8ad4565e409241725ec5f44d98a4d9a5967d86f
classic_doorway_medium,doorway,ppo,ppo,cd25d8be47ea6cfd,differential_drive,30,0.5,0.5,0.2333,0.2667,0.5,13.7,0.5754,1.0,-0.5206,314ce77aa8e41a5a8cd2916a5a43c6adee5d2f33adbd640f6a505ef1c266b78b
classic_doorway_medium,doorway,prediction_planner,prediction_planner,cd25d8be47ea6cfd,differential_drive,30,0.3333,0.6667,0.0667,0.6,0.6667,11.4333,0.7253,1.0,-0.357,4a8ae273ad0967274bdbb3c96cd6c100e632eb2597078c5242b2f094d494aa85
classic_doorway_medium,doorway,predictive_mppi,predictive_mppi,cd25d8be47ea6cfd,differential_drive,30,0.1333,0.8333,0.0333,0.8,0.8333,11.3333,0.894,0.9755,-0.336,e908ab22dd9dcd78d2463528d8bd8890f5fd9204555547a65c55350434f05c58
classic_doorway_medium,doorway,risk_dwa,risk_dwa,cd25d8be47ea6cfd,differential_drive,30,0.0667,0.9333,0.2,0.7333,0.9333,3.7,0.945,0.9782,-0.2646,418862eac983f55c081a470716a69cda1230d03e520e07a468f51c98756749f7
classic_doorway_medium,doorway,sacadrl,sacadrl,cd25d8be47ea6cfd,differential_drive,30,0.0,1.0,0.2,0.8,1.0,1.9667,1.0,1.0,-0.5079,5ec2e4042a5e62d7d69891e1dad9cb1c63f2d53de9e8dfaf19ce08d25d23f54b
classic_doorway_medium,doorway,scenario_adaptive_hybrid_orca_v1,scenario_adaptive_hybrid_orca_v1,cd25d8be47ea6cfd,differential_drive,30,0.1333,0.8,0.1,0.7,0.8,4.0333,0.8876,1.0,-0.4696,afe4fe41fffc9a327dd53dceb446029de8f6b4f32cf1c6fe7cadafdb33fa7712
classic_doorway_medium,doorway,scenario_adaptive_hybrid_orca_v2_collision_guard,scenario_adaptive_hybrid_orca_v2_collision_guard,cd25d8be47ea6cfd,differential_drive,30,0.1333,0.8,0.1,0.7,0.8,4.0333,0.8876,1.0,-0.4696,64163b06ef7f1e4559e682e6b7286f3ed8c2e5901494bce9d18023b16ddd17f1
classic_doorway_medium,doorway,social_force,social_force,cd25d8be47ea6cfd,differential_drive,30,0.0,0.0,0.0,0.0,0.0,19.3667,1.0,0.3983,-1.3112,c5fe871a5560dcf00bb233cee36cfa89b85a6ffa668847b2e8552d40f3fc98f2
classic_doorway_medium,doorway,socnav_sampling,socnav_sampling,cd25d8be47ea6cfd,differential_drive,30,0.0,1.0,0.0,1.0,1.0,0.7,1.0,1.0,-0.4252,dcd39539b0a1ea77d77060c47e6af7141be46389b479948f72bdad115921672c
classic_group_crossing_high,group_crossing,goal,goal,cd25d8be47ea6cfd,differential_drive,30,0.8,0.2,0.2,0.0,0.2,9.5667,0.4486,1.0,-0.0752,fc8183e2ed1bf9c6085b82d536361d3498906d31afc57a1e45e8a1b025845274
classic_group_crossing_high,group_crossing,guarded_ppo,guarded_ppo,cd25d8be47ea6cfd,differential_drive,30,0.2333,0.1,0.0,0.1,0.1,118.1,0.8711,0.9749,-1.1421,7aa2b2d7252ac315e44736e4d24b306589a37ebb3b4a509426ea533ae3baa5bd
classic_group_crossing_high,group_crossing,hybrid_rule_v3_fast_progress_static_escape,hybrid_rule_v3_fast_progress_static_escape,cd25d8be47ea6cfd,differential_drive,30,1.0,0.0,0.0,0.0,0.0,25.2333,0.2086,1.0,-0.082,d94f81f95cde7a5ed9f8252a17aa2203f158470b4e81677288bc137b4b5fb41a
classic_group_crossing_high,group_crossing,hybrid_rule_v3_fast_progress_static_escape_continuous,hybrid_rule_v3_fast_progress_static_escape_continuous,cd25d8be47ea6cfd,differential_drive,30,1.0,0.0,0.0,0.0,0.0,24.9667,0.217,0.9995,-0.072,5cec952e330d2d3970707f6b92a00ec6b267899769f0415f3dae7386b3608ff9
classic_group_crossing_high,group_crossing,orca,orca,cd25d8be47ea6cfd,differential_drive,30,0.8,0.2,0.1667,0.0333,0.2,7.7667,0.3558,0.9937,-0.1932,a544f97fe23e4918d0820974b9dd1d77a935412cf6653564ea7c50a045d79d61
classic_group_crossing_high,group_crossing,ppo,ppo,cd25d8be47ea6cfd,differential_drive,30,0.6333,0.3,0.2,0.1,0.3,8.3667,0.4796,0.8884,-0.3072,726dcedfd0d26f81afac03d44766efb7aa1e9ceb0bcf2733bab092ac5c14774b
classic_group_crossing_high,group_crossing,prediction_planner,prediction_planner,cd25d8be47ea6cfd,differential_drive,30,0.7,0.3,0.3,0.0,0.3,18.1333,0.4639,1.0,-0.1297,64b2b40d64fb1a5318f63770e677e693cc47f2bf2a04ca7b1c2a8e060fa0fdc7
classic_group_crossing_high,group_crossing,predictive_mppi,predictive_mppi,cd25d8be47ea6cfd,differential_drive,30,0.0667,0.9333,0.0,0.9333,0.9333,44.1333,0.9555,0.9883,-0.5438,342280b6ecf64e83d827ce2f4b79ac8a19a576a90ffab43e755bc504751d402c
classic_group_crossing_high,group_crossing,risk_dwa,risk_dwa,cd25d8be47ea6cfd,differential_drive,30,0.0,1.0,0.3333,0.6667,1.0,14.3333,1.0,0.9986,-0.4779,8199fa5045a4a292e0f65c90334086d962412be6964c72a8ac14a6962253420a
classic_group_crossing_high,group_crossing,sacadrl,sacadrl,cd25d8be47ea6cfd,differential_drive,30,0.8667,0.1333,0.1,0.0333,0.1333,6.1667,0.4047,1.0,-0.1314,0dbf9d2e5f9e073c7b458d8ecaa6599a954423ad042a8c7b88019d774e8df55b
classic_group_crossing_high,group_crossing,scenario_adaptive_hybrid_orca_v1,scenario_adaptive_hybrid_orca_v1,cd25d8be47ea6cfd,differential_drive,30,1.0,0.0,0.0,0.0,0.0,25.2333,0.2086,1.0,-0.082,a9c1bba36753609c43c7f3eb49123cff7fdcfbcea51548c1dfdeae1803bb6c95
classic_group_crossing_high,group_crossing,scenario_adaptive_hybrid_orca_v2_collision_guard,scenario_adaptive_hybrid_orca_v2_collision_guard,cd25d8be47ea6cfd,differential_drive,30,1.0,0.0,0.0,0.0,0.0,25.2333,0.2086,1.0,-0.082,f40ee3a2b5daac726d987d49e1fd98fecde2ad9ededd4abc6fe95ffe6c33da9e
classic_group_crossing_high,group_crossing,social_force,social_force,cd25d8be47ea6cfd,differential_drive,30,0.0,0.0,0.0,0.0,0.0,0.0,1.0,0.3211,-1.1218,b8b54e706d5518126034829f8977cb9deebbda05b16e4b9f10764553b476431d
classic_group_crossing_high,group_crossing,socnav_sampling,socnav_sampling,cd25d8be47ea6cfd,differential_drive,30,0.0333,0.9667,0.5667,0.4,0.9667,3.3333,0.9724,1.0,-0.3293,7998712899421c318fe8aa2a75226614877e1834c24be84ab7bc6f5241b2aca0
classic_group_crossing_low,group_crossing,goal,goal,cd25d8be47ea6cfd,differential_drive,30,0.9333,0.0667,0.0667,0.0,0.0667,3.4667,0.3553,1.0,0.0679,56e0b6cb96192d8e74a4ca7adfb97f7cdbbaa6e6ad6b0e69d96157e5b910fa38
classic_group_crossing_low,group_crossing,guarded_ppo,guarded_ppo,cd25d8be47ea6cfd,differential_drive,30,0.5667,0.2333,0.0333,0.2,0.2333,64.5,0.7198,0.9842,-0.6348,6bb920df262d7dac35b9c009ab612ca5d27a825d50728544d40bca6990bf11d1
classic_group_crossing_low,group_crossing,hybrid_rule_v3_fast_progress_static_escape,hybrid_rule_v3_fast_progress_static_escape,cd25d8be47ea6cfd,differential_drive,30,1.0,0.0,0.0,0.0,0.0,4.7667,0.1768,1.0,0.0487,da0b9dafc69458c1c6d579873f15a9811a72a6595c2832e4b83b0857c94fe4d7
classic_group_crossing_low,group_crossing,hybrid_rule_v3_fast_progress_static_escape_continuous,hybrid_rule_v3_fast_progress_static_escape_continuous,cd25d8be47ea6cfd,differential_drive,30,1.0,0.0,0.0,0.0,0.0,4.4333,0.1821,1.0,0.0458,77066264e3fa2be325be62317acf91ab4d622c4679f0bb12fd9fce33c5461e9b
classic_group_crossing_low,group_crossing,orca,orca,cd25d8be47ea6cfd,differential_drive,30,0.8667,0.1333,0.0667,0.0667,0.1333,3.3,0.2846,1.0,-0.0575,da7e8251ba67b54f978371d18342ce62053f1f2bd968984297231109bf40a6e4
classic_group_crossing_low,group_crossing,ppo,ppo,cd25d8be47ea6cfd,differential_drive,30,0.9667,0.0333,0.0333,0.0,0.0333,2.8667,0.2208,0.9462,-0.0617,da571e022ec71cce5f463a3cbd170f20e8c0a52dff67f18b68cd4470e1c78e53
classic_group_crossing_low,group_crossing,prediction_planner,prediction_planner,cd25d8be47ea6cfd,differential_drive,30,0.7667,0.2333,0.2333,0.0,0.2333,8.0667,0.4023,1.0,-0.0367,334ae69586f25c747539cd465f61f263c008aabe6e6ce2f3fa2a5c12600623c5
classic_group_crossing_low,group_crossing,predictive_mppi,predictive_mppi,cd25d8be47ea6cfd,differential_drive,30,0.0,1.0,0.0,1.0,1.0,17.4333,1.0,0.9954,-0.4578,20ede5cf60c2cf4a16add6b77485190d734fff436e25ff3d30e1dda0b38806de
classic_group_crossing_low,group_crossing,risk_dwa,risk_dwa,cd25d8be47ea6cfd,differential_drive,30,0.0,1.0,0.0667,0.9333,1.0,6.9667,1.0,0.9781,-0.4212,e28ab51c72e62bb0f364c7f3983410b8eb2166565e2ab0705610e574c886534b
classic_group_crossing_low,group_crossing,sacadrl,sacadrl,cd25d8be47ea6cfd,differential_drive,30,0.9333,0.0667,0.0,0.0667,0.0667,2.5,0.3567,1.0,-0.0267,aa88c75962f5a29ff5f358396e5341218d5fb420a07437df5db155dc05f1f2dd
classic_group_crossing_low,group_crossing,scenario_adaptive_hybrid_orca_v1,scenario_adaptive_hybrid_orca_v1,cd25d8be47ea6cfd,differential_drive,30,1.0,0.0,0.0,0.0,0.0,4.7667,0.1768,1.0,0.0486,fac4a7fc3e607c2823e73fa00554fa61ee4385035f4334e970de148842fd2f8d
classic_group_crossing_low,group_crossing,scenario_adaptive_hybrid_orca_v2_collision_guard,scenario_adaptive_hybrid_orca_v2_collision_guard,cd25d8be47ea6cfd,differential_drive,30,1.0,0.0,0.0,0.0,0.0,4.7667,0.1768,1.0,0.0486,345905eb5b0215b533435b63722772de74db54e26d9d59e0dcb87181b84aebca
classic_group_crossing_low,group_crossing,social_force,social_force,cd25d8be47ea6cfd,differential_drive,30,0.0,0.0,0.0,0.0,0.0,0.0,1.0,0.3252,-1.1011,19adba1d40ec5e9c2e5b9e09cf161101424fc8d2aa2263da2edf538f5b07e10a
classic_group_crossing_low,group_crossing,socnav_sampling,socnav_sampling,cd25d8be47ea6cfd,differential_drive,30,0.3667,0.6333,0.3333,0.3,0.6333,3.2333,0.6956,1.0,-0.1646,5aee7d80d6fc3f617238257ff51c280554789470c2b6962081f3a7ed20e6ddd3
classic_group_crossing_medium,group_crossing,goal,goal,cd25d8be47ea6cfd,differential_drive,30,0.8333,0.1667,0.1667,0.0,0.1667,5.1333,0.4237,1.0,-0.0071,2fe9fb3df2f6e010f024190e4f11aec2f534add01a2f88b95fddaf924fba09d9
classic_group_crossing_medium,group_crossing,guarded_ppo,guarded_ppo,cd25d8be47ea6cfd,differential_drive,30,0.4333,0.1667,0.0333,0.1333,0.1667,72.0,0.7781,0.979,-0.8679,acfaf6efad8339b2c2aeb8f5b18a3305857b7ccf6a77b2f7c1ca32ee596a2045
classic_group_crossing_medium,group_crossing,hybrid_rule_v3_fast_progress_static_escape,hybrid_rule_v3_fast_progress_static_escape,cd25d8be47ea6cfd,differential_drive,30,1.0,0.0,0.0,0.0,0.0,22.3,0.2022,1.0,-0.0236,ad20f0b62085fb23399fbf6af4dc09e3f763583fa2c93f13c05f844c71e6d91f
classic_group_crossing_medium,group_crossing,hybrid_rule_v3_fast_progress_static_escape_continuous,hybrid_rule_v3_fast_progress_static_escape_continuous,cd25d8be47ea6cfd,differential_drive,30,1.0,0.0,0.0,0.0,0.0,18.3333,0.2042,1.0,-0.0049,1b2f80cad902eb9c80c86c19d9ce85c0a098925203ab69bbd863d00c5f2c9896
classic_group_crossing_medium,group_crossing,orca,orca,cd25d8be47ea6cfd,differential_drive,30,0.8,0.2,0.0667,0.1333,0.2,5.3333,0.3568,0.9775,-0.149,d983485c0d5af5a6fd16d31493bfca4a8d10c2a13e66414ab19870724341d922
classic_group_crossing_medium,group_crossing,ppo,ppo,cd25d8be47ea6cfd,differential_drive,30,0.8,0.1667,0.1,0.0667,0.1667,6.9333,0.3594,0.9125,-0.2017,00835b85c866195b020ca8a7bc9f1fabd2e73e2b993eda2be345ca2d8139da87
classic_group_crossing_medium,group_crossing,prediction_planner,prediction_planner,cd25d8be47ea6cfd,differential_drive,30,0.7,0.3,0.3,0.0,0.3,13.1667,0.4576,1.0,-0.1154,922de15e0d416ec2465702aabd2f4dfe8980dbb182b9cd198a63158e63f02720
classic_group_crossing_medium,group_crossing,predictive_mppi,predictive_mppi,cd25d8be47ea6cfd,differential_drive,30,0.0667,0.9333,0.0,0.9333,0.9333,33.8667,0.9564,0.9862,-0.4984,89181e0741fb2b9b23d54e78dd6d823b44d0fbfed56f3eb249fbec76d606de19
classic_group_crossing_medium,group_crossing,risk_dwa,risk_dwa,cd25d8be47ea6cfd,differential_drive,30,0.0,1.0,0.2,0.8,1.0,12.2667,1.0,0.9999,-0.4714,279d506a12c84e693201bfce42fc6f3bcbc047904a89774b43313c15fc4a4526
classic_group_crossing_medium,group_crossing,sacadrl,sacadrl,cd25d8be47ea6cfd,differential_drive,30,0.9,0.1,0.0333,0.0667,0.1,3.5,0.3819,1.0,-0.0743,d8ba59a44fdb46aadf559b24558fc05630eff4dc3a86c5f6fa16bf0ee9eddc1a
classic_group_crossing_medium,group_crossing,scenario_adaptive_hybrid_orca_v1,scenario_adaptive_hybrid_orca_v1,cd25d8be47ea6cfd,differential_drive,30,1.0,0.0,0.0,0.0,0.0,22.3,0.2022,1.0,-0.0236,72442c43f5d3fa003474a65dc03d799630b51868203bde8ec39ef3c3b2380e79
classic_group_crossing_medium,group_crossing,scenario_adaptive_hybrid_orca_v2_collision_guard,scenario_adaptive_hybrid_orca_v2_collision_guard,cd25d8be47ea6cfd,differential_drive,30,1.0,0.0,0.0,0.0,0.0,22.3,0.2022,1.0,-0.0236,9c703a8d064bd544bdcb74cb8f511661f58e1c45ca635a9352ebdef17dee1476
classic_group_crossing_medium,group_crossing,social_force,social_force,cd25d8be47ea6cfd,differential_drive,30,0.0,0.0,0.0,0.0,0.0,0.0,1.0,0.3253,-1.1127,a8d004969d2507105913c90467ed4b66a84ae8365c02bb5849c66a3adc938ee0
classic_group_crossing_medium,group_crossing,socnav_sampling,socnav_sampling,cd25d8be47ea6cfd,differential_drive,30,0.1667,0.8333,0.4333,0.4,0.8333,3.2667,0.8621,1.0,-0.2547,6f4d2f59eb9977349d6d69dc0d1642d9b6400325a849d8589d3575604f09a2af
classic_head_on_corridor_low,head_on_corridor,goal,goal,cd25d8be47ea6cfd,differential_drive,30,0.5,0.5,0.4,0.1,0.5,6.0667,0.7529,1.0,-0.1548,8900aeffb811d17d10da1452519841451c4dd21e45c52115b565ef040df3208d
classic_head_on_corridor_low,head_on_corridor,guarded_ppo,guarded_ppo,cd25d8be47ea6cfd,differential_drive,30,0.5333,0.4333,0.2,0.2333,0.4333,8.9,0.6462,0.662,-0.1166,fd010e86743932be56d84913b08f87f18c2387c7b440b7a1ddd35cb6e458a738
classic_head_on_corridor_low,head_on_corridor,hybrid_rule_v3_fast_progress_static_escape,hybrid_rule_v3_fast_progress_static_escape,cd25d8be47ea6cfd,differential_drive,30,0.6,0.4,0.3,0.1,0.4,3.7667,0.5647,1.0,-0.0842,dc1947e2fc42cb555500cb405e6b06256c8c73f8d82e040d2748d6ede7d10aaf
classic_head_on_corridor_low,head_on_corridor,hybrid_rule_v3_fast_progress_static_escape_continuous,hybrid_rule_v3_fast_progress_static_escape_continuous,cd25d8be47ea6cfd,differential_drive,30,0.7667,0.2333,0.1333,0.1,0.2333,6.6333,0.4509,1.0,-0.0667,212cd24ed3d478058b3e55fa7057582eab65230e190e0872be95885f8a1a59ac
classic_head_on_corridor_low,head_on_corridor,orca,orca,cd25d8be47ea6cfd,differential_drive,30,0.5667,0.4333,0.3333,0.1,0.4333,3.9667,0.5823,0.9995,-0.1051,1187d7e05733b5334453aef2071fdb3578a99455238bec16c9987bcf7f9a3a6d
classic_head_on_corridor_low,head_on_corridor,ppo,ppo,cd25d8be47ea6cfd,differential_drive,30,0.9,0.1,0.0,0.1,0.1,0.8,0.3399,0.8274,0.0187,830eb5d0c0409e49e4effeb110e9673604892bc9977ef03a485b36f2eb432203
classic_head_on_corridor_low,head_on_corridor,prediction_planner,prediction_planner,cd25d8be47ea6cfd,differential_drive,30,0.6,0.4,0.3,0.1,0.4,6.3,0.603,0.9999,-0.1132,c16d2e554ce0b2af67909a8dfdbe1d2214c8a388a6e23583e592441f1eea654d
classic_head_on_corridor_low,head_on_corridor,predictive_mppi,predictive_mppi,cd25d8be47ea6cfd,differential_drive,30,0.2333,0.1,0.0,0.1,0.1,20.5,0.8742,0.5217,-0.2863,c2182a76b182330e357573c12fc1b199ac5a4e4e5b1ee1527084ef10edf9397a
classic_head_on_corridor_low,head_on_corridor,risk_dwa,risk_dwa,cd25d8be47ea6cfd,differential_drive,30,0.0333,0.3333,0.2333,0.1,0.3333,6.5667,0.9807,0.5142,-0.5029,b0402bdb734eff2cdcbeb960fbd2cffca0bf4ddbb429d19c9d1b3b8676820fac
classic_head_on_corridor_low,head_on_corridor,sacadrl,sacadrl,cd25d8be47ea6cfd,differential_drive,30,0.7333,0.2667,0.1667,0.1,0.2667,9.7667,0.6446,0.9925,-0.2976,c5132d12c694adc1c2351c8ef6739167a095e54068206ec33865db3c3947d16e
classic_head_on_corridor_low,head_on_corridor,scenario_adaptive_hybrid_orca_v1,scenario_adaptive_hybrid_orca_v1,cd25d8be47ea6cfd,differential_drive,30,0.6,0.4,0.3,0.1,0.4,3.7667,0.5647,1.0,-0.0842,edff29b75569afa3ecb731435b1df41f4062b6d816cd289bc341a7be685a08e5
classic_head_on_corridor_low,head_on_corridor,scenario_adaptive_hybrid_orca_v2_collision_guard,scenario_adaptive_hybrid_orca_v2_collision_guard,cd25d8be47ea6cfd,differential_drive,30,0.6,0.4,0.3,0.1,0.4,3.7667,0.5647,1.0,-0.0842,180195b3b499a22889e28b56185a035e53d5567d81d4c36bb66b3a821a3d694f
classic_head_on_corridor_low,head_on_corridor,social_force,social_force,cd25d8be47ea6cfd,differential_drive,30,0.4667,0.5333,0.4333,0.1,0.5333,7.6667,0.7437,1.0,-0.1454,1db63163eff733441a04ec7d1db1a0b7301acdcaf92c54731bf18a2553ab9bf6
classic_head_on_corridor_low,head_on_corridor,socnav_sampling,socnav_sampling,cd25d8be47ea6cfd,differential_drive,30,0.5667,0.4333,0.3333,0.1,0.4333,2.4,0.5853,0.9995,-0.0747,a2605cfe4751221e51fe72eb35e6da45623e55a6e8c2a42dc26a51712fb757cc
classic_head_on_corridor_medium,head_on_corridor,goal,goal,cd25d8be47ea6cfd,differential_drive,30,0.2333,0.7667,0.6667,0.1,0.7667,9.7667,0.8848,1.0,-0.3276,117c865a69994e9c1c02c0a56f2a4226392a8e5412c3702cd40c83bd0a8e15ad
classic_head_on_corridor_medium,head_on_corridor,guarded_ppo,guarded_ppo,cd25d8be47ea6cfd,differential_drive,30,0.4,0.5667,0.4333,0.1333,0.5667,20.7,0.8156,0.71,-0.2309,2d0ec77da83f1bdf9b792531c09e1ded0a5eac7499177f609ef744587da30c7b
classic_head_on_corridor_medium,head_on_corridor,hybrid_rule_v3_fast_progress_static_escape,hybrid_rule_v3_fast_progress_static_escape,cd25d8be47ea6cfd,differential_drive,30,0.5,0.5,0.4,0.1,0.5,7.8667,0.6461,0.998,-0.1924,bffbb1bd8f2770b977d00e462817c99e50eb1d646a99f47ceb26c6d407811410
classic_head_on_corridor_medium,head_on_corridor,hybrid_rule_v3_fast_progress_static_escape_continuous,hybrid_rule_v3_fast_progress_static_escape_continuous,cd25d8be47ea6cfd,differential_drive,30,0.6,0.4,0.3,0.1,0.4,12.6,0.5858,0.9983,-0.2504,2d777045a2e5e865ddd4d28bd890d8cbeab293b92128561c702ac8ffa2b285ba
classic_head_on_corridor_medium,head_on_corridor,orca,orca,cd25d8be47ea6cfd,differential_drive,30,0.5667,0.4333,0.3333,0.1,0.4333,8.0333,0.586,0.9989,-0.1741,5251c28ad3667425d17ffc2e63fec9b20b9453d9a8e3e0eaad6eca656a55ee01
classic_head_on_corridor_medium,head_on_corridor,ppo,ppo,cd25d8be47ea6cfd,differential_drive,30,0.8667,0.1,0.0,0.1,0.1,3.6667,0.3668,0.8547,-0.0725,52c46e1fd51ca4397b70f26cce8a98f07e056048823957352bc24894650812f1
classic_head_on_corridor_medium,head_on_corridor,prediction_planner,prediction_planner,cd25d8be47ea6cfd,differential_drive,30,0.5,0.5,0.4,0.1,0.5,8.9,0.6788,1.0,-0.1993,bb8533f4a2067ec6a68a8587c74328a81738f2e96a790efea39c9551b8f14812
classic_head_on_corridor_medium,head_on_corridor,predictive_mppi,predictive_mppi,cd25d8be47ea6cfd,differential_drive,30,0.2,0.2333,0.1333,0.1,0.2333,30.6333,0.8991,0.5536,-0.3702,fc425fd19cfe466eecd397655d9578ef3f110646236ef26cea56b45b29e03de0
classic_head_on_corridor_medium,head_on_corridor,risk_dwa,risk_dwa,cd25d8be47ea6cfd,differential_drive,30,0.0333,0.6333,0.5333,0.1,0.6333,11.3,0.9808,0.6222,-0.4598,4cf00391f8c85967134109490fc13ce10ac624a98c3240547bc7ed46d18774dc
classic_head_on_corridor_medium,head_on_corridor,sacadrl,sacadrl,cd25d8be47ea6cfd,differential_drive,30,0.4333,0.5667,0.4667,0.1,0.5667,10.4333,0.7872,0.9983,-0.3872,29f5bbf7013eceef48e2dccbde592dcd70a0a474eb04e3a6fc0f7f07b0382bef
classic_head_on_corridor_medium,head_on_corridor,scenario_adaptive_hybrid_orca_v1,scenario_adaptive_hybrid_orca_v1,cd25d8be47ea6cfd,differential_drive,30,0.5,0.5,0.4,0.1,0.5,7.8667,0.6461,0.998,-0.1924,f1c3a2b15f2d648cf3a14347633847d6ebd24a850ed487971772c7b266419173
classic_head_on_corridor_medium,head_on_corridor,scenario_adaptive_hybrid_orca_v2_collision_guard,scenario_adaptive_hybrid_orca_v2_collision_guard,cd25d8be47ea6cfd,differential_drive,30,0.5,0.5,0.4,0.1,0.5,7.8667,0.6461,0.998,-0.1924,cd23bb002e76a74300d9fde6fa2ea455c4428ca679a20c0d8193ead73ec4d66a
classic_head_on_corridor_medium,head_on_corridor,social_force,social_force,cd25d8be47ea6cfd,differential_drive,30,0.2,0.8,0.7,0.1,0.8,11.5667,0.8896,1.0,-0.2911,81e81382844e42d8cd6a7ea063ede77582c0bcdda257f51fafe5f2ba49bdbe77
classic_head_on_corridor_medium,head_on_corridor,socnav_sampling,socnav_sampling,cd25d8be47ea6cfd,differential_drive,30,0.5333,0.4667,0.3667,0.1,0.4667,4.0667,0.6201,0.9653,-0.1447,75264258d5053e685b453a00fc377e55cb6d874996ddea35797d81d86d9cd0cf
classic_merging_low,merging,goal,goal,cd25d8be47ea6cfd,differential_drive,30,0.0,1.0,0.1,0.9,1.0,22.4333,1.0,0.9868,-0.5483,5b040f12782a404e7eb72f897a240225a3e9727003ac72dc6bad4f7dc2601000
classic_merging_low,merging,guarded_ppo,guarded_ppo,cd25d8be47ea6cfd,differential_drive,30,0.0,1.0,0.0,1.0,1.0,0.0,1.0,0.9892,-0.3128,4f6254cf0a0629d6d7cd6f52df95a5fa6345740c7ebd640dcdc6775ad2b54a82
classic_merging_low,merging,hybrid_rule_v3_fast_progress_static_escape,hybrid_rule_v3_fast_progress_static_escape,cd25d8be47ea6cfd,differential_drive,30,0.5667,0.4333,0.2333,0.2,0.4333,41.6,0.8438,0.838,-0.3978,e8426a912682f196257f48b31d282d9642df749dabc8de134011cdb38f5e8d73
classic_merging_low,merging,hybrid_rule_v3_fast_progress_static_escape_continuous,hybrid_rule_v3_fast_progress_static_escape_continuous,cd25d8be47ea6cfd,differential_drive,30,0.8,0.1,0.0,0.1,0.1,48.8333,0.8054,0.8249,-0.434,69eeb68bb9e1f3649339f6032a52b2f5235e9d8d0816666a4b107a26fe843901
classic_merging_low,merging,orca,orca,cd25d8be47ea6cfd,differential_drive,30,0.3,0.6667,0.3667,0.3,0.6667,47.1,0.9356,0.8096,-0.548,45c94a15ec64b4b5a68c61e4f1c28d5bf4ede9d6c934321527d321f1abb10ff1
classic_merging_low,merging,ppo,ppo,cd25d8be47ea6cfd,differential_drive,30,0.0,1.0,0.0,1.0,1.0,2.2667,1.0,0.7285,-0.3505,7e621a411260fe4ef0f353436b6616ad6316ecb105c3a6c6bbd63d0e680df7ce
classic_merging_low,merging,prediction_planner,prediction_planner,cd25d8be47ea6cfd,differential_drive,30,0.0,1.0,0.0667,0.9333,1.0,2.9667,1.0,0.9791,-0.3549,42c612c897aeea22defea07cbfc04c3e76fe1149a951cadb85de398745cd4ea3
classic_merging_low,merging,predictive_mppi,predictive_mppi,cd25d8be47ea6cfd,differential_drive,30,0.0,1.0,0.0,1.0,1.0,0.0,1.0,1.0,-0.2054,9691041e94c00c60cd172dce1b92d36122cb1cf8f8cd6f172c466ed500045006
classic_merging_low,merging,risk_dwa,risk_dwa,cd25d8be47ea6cfd,differential_drive,30,0.0,1.0,0.0,1.0,1.0,0.0,1.0,1.0,-0.2089,61e0982237139236462258a1b261c436cf221cc30cc771e13ff05bec3e3aaa91
classic_merging_low,merging,sacadrl,sacadrl,cd25d8be47ea6cfd,differential_drive,30,0.0,1.0,0.4333,0.5667,1.0,16.9667,1.0,0.9407,-0.5911,f39a65b519655afa6e85ac82c5d67eb037f435c575275d608a64a9bb9d59da67
classic_merging_low,merging,scenario_adaptive_hybrid_orca_v1,scenario_adaptive_hybrid_orca_v1,cd25d8be47ea6cfd,differential_drive,30,0.5333,0.4667,0.2333,0.2333,0.4667,41.0333,0.8463,0.8366,-0.4042,588e55d126cce02991015a447a3db2a4ccf502c4828b320cc4a5d43b18cf9223
classic_merging_low,merging,scenario_adaptive_hybrid_orca_v2_collision_guard,scenario_adaptive_hybrid_orca_v2_collision_guard,cd25d8be47ea6cfd,differential_drive,30,0.5333,0.2667,0.2333,0.0333,0.2667,35.7667,0.8473,0.8493,-0.5537,80533df64feb746a4337c5cf386802f36ad41a2861fe5572c9dcfaac542f7ad7
classic_merging_low,merging,social_force,social_force,cd25d8be47ea6cfd,differential_drive,30,0.0,0.0333,0.0333,0.0,0.0333,0.1333,1.0,0.4162,-1.1098,4a8e56f35cf8b0bf0df7b8868b19c93664261ca84d4cb8c1c1863d4c119c8ae7
classic_merging_low,merging,socnav_sampling,socnav_sampling,cd25d8be47ea6cfd,differential_drive,30,0.0667,0.9333,0.3,0.6333,0.9333,2.4333,0.9772,0.9419,-0.3176,84a6612c68d9ecbedfcd913e45a353817397df012f416ed39b273829f50d3b23
classic_merging_medium,merging,goal,goal,cd25d8be47ea6cfd,differential_drive,30,0.0,1.0,0.1,0.9,1.0,33.5333,1.0,0.9849,-0.6095,d375e1f6d42c4e7802c162bb5fa864bfc3527bf69caaf6ee29f002d3a10c73ab
classic_merging_medium,merging,guarded_ppo,guarded_ppo,cd25d8be47ea6cfd,differential_drive,30,0.0,1.0,0.0,1.0,1.0,0.0,1.0,1.0,-0.4143,fa2e5a79a8bc3dfa52db93ccb939d08aa674c4167c62dbe2d546cc9140cccc7b
classic_merging_medium,merging,hybrid_rule_v3_fast_progress_static_escape,hybrid_rule_v3_fast_progress_static_escape,cd25d8be47ea6cfd,differential_drive,30,0.2667,0.6,0.2,0.4,0.6,71.2333,0.9538,0.8981,-0.5995,bc7b1e6b6dcdd20ce445d678729d9f2c33d534b479ae0e9193dabcd389d9e268
classic_merging_medium,merging,hybrid_rule_v3_fast_progress_static_escape_continuous,hybrid_rule_v3_fast_progress_static_escape_continuous,cd25d8be47ea6cfd,differential_drive,30,0.4333,0.1333,0.0,0.1333,0.1333,91.4333,0.9171,0.883,-0.8361,1e13d235bc71c8bf8f3abcd92e36eb4248529805e3582f978c825ae4a076fefd
classic_merging_medium,merging,orca,orca,cd25d8be47ea6cfd,differential_drive,30,0.4333,0.5333,0.4,0.1333,0.5333,78.5333,0.9331,0.7979,-0.5836,657199b6fa4016ba821a0f76f8de2f6a817c9bd6c21996353c2bb089a1676eff
classic_merging_medium,merging,ppo,ppo,cd25d8be47ea6cfd,differential_drive,30,0.0,1.0,0.0,1.0,1.0,1.8667,1.0,0.772,-0.3452,2d960e17c9a094c7e8ab8c85398392968021927372990cbeff0b6379f14e69ec
classic_merging_medium,merging,prediction_planner,prediction_planner,cd25d8be47ea6cfd,differential_drive,30,0.0,1.0,0.1,0.9,1.0,8.8667,1.0,0.9829,-0.4536,c8a529aae1d251eac52d9663d1eeee5a48a5889de552d6acc33b1677ff7e5a8b
classic_merging_medium,merging,predictive_mppi,predictive_mppi,cd25d8be47ea6cfd,differential_drive,30,0.0,1.0,0.0,1.0,1.0,0.0,1.0,1.0,-0.2192,0263161e4a38b9b67079be00bc965a76385e3f8d7c914781dbfbb82d74529d3d
classic_merging_medium,merging,risk_dwa,risk_dwa,cd25d8be47ea6cfd,differential_drive,30,0.0,1.0,0.0,1.0,1.0,0.0,1.0,1.0,-0.2229,cd26c0572bd747981751b186a10c6400ce62ecf54d60a89a22e96169d4d9c11f
classic_merging_medium,merging,sacadrl,sacadrl,cd25d8be47ea6cfd,differential_drive,30,0.0,1.0,0.5333,0.4667,1.0,20.6,1.0,0.9534,-0.6264,1a16cb2b290678bdf2eeca487d02abf1d08cafab714cb3266d36951df7d20145
classic_merging_medium,merging,scenario_adaptive_hybrid_orca_v1,scenario_adaptive_hybrid_orca_v1,cd25d8be47ea6cfd,differential_drive,30,0.1667,0.7667,0.2333,0.5333,0.7667,79.0667,0.9657,0.9091,-0.6146,7ea40d1889167c71b32f83d8948e6412d268fc1c6aff6d41a8da9c59a0ddff53
classic_merging_medium,merging,scenario_adaptive_hybrid_orca_v2_collision_guard,scenario_adaptive_hybrid_orca_v2_collision_guard,cd25d8be47ea6cfd,differential_drive,30,0.1667,0.7667,0.2333,0.5333,0.7667,79.0667,0.9657,0.9091,-0.6146,5732046f8ee0c128297b5df766ee7ea3cc2e4994db429131db0284bce92c3c18
classic_merging_medium,merging,social_force,social_force,cd25d8be47ea6cfd,differential_drive,30,0.0,0.0667,0.0667,0.0,0.0667,0.3333,1.0,0.419,-1.1428,7a9921751ca9ea3f4921dbc3c10775b3f40892556e559d39ca83271932781e69
classic_merging_medium,merging,socnav_sampling,socnav_sampling,cd25d8be47ea6cfd,differential_drive,30,0.0,1.0,0.2667,0.7333,1.0,3.7667,1.0,0.9396,-0.3876,1ebac520a2c9a2b3428a984ec5a0dce0226569df2e77a0fb241bf15428a67bb1
classic_overtaking_low,overtaking,goal,goal,cd25d8be47ea6cfd,differential_drive,30,0.4333,0.5667,0.2,0.3667,0.5667,3.7667,0.8323,0.997,-0.2618,dcfe2f2a18dbdb76c0a4f9e4bd9beb620f0d9d99e67ec661fec38a4432dfe660
classic_overtaking_low,overtaking,guarded_ppo,guarded_ppo,cd25d8be47ea6cfd,differential_drive,30,0.0,1.0,0.0,1.0,1.0,0.3667,1.0,0.8765,-0.3727,817b9acef221d2740dcba03dac9eaff6723bf908fdd0d22394a849212abf64bd
classic_overtaking_low,overtaking,hybrid_rule_v3_fast_progress_static_escape,hybrid_rule_v3_fast_progress_static_escape,cd25d8be47ea6cfd,differential_drive,30,0.9667,0.0333,0.0333,0.0,0.0333,10.9333,0.3749,0.9262,-0.1672,b61e0227a63af271d542adcb86650787e458a6b97de3fd968282e269a2179baa
classic_overtaking_low,overtaking,hybrid_rule_v3_fast_progress_static_escape_continuous,hybrid_rule_v3_fast_progress_static_escape_continuous,cd25d8be47ea6cfd,differential_drive,30,0.9333,0.0667,0.0,0.0667,0.0667,6.0,0.3996,0.9474,-0.1364,480d459cebc2d9a656036565dfc89ea1c30a3dd283622b765a15b8b525d303b1
classic_overtaking_low,overtaking,orca,orca,cd25d8be47ea6cfd,differential_drive,30,0.7333,0.2667,0.2333,0.0333,0.2667,9.2,0.5605,0.8955,-0.2991,3e9f0b0c1acc5c035ea47adfb5cf11c6d750e44b1820958fc519d9a1ad0b3fe9
classic_overtaking_low,overtaking,ppo,ppo,cd25d8be47ea6cfd,differential_drive,30,0.9333,0.0667,0.0333,0.0333,0.0667,8.3,0.3804,0.8529,-0.1778,114b4526deb9d991ab56a93ef29ae7325263b12961dccb38093633650698b112
classic_overtaking_low,overtaking,prediction_planner,prediction_planner,cd25d8be47ea6cfd,differential_drive,30,0.5667,0.4333,0.1,0.3333,0.4333,12.4667,0.6828,0.9554,-0.2246,ad6ba9f060ecb3fa2b70e1b532abbc63db6fcaeceb11b9044cd9723d8cd7492b
classic_overtaking_low,overtaking,predictive_mppi,predictive_mppi,cd25d8be47ea6cfd,differential_drive,30,0.0,0.6667,0.0,0.6667,0.6667,0.6667,1.0,0.8287,-0.6359,2960df2eb091aeed2f917bb673ea7b36d506b4ac5fe881811e2907b5ae9a6808
classic_overtaking_low,overtaking,risk_dwa,risk_dwa,cd25d8be47ea6cfd,differential_drive,30,0.0,0.5667,0.0,0.5667,0.5667,2.9,1.0,0.7739,-0.702,fb9e4c9bf62a22b5ca75c606e900e84744b8dd796ce1f4a7ed86adfebefec9d8
classic_overtaking_low,overtaking,sacadrl,sacadrl,cd25d8be47ea6cfd,differential_drive,30,0.0,1.0,0.0,1.0,1.0,4.0,1.0,0.996,-0.5045,cff93fa4b0bbdf4fc65a549a8ef92bb2e8167cd6caddb2068780eb9579bf3f98
classic_overtaking_low,overtaking,scenario_adaptive_hybrid_orca_v1,scenario_adaptive_hybrid_orca_v1,cd25d8be47ea6cfd,differential_drive,30,0.9333,0.0667,0.0333,0.0333,0.0667,10.1,0.3934,0.9274,-0.1782,3d2f76c702f9cf505ce5ace6c57f9b209ee06e7d8592b23107d634d44ed72998
classic_overtaking_low,overtaking,scenario_adaptive_hybrid_orca_v2_collision_guard,scenario_adaptive_hybrid_orca_v2_collision_guard,cd25d8be47ea6cfd,differential_drive,30,0.9333,0.0667,0.0333,0.0333,0.0667,10.1,0.3934,0.9274,-0.1782,92d8cd61985030738a0a098eec6ecf788f97a4d144ed961857727c04c7b1f804
classic_overtaking_low,overtaking,social_force,social_force,cd25d8be47ea6cfd,differential_drive,30,0.0,0.0333,0.0333,0.0,0.0333,2.7333,1.0,0.251,-1.1349,613c5494c840cc6734a405b67907a9f54811b96262ed536d27f4c893d1c44c4b
classic_overtaking_low,overtaking,socnav_sampling,socnav_sampling,cd25d8be47ea6cfd,differential_drive,30,0.5667,0.4333,0.2667,0.1667,0.4333,2.9667,0.6239,0.9367,-0.2255,1a3c0e2ae2eb0905af3622c45be2ce3aa4d44aeaa9fff539672f49beee7d5f89
classic_overtaking_medium,overtaking,goal,goal,cd25d8be47ea6cfd,differential_drive,30,0.4,0.6,0.3333,0.2667,0.6,6.3333,0.8453,0.9974,-0.3272,701098f2ebe9f7de180771489da284f9f682ff72aa62266a0fde034c7fed217b
classic_overtaking_medium,overtaking,guarded_ppo,guarded_ppo,cd25d8be47ea6cfd,differential_drive,30,0.0,0.8667,0.0,0.8667,0.8667,3.5333,1.0,0.8685,-0.5543,6a3deb453c59d3c8fd860b2712c03850a7f064fea8271ff6ccbd15781fa64cd9
classic_overtaking_medium,overtaking,hybrid_rule_v3_fast_progress_static_escape,hybrid_rule_v3_fast_progress_static_escape,cd25d8be47ea6cfd,differential_drive,30,0.8667,0.1333,0.0,0.1333,0.1333,16.7667,0.4509,0.9295,-0.252,47c93eb5003bbd8a31b3cb0b986c6369f9a766a245fc4e7efba908dde44c710b
classic_overtaking_medium,overtaking,hybrid_rule_v3_fast_progress_static_escape_continuous,hybrid_rule_v3_fast_progress_static_escape_continuous,cd25d8be47ea6cfd,differential_drive,30,0.9,0.0667,0.0,0.0667,0.0667,9.3333,0.4332,0.9517,-0.2065,fec863a7bb8bf28909ad3a741c2d8efd43c8f3579050ab9684fb997927617afb
classic_overtaking_medium,overtaking,orca,orca,cd25d8be47ea6cfd,differential_drive,30,0.5667,0.4333,0.2667,0.1667,0.4333,17.2,0.6972,0.8519,-0.5185,e9821cc5fd6bba1bd0aa9e4f18514b7b3b7b2d87d6fd9dc7b8e261a9ba0905a2
classic_overtaking_medium,overtaking,ppo,ppo,cd25d8be47ea6cfd,differential_drive,30,0.8667,0.1333,0.1333,0.0,0.1333,12.9333,0.4389,0.7638,-0.2759,d62e9e7ebf0980c8b878decefdf91b686d99eb9ad81712338210d56f1b55d68b
classic_overtaking_medium,overtaking,prediction_planner,prediction_planner,cd25d8be47ea6cfd,differential_drive,30,0.5333,0.4667,0.1,0.3667,0.4667,15.3,0.7117,0.9564,-0.275,6e92e46f3dade074504ad5001a82be53ca8f16953302b314a873035f6b898a74
classic_overtaking_medium,overtaking,predictive_mppi,predictive_mppi,cd25d8be47ea6cfd,differential_drive,30,0.0,0.6667,0.0,0.6667,0.6667,7.7667,1.0,0.8285,-0.6897,bd4db172e7cdd41524f3d3bb8ade8ec8a1875f93ebe0fc48cae616995e5dfde8
classic_overtaking_medium,overtaking,risk_dwa,risk_dwa,cd25d8be47ea6cfd,differential_drive,30,0.0,0.5667,0.0,0.5667,0.5667,10.8,1.0,0.7746,-0.7697,a89e0df9868594fdde0e9c40b71d7098e7fd94573b25cb248b83ae15c8a63ef5
classic_overtaking_medium,overtaking,sacadrl,sacadrl,cd25d8be47ea6cfd,differential_drive,30,0.0,1.0,0.1333,0.8667,1.0,7.7,1.0,0.9908,-0.5639,0b37029c24f25f85965c45dfaf02ad5129fd4db4765845c467fc7a7e3bfdadc7
classic_overtaking_medium,overtaking,scenario_adaptive_hybrid_orca_v1,scenario_adaptive_hybrid_orca_v1,cd25d8be47ea6cfd,differential_drive,30,0.9,0.1,0.0,0.1,0.1,16.4,0.4314,0.9281,-0.2413,124587c5aa9af13ac90aab4aba29300388bef234f9a4cfd28b4ff7590a8a2d41
classic_overtaking_medium,overtaking,scenario_adaptive_hybrid_orca_v2_collision_guard,scenario_adaptive_hybrid_orca_v2_collision_guard,cd25d8be47ea6cfd,differential_drive,30,0.9,0.1,0.0,0.1,0.1,16.4,0.4314,0.9281,-0.2413,72e4fbcebbc9c053aaf62357df92eb73af015fdfa5f4faece0076f6955c12cff
classic_overtaking_medium,overtaking,social_force,social_force,cd25d8be47ea6cfd,differential_drive,30,0.0,0.0333,0.0333,0.0,0.0333,4.6667,1.0,0.2492,-1.175,9c82784fd7d131fa65bd6c0cf441a355c430bf7df868d9d1f571c7cdda101c03
classic_overtaking_medium,overtaking,socnav_sampling,socnav_sampling,cd25d8be47ea6cfd,differential_drive,30,0.4,0.6,0.3,0.3,0.6,4.6333,0.7413,0.9362,-0.3669,04d7952ed19101c092b85bb1b081ccd206532ff71ed3447f00f2da94be555770
classic_realworld_double_bottleneck_high,bottleneck,goal,goal,cd25d8be47ea6cfd,differential_drive,30,0.2333,0.7667,0.7667,0.0,0.7667,40.1333,0.9536,1.0,-0.4072,c81ae2c3d111ab1c1f4e7c966af73fad21309ed13c44855b8c0ca5aff9d9f992
classic_realworld_double_bottleneck_high,bottleneck,guarded_ppo,guarded_ppo,cd25d8be47ea6cfd,differential_drive,30,0.0,0.0,0.0,0.0,0.0,60.0,1.0,1.0,-0.7092,b718c451f7d6e3f21a1d1a3bb80f181f262bb52c06070975d2091161b9fb2190
classic_realworld_double_bottleneck_high,bottleneck,hybrid_rule_v3_fast_progress_static_escape,hybrid_rule_v3_fast_progress_static_escape,cd25d8be47ea6cfd,differential_drive,30,1.0,0.0,0.0,0.0,0.0,39.6333,0.6123,0.9981,-0.1926,bd23c7b185a03d707d73f05d459b60c6bcdbcbd14bb0b64fb914d7c65e196d12
classic_realworld_double_bottleneck_high,bottleneck,hybrid_rule_v3_fast_progress_static_escape_continuous,hybrid_rule_v3_fast_progress_static_escape_continuous,cd25d8be47ea6cfd,differential_drive,30,1.0,0.0,0.0,0.0,0.0,21.9,0.5964,0.9976,-0.125,f67b72af57d1207302a5665198e630a3866895d8f04b0fa74e86686ef23c4adc
classic_realworld_double_bottleneck_high,bottleneck,orca,orca,cd25d8be47ea6cfd,differential_drive,30,0.3333,0.6667,0.3667,0.3,0.6667,35.8,0.8609,0.9875,-0.4861,da718f7fbbd4d486938e0ce1c4f06552e135d997fb108e69aafb428144e62990
classic_realworld_double_bottleneck_high,bottleneck,ppo,ppo,cd25d8be47ea6cfd,differential_drive,30,0.0,1.0,0.3,0.7333,1.0333,8.6667,1.0,0.946,-0.6952,01f85614b43ab64c39963e7042a2017313e23d7c8d3463e18aa6906386c876b1
classic_realworld_double_bottleneck_high,bottleneck,prediction_planner,prediction_planner,cd25d8be47ea6cfd,differential_drive,30,0.5333,0.4667,0.4667,0.0,0.4667,110.7,0.8186,1.0,-0.3722,9c4240772dc5657aa6f964dd1f0694f83a77b09957196019e71092f79c25cc2d
classic_realworld_double_bottleneck_high,bottleneck,predictive_mppi,predictive_mppi,cd25d8be47ea6cfd,differential_drive,30,0.0333,0.9667,0.2,0.7667,0.9667,16.0,0.9896,0.9982,-0.4151,0e7b46a050038623bd5fdaec6b70bcff2cf9e7ded121920faa031075f6ea2419
classic_realworld_double_bottleneck_high,bottleneck,risk_dwa,risk_dwa,cd25d8be47ea6cfd,differential_drive,30,0.0,1.0,0.7,0.3,1.0,51.0667,1.0,0.981,-0.4525,36da63784b7d51936f1d5fe23349b7e199ed207ef8364f16b6806a0383b9926a
classic_realworld_double_bottleneck_high,bottleneck,sacadrl,sacadrl,cd25d8be47ea6cfd,differential_drive,30,0.0,1.0,0.0667,0.9333,1.0,17.7667,1.0,1.0,-0.6025,786c6ba3a35e0887c6d8c6d4b1b1a1f16cc23cf542f2feec06d46200088fcbb4
classic_realworld_double_bottleneck_high,bottleneck,scenario_adaptive_hybrid_orca_v1,scenario_adaptive_hybrid_orca_v1,cd25d8be47ea6cfd,differential_drive,30,1.0,0.0,0.0,0.0,0.0,39.6333,0.6123,0.9981,-0.1926,8467034227f11035f3fe7ab6500aab13e61be83109e9fa032010e4a9cd0f506b
classic_realworld_double_bottleneck_high,bottleneck,scenario_adaptive_hybrid_orca_v2_collision_guard,scenario_adaptive_hybrid_orca_v2_collision_guard,cd25d8be47ea6cfd,differential_drive,30,1.0,0.0,0.0,0.0,0.0,39.6333,0.6123,0.9981,-0.1926,23d069acda24095e2f7688d406003d54ecedb2b7d88f2ea043ab92f540ca9c79
classic_realworld_double_bottleneck_high,bottleneck,social_force,social_force,cd25d8be47ea6cfd,differential_drive,30,0.0,0.5333,0.5333,0.0,0.5333,6.5333,1.0,0.1472,-1.0254,2f8200b46983d0ae6d9a37a8b6999194ebee33d0f240f0dbccdaf8e40b4a446e
classic_realworld_double_bottleneck_high,bottleneck,socnav_sampling,socnav_sampling,cd25d8be47ea6cfd,differential_drive,30,0.0,1.0,0.9333,0.0667,1.0,8.1667,1.0,0.9882,-0.4314,b3a1d5ab37429100fdae90b92054cc51aef9b257673b344379c6014c96edd585
classic_station_platform_medium,station_platform,goal,goal,cd25d8be47ea6cfd,differential_drive,30,0.0,1.0,1.0,0.0,1.0,16.7667,1.0,1.0,-0.4474,fec553f6d3d39f6551b8c9fd7d9eb32a337626850991af5aabb808414b740a29
classic_station_platform_medium,station_platform,guarded_ppo,guarded_ppo,cd25d8be47ea6cfd,differential_drive,30,0.0,0.3667,0.3333,0.0333,0.3667,4.1,1.0,0.994,-0.2145,a8e70f0078ba030b03cec2b4d1d13c9c07b2014e31f72882769df8dc45460a59
classic_station_platform_medium,station_platform,hybrid_rule_v3_fast_progress_static_escape,hybrid_rule_v3_fast_progress_static_escape,cd25d8be47ea6cfd,differential_drive,30,0.1667,0.5333,0.5333,0.0,0.5333,88.9333,0.9919,0.9502,-0.4675,908bb307f4d831306e22c181e6a9772ee21764150e200d44bfbd96987b34d7e3
classic_station_platform_medium,station_platform,hybrid_rule_v3_fast_progress_static_escape_continuous,hybrid_rule_v3_fast_progress_static_escape_continuous,cd25d8be47ea6cfd,differential_drive,30,0.2,0.4333,0.4,0.0333,0.4333,73.9,0.9926,0.9441,-0.5327,232f29c9dd9acfea218bce5b62dc6f9e466e3ea075f86a75340ab2c16200ecef
classic_station_platform_medium,station_platform,orca,orca,cd25d8be47ea6cfd,differential_drive,30,0.1333,0.7333,0.5333,0.2,0.7333,31.0,0.9831,0.9143,-0.5886,f47a293e04b9cd801e74094fc8396a6ab8ee17ecba7d506f729f70ed36cc0379
classic_station_platform_medium,station_platform,ppo,ppo,cd25d8be47ea6cfd,differential_drive,30,0.0,0.7,0.4,0.3,0.7,9.3333,1.0,0.5711,-0.4814,77af245536cf6ce972ba007e6ed42ca1fd09a41fcac5bc80ce4045182d45575d
classic_station_platform_medium,station_platform,prediction_planner,prediction_planner,cd25d8be47ea6cfd,differential_drive,30,0.0,0.8667,0.8667,0.0,0.8667,66.8333,1.0,0.9887,-0.4749,c96d7c8b0dbf85ea35ab62f87f1c051353a1222928802032ede443411dbe5acd
classic_station_platform_medium,station_platform,predictive_mppi,predictive_mppi,cd25d8be47ea6cfd,differential_drive,30,0.0,0.3667,0.3333,0.0333,0.3667,21.3667,1.0,0.8035,-0.6469,933ce87581af47e6ad91dbcfb4ade512508592ddb8a4f51e0768b71a15544e9a
classic_station_platform_medium,station_platform,risk_dwa,risk_dwa,cd25d8be47ea6cfd,differential_drive,30,0.0,0.6,0.5333,0.0667,0.6,20.6333,1.0,0.8228,-0.5452,870d2a85a6d85ba566585bfa2dadd31e10212d8db5f565771b10b1e5d6cee528
classic_station_platform_medium,station_platform,sacadrl,sacadrl,cd25d8be47ea6cfd,differential_drive,30,0.0,0.9667,0.9333,0.0333,0.9667,18.7667,1.0,0.9884,-0.589,e813f680057a464300546172d69bdb15011397389e9f972661e948f0ce874687
classic_station_platform_medium,station_platform,scenario_adaptive_hybrid_orca_v1,scenario_adaptive_hybrid_orca_v1,cd25d8be47ea6cfd,differential_drive,30,0.1667,0.5333,0.5333,0.0,0.5333,88.9333,0.9919,0.9502,-0.4675,c248d38de9bea4b43ded9f7835cfdb1cf1058bd1cf6866e181520f83391b7525
classic_station_platform_medium,station_platform,scenario_adaptive_hybrid_orca_v2_collision_guard,scenario_adaptive_hybrid_orca_v2_collision_guard,cd25d8be47ea6cfd,differential_drive,30,0.1667,0.5333,0.5333,0.0,0.5333,88.9333,0.9919,0.9502,-0.4675,f7f64d51c7b400427a5c54604483c8c1bda4ff798d4eb939100ff6d83562f0a1
classic_station_platform_medium,station_platform,social_force,social_force,cd25d8be47ea6cfd,differential_drive,30,0.0,0.3667,0.3667,0.0,0.3667,7.3333,1.0,0.5749,-1.0585,88141aecefbaf9c9971825c1dc980413eb487bd2b4364b30a0de5887331c21ba
classic_station_platform_medium,station_platform,socnav_sampling,socnav_sampling,cd25d8be47ea6cfd,differential_drive,30,0.0,1.0,0.4,0.6,1.0,0.7333,1.0,1.0,-0.4656,74aa2842c47e327989f1eec146bdb7d12264c215cd94c7b7f3436ba4cbc8c3b8
classic_t_intersection_low,t_intersection,goal,goal,cd25d8be47ea6cfd,differential_drive,30,0.0,1.0,0.0,1.0,1.0,0.0,1.0,1.0,-0.3693,6b87e30a221877abcb84f0eec1f32a6e3a3da05275e0cc001f2bc036a872e3ed
classic_t_intersection_low,t_intersection,guarded_ppo,guarded_ppo,cd25d8be47ea6cfd,differential_drive,30,0.1333,0.8667,0.0,0.8667,0.8667,3.0333,0.9131,0.9795,-0.3532,2b78e2ce803f73af282d9ae77c1f3e770edcf353ebc4b25c6699c3034081b7e0
classic_t_intersection_low,t_intersection,hybrid_rule_v3_fast_progress_static_escape,hybrid_rule_v3_fast_progress_static_escape,cd25d8be47ea6cfd,differential_drive,30,0.9,0.1,0.0333,0.0667,0.1,18.8333,0.35,0.9524,-0.1053,9595179089c586e12be61a5748093b288c4880d9259cb168a1fbeafcddf35ccd
classic_t_intersection_low,t_intersection,hybrid_rule_v3_fast_progress_static_escape_continuous,hybrid_rule_v3_fast_progress_static_escape_continuous,cd25d8be47ea6cfd,differential_drive,30,0.6333,0.1333,0.0,0.1333,0.1333,9.0333,0.5423,0.966,-0.2729,c9793aaa1cd53f9273200839e7eadfe19841d52839873192c74d5a45a1986169
classic_t_intersection_low,t_intersection,orca,orca,cd25d8be47ea6cfd,differential_drive,30,0.9,0.1,0.0333,0.0667,0.1,6.8667,0.3577,0.9344,-0.0987,2009374dd2224ded0038607976ad666ab0af38445f61d13a892a9542706c8e4c
classic_t_intersection_low,t_intersection,ppo,ppo,cd25d8be47ea6cfd,differential_drive,30,0.5333,0.4667,0.0,0.4667,0.4667,0.5667,0.6111,0.996,-0.1944,ccf16b90007df989c4b79efb1e79cf86326d352a7999e3b765e1a023353adf0d
classic_t_intersection_low,t_intersection,prediction_planner,prediction_planner,cd25d8be47ea6cfd,differential_drive,30,0.5,0.5,0.0333,0.4667,0.5,4.3667,0.6582,0.9798,-0.1647,667af869dea214156b88e47fb1b2d0492ec06f108418047c0f593548655aa40a
classic_t_intersection_low,t_intersection,predictive_mppi,predictive_mppi,cd25d8be47ea6cfd,differential_drive,30,0.0,1.0,0.0,1.0,1.0,0.0,1.0,1.0,-0.2513,d975266b5865621ca0036a7d454c66adec8ca7b71eb4b99a6058cfd277fc6d81
classic_t_intersection_low,t_intersection,risk_dwa,risk_dwa,cd25d8be47ea6cfd,differential_drive,30,0.0,0.9667,0.0,0.9667,0.9667,0.0,1.0,0.9739,-0.2958,af5c13325cf8270fbfc1dcc00c384576cfcc28930fd5d0a5e19365758f882c4a
classic_t_intersection_low,t_intersection,sacadrl,sacadrl,cd25d8be47ea6cfd,differential_drive,30,0.0333,0.9667,0.0,0.9667,0.9667,0.0,0.9818,0.999,-0.4279,1ed24f20ebf01620e29541c99c562b727161dc0146c07a265760240e5b0965e6
classic_t_intersection_low,t_intersection,scenario_adaptive_hybrid_orca_v1,scenario_adaptive_hybrid_orca_v1,cd25d8be47ea6cfd,differential_drive,30,0.9,0.1,0.0333,0.0667,0.1,18.8333,0.35,0.9524,-0.1053,8e6861aca07930863de554a5a3e29b840898fdfdf524db9217b4f0d6578fcbe4
classic_t_intersection_low,t_intersection,scenario_adaptive_hybrid_orca_v2_collision_guard,scenario_adaptive_hybrid_orca_v2_collision_guard,cd25d8be47ea6cfd,differential_drive,30,0.9,0.1,0.0333,0.0667,0.1,18.8333,0.35,0.9524,-0.1053,3f4ae1ec2e5d2a546e1c7203207b4fcc54b0d8f948f2def3735b3ad67b5de3c8
classic_t_intersection_low,t_intersection,social_force,social_force,cd25d8be47ea6cfd,differential_drive,30,0.0,1.0,0.0,1.0,1.0,0.0,1.0,0.9755,-0.8614,877cb49a1ff4fb729e3cbd4f79a44acd45f49c7611ff747c83a3e9c0353af6b0
classic_t_intersection_low,t_intersection,socnav_sampling,socnav_sampling,cd25d8be47ea6cfd,differential_drive,30,0.5333,0.4667,0.3667,0.1,0.4667,3.3,0.5959,0.9758,-0.1457,4f008c3f0c2d5c1878063595a7cd495cd13da05b24b7c17ff4f50cd370b0b6a6
classic_t_intersection_medium,t_intersection,goal,goal,cd25d8be47ea6cfd,differential_drive,30,0.0,1.0,0.0,1.0,1.0,0.0,1.0,1.0,-0.3762,176f4fa93c8030caddc3c69f89a8cdd43a115b9d93970aa9e909110d52dc4d52
classic_t_intersection_medium,t_intersection,guarded_ppo,guarded_ppo,cd25d8be47ea6cfd,differential_drive,30,0.2,0.8,0.0,0.8,0.8,4.5333,0.8859,0.9963,-0.4433,b824d715ffd8130c3ab4f102ea25a13ebef20c705570bbb002e83874eb36775d
classic_t_intersection_medium,t_intersection,hybrid_rule_v3_fast_progress_static_escape,hybrid_rule_v3_fast_progress_static_escape,cd25d8be47ea6cfd,differential_drive,30,0.8333,0.1667,0.0333,0.1333,0.1667,19.3,0.4026,0.9566,-0.1471,78a7c4d25af10c228d5def770e05447a483dbae9c0b2bbf63a97c0e79ec96b9b
classic_t_intersection_medium,t_intersection,hybrid_rule_v3_fast_progress_static_escape_continuous,hybrid_rule_v3_fast_progress_static_escape_continuous,cd25d8be47ea6cfd,differential_drive,30,0.6,0.1667,0.0,0.1667,0.1667,6.1,0.5666,0.9671,-0.307,d7daf11184fee042397b6cab7899eecaca5490358fdf11d1ad619bcb03475c41
classic_t_intersection_medium,t_intersection,orca,orca,cd25d8be47ea6cfd,differential_drive,30,0.7667,0.2333,0.1667,0.0667,0.2333,12.8667,0.4621,0.9378,-0.1921,dca9c40535e916efa72a685248137d4a7e231752dcac418029d8c7f683a407af
classic_t_intersection_medium,t_intersection,ppo,ppo,cd25d8be47ea6cfd,differential_drive,30,0.4333,0.5667,0.0,0.5667,0.5667,0.8,0.6875,0.9964,-0.2557,de5428f0edb0322d5f17fee31a5671127b77f59679bfee1cfc29f783fde141bf
classic_t_intersection_medium,t_intersection,prediction_planner,prediction_planner,cd25d8be47ea6cfd,differential_drive,30,0.4667,0.5333,0.0,0.5333,0.5333,4.1,0.6824,0.9832,-0.1955,f74be1f28b6dfd9d51fe1b7cc65f4f4e0b7107ccbf11a5df991876f4fde53cc7
classic_t_intersection_medium,t_intersection,predictive_mppi,predictive_mppi,cd25d8be47ea6cfd,differential_drive,30,0.0,1.0,0.0,1.0,1.0,0.0,1.0,1.0,-0.2565,7679027c6c76caee4df6c78bc2ba866b8084125390eae69439e537f08705cc4d
classic_t_intersection_medium,t_intersection,risk_dwa,risk_dwa,cd25d8be47ea6cfd,differential_drive,30,0.0,0.9667,0.0,0.9667,0.9667,0.0,1.0,0.9739,-0.3007,630cf9977cc16ae3d0e0c5e7cfaef24187dc0062d77c48d37b1025e235e255b4
classic_t_intersection_medium,t_intersection,sacadrl,sacadrl,cd25d8be47ea6cfd,differential_drive,30,0.0333,0.9667,0.0,0.9667,0.9667,0.0,0.9812,0.9997,-0.4396,9b2848fcdd2733f642c0241032369e8265af8ffc5ef20da4ee1f6f5ec0213943
classic_t_intersection_medium,t_intersection,scenario_adaptive_hybrid_orca_v1,scenario_adaptive_hybrid_orca_v1,cd25d8be47ea6cfd,differential_drive,30,0.8333,0.1667,0.0333,0.1333,0.1667,19.4,0.4027,0.9565,-0.1472,c7882777bd9662df2a06208aa4938676184dae3d2373da3ed24750ca18c7bef8
classic_t_intersection_medium,t_intersection,scenario_adaptive_hybrid_orca_v2_collision_guard,scenario_adaptive_hybrid_orca_v2_collision_guard,cd25d8be47ea6cfd,differential_drive,30,0.8333,0.1667,0.0333,0.1333,0.1667,19.4,0.4027,0.9565,-0.1472,40f0f561e43ce79ed993eb757c803e76a8981ebe7307428095a531fd03a8c791
classic_t_intersection_medium,t_intersection,social_force,social_force,cd25d8be47ea6cfd,differential_drive,30,0.0,1.0,0.0,1.0,1.0,0.0,1.0,0.9755,-0.8674,b78b62183f3deeb38e1246a93c23d1b8f54630c31a9c14443c545ebb0208e7e1
classic_t_intersection_medium,t_intersection,socnav_sampling,socnav_sampling,cd25d8be47ea6cfd,differential_drive,30,0.4667,0.5333,0.4333,0.1,0.5333,4.0333,0.6468,0.9779,-0.1934,9b7f3f26dbe1286eef64f418f585f198d80ab3dddfb66bab02d3e649a37db74d
classic_urban_crossing_medium,crossing,goal,goal,cd25d8be47ea6cfd,differential_drive,30,0.7667,0.2333,0.2333,0.0,0.2333,8.3,0.6377,1.0,-0.0629,ca687185629e388bff7e6d25ba34ef0c1cc94398b6562207f7871a71eed75913
classic_urban_crossing_medium,crossing,guarded_ppo,guarded_ppo,cd25d8be47ea6cfd,differential_drive,30,0.0333,0.2,0.0,0.2,0.2,49.6667,0.9896,1.0,-0.941,3e8e40cbf9b57f29763be7119ab64a98f49aa620797cac13ee4a5f82bc4ebe0d
classic_urban_crossing_medium,crossing,hybrid_rule_v3_fast_progress_static_escape,hybrid_rule_v3_fast_progress_static_escape,cd25d8be47ea6cfd,differential_drive,30,0.9333,0.0,0.0,0.0,0.0,5.8667,0.3357,1.0,-0.0082,528fa16e9923a0bcbd611add9adfa8f3bb493b2e9881c8694bb18d1b4c896909
classic_urban_crossing_medium,crossing,hybrid_rule_v3_fast_progress_static_escape_continuous,hybrid_rule_v3_fast_progress_static_escape_continuous,cd25d8be47ea6cfd,differential_drive,30,0.9,0.0,0.0,0.0,0.0,6.1667,0.3661,1.0,0.0547,c2a4b81d3edb2bd11459794ad301ea1bde30fc482b1f663d3a7cc8d15b4a628c
classic_urban_crossing_medium,crossing,orca,orca,cd25d8be47ea6cfd,differential_drive,30,0.9,0.1,0.0667,0.0333,0.1,3.6,0.355,0.9995,0.0657,51d2bd887b31835e9d4c18f16383f1cf032cc277009ffa0347db874f398bd6a0
classic_urban_crossing_medium,crossing,ppo,ppo,cd25d8be47ea6cfd,differential_drive,30,0.9,0.1,0.0,0.1,0.1,7.1333,0.3656,0.9919,-0.0687,8aede1ca1aeb63f24c78515dad90a483407a62cebfc1fd0e496b7c8c1afbe531
classic_urban_crossing_medium,crossing,prediction_planner,prediction_planner,cd25d8be47ea6cfd,differential_drive,30,0.6667,0.3333,0.1,0.2333,0.3333,9.8,0.5698,1.0,-0.0956,36614fd6f2e9c3d174f1f1e27341adf5a0585926bf7387a25665f0e106b31c43
classic_urban_crossing_medium,crossing,predictive_mppi,predictive_mppi,cd25d8be47ea6cfd,differential_drive,30,0.0667,0.9333,0.0333,0.9,0.9333,15.7333,0.9612,0.9918,-0.3587,fd7c813da6140852ab479cda2cf9f625b81ae07c9c1462453107bf37ad32227c
classic_urban_crossing_medium,crossing,risk_dwa,risk_dwa,cd25d8be47ea6cfd,differential_drive,30,0.0333,0.9667,0.0667,0.9,0.9667,9.8,0.9821,0.9814,-0.3434,9dd73d1e5cc1291ea7f6ffcf9a1913fd630fdab8f21a89f102a5b213b04722fa
classic_urban_crossing_medium,crossing,sacadrl,sacadrl,cd25d8be47ea6cfd,differential_drive,30,0.0667,0.9333,0.0333,0.9,0.9333,0.8667,0.9688,1.0,-0.7347,56df7172145e88924591ca0df082dc404baaa435d7c341ec71c9208f9ba11bf3
classic_urban_crossing_medium,crossing,scenario_adaptive_hybrid_orca_v1,scenario_adaptive_hybrid_orca_v1,cd25d8be47ea6cfd,differential_drive,30,0.9333,0.0,0.0,0.0,0.0,5.8667,0.3357,1.0,-0.0082,2344c410db6b1b0867eb86b8a581bfffe5deaa9dbaecda9d78eef2c1ad162043
classic_urban_crossing_medium,crossing,scenario_adaptive_hybrid_orca_v2_collision_guard,scenario_adaptive_hybrid_orca_v2_collision_guard,cd25d8be47ea6cfd,differential_drive,30,0.9333,0.0,0.0,0.0,0.0,5.8667,0.3357,1.0,-0.0082,df061d94f7a9dc53ed6370a47b8a9afd743742f033f476ebe270cbb9a57d36e8
classic_urban_crossing_medium,crossing,social_force,social_force,cd25d8be47ea6cfd,differential_drive,30,0.0,0.8333,0.0,0.8333,0.8333,0.0,1.0,0.8375,-0.8845,574395793701ca42012cd4349e51044048ec591076316094633e3657731eca42
classic_urban_crossing_medium,crossing,socnav_sampling,socnav_sampling,cd25d8be47ea6cfd,differential_drive,30,0.4333,0.5667,0.2,0.3667,0.5667,1.4,0.6876,1.0,-0.0798,81afbbdcdf980b5d83c4da93649c9c235e8bb9a298bd850606cd4559a1933917
francis2023_accompanying_peer,accompanying_peer,goal,goal,cd25d8be47ea6cfd,differential_drive,30,1.0,0.0,0.0,0.0,0.0,0.0,0.5241,1.0,0.1387,67ab53608f55e321c9732e45a974e08fae2bde31469991d400e1449cbfd13325
francis2023_accompanying_peer,accompanying_peer,guarded_ppo,guarded_ppo,cd25d8be47ea6cfd,differential_drive,30,0.9333,0.0667,0.0,0.0667,0.0667,10.0,0.4037,0.9983,0.0558,841a0edbfa9e9ef9a2dbdcb24242c981e3dd89ca79a54f635ba861d341dc5103
francis2023_accompanying_peer,accompanying_peer,hybrid_rule_v3_fast_progress_static_escape,hybrid_rule_v3_fast_progress_static_escape,cd25d8be47ea6cfd,differential_drive,30,1.0,0.0,0.0,0.0,0.0,0.0,0.2772,1.0,0.1564,b7735d5e63bce44a13f73e44cb4878dd83d030aab1e12d0f6825999c86fde6b8
francis2023_accompanying_peer,accompanying_peer,hybrid_rule_v3_fast_progress_static_escape_continuous,hybrid_rule_v3_fast_progress_static_escape_continuous,cd25d8be47ea6cfd,differential_drive,30,1.0,0.0,0.0,0.0,0.0,0.0,0.2821,1.0,0.1497,2df36cfdfbff1c08ee1e57ccaa77ebcdb1da4623fce201e50c56dda35bb8fc39
francis2023_accompanying_peer,accompanying_peer,orca,orca,cd25d8be47ea6cfd,differential_drive,30,1.0,0.0,0.0,0.0,0.0,0.0,0.2765,1.0,0.1588,b9b9f0e798be13440f54b1cf199236afbbe9510e708b1217571a4399dd49bdfd
francis2023_accompanying_peer,accompanying_peer,ppo,ppo,cd25d8be47ea6cfd,differential_drive,30,1.0,0.0,0.0,0.0,0.0,0.2667,0.2742,1.0,0.1278,e3652e063daeba8163b32c2963f5f8f38201785476f7db084b59288d9432e525
francis2023_accompanying_peer,accompanying_peer,prediction_planner,prediction_planner,cd25d8be47ea6cfd,differential_drive,30,0.9333,0.0667,0.0,0.0667,0.0667,0.0,0.4076,1.0,0.1284,25199be252e4b8212a08a5ff3c38ef2a838825a18a510c91984f9cb7fb0284c8
francis2023_accompanying_peer,accompanying_peer,predictive_mppi,predictive_mppi,cd25d8be47ea6cfd,differential_drive,30,0.1,0.5667,0.0,0.5667,0.5667,15.8333,0.9403,0.9372,-0.3392,81498084a9c77cb1aef6370e271cee35e1f21a033a24e3e63261c2ff817dbc20
francis2023_accompanying_peer,accompanying_peer,risk_dwa,risk_dwa,cd25d8be47ea6cfd,differential_drive,30,0.0,0.9,0.0,0.9,0.9,8.9667,1.0,0.8897,-0.4451,62c1f1e92dba2cef47807d1d53ff1cced1496ba365bb1091a89ad3423017396d
francis2023_accompanying_peer,accompanying_peer,sacadrl,sacadrl,cd25d8be47ea6cfd,differential_drive,30,0.0,1.0,0.0,1.0,1.0,0.0,1.0,1.0,-0.624,79a8da1a0c83bcd19cd8169e4e73b6190e28eced3339da4d1ee57a223b063da6
francis2023_accompanying_peer,accompanying_peer,scenario_adaptive_hybrid_orca_v1,scenario_adaptive_hybrid_orca_v1,cd25d8be47ea6cfd,differential_drive,30,1.0,0.0,0.0,0.0,0.0,0.0,0.2772,1.0,0.1564,2346399b448801735095190e9aca79570aa39139ab7b4f1ec66877c5ec535f99
francis2023_accompanying_peer,accompanying_peer,scenario_adaptive_hybrid_orca_v2_collision_guard,scenario_adaptive_hybrid_orca_v2_collision_guard,cd25d8be47ea6cfd,differential_drive,30,1.0,0.0,0.0,0.0,0.0,0.0,0.2772,1.0,0.1564,23fbe1ca7328182a2f48c277cfd99d5bd3706639b5b164e66888da0514d29ec0
francis2023_accompanying_peer,accompanying_peer,social_force,social_force,cd25d8be47ea6cfd,differential_drive,30,0.0,1.0,1.0,0.0,1.0,3.5,1.0,0.9884,-0.8524,78671292031209c993f41b95d4f42cbdcb60ac854d5074b80cafa3d19a58a1f6
francis2023_accompanying_peer,accompanying_peer,socnav_sampling,socnav_sampling,cd25d8be47ea6cfd,differential_drive,30,0.0,1.0,0.0,1.0,1.0,0.0,1.0,1.0,-0.2873,e935cf3584d06dc8f3dc81eea31c8538568805b5e7ed03b1be09123498e0a059
francis2023_blind_corner,blind_corner,goal,goal,cd25d8be47ea6cfd,differential_drive,30,0.0,1.0,1.0,0.0,1.0,6.0667,1.0,1.0,-0.372,cef4758efecd94f8236b71d45137cc7b75cacb50b127eee8843fca06873749d4
francis2023_blind_corner,blind_corner,guarded_ppo,guarded_ppo,cd25d8be47ea6cfd,differential_drive,30,0.0,1.0,0.0,1.0,1.0,0.0,1.0,1.0,-0.2002,ecf51c2c8030ab41442d6d1026113c3a1880007ff68b36b088667858d0052f64
francis2023_blind_corner,blind_corner,hybrid_rule_v3_fast_progress_static_escape,hybrid_rule_v3_fast_progress_static_escape,cd25d8be47ea6cfd,differential_drive,30,0.0,0.9,0.9,0.0,0.9,3.9333,1.0,1.0,-0.3255,8b8ea5d83fb125cbf9f654c15ac3be1f105cb271f732e123b76638d5f83e8ddb
francis2023_blind_corner,blind_corner,hybrid_rule_v3_fast_progress_static_escape_continuous,hybrid_rule_v3_fast_progress_static_escape_continuous,cd25d8be47ea6cfd,differential_drive,30,0.0,0.9,0.9,0.0,0.9,3.0667,1.0,1.0,-0.3303,711fd700efa61b2414e6c461f5d57932e08084970a7fc2707f3e77207724519e
francis2023_blind_corner,blind_corner,orca,orca,cd25d8be47ea6cfd,differential_drive,30,0.2,0.8,0.0,0.8,0.8,3.2667,0.8908,0.9854,-0.2912,763d13d5a6f9c10b203370a6ea85819b0a689ed21c92cf7b4d34c5f27b14ffbd
francis2023_blind_corner,blind_corner,ppo,ppo,cd25d8be47ea6cfd,differential_drive,30,0.7333,0.2667,0.0,0.2667,0.2667,5.9333,0.5336,0.9855,-0.1355,54f0da2b36352c08fea0a0ccd8c717a47a7cce43561a88f9a7b0c235589e4c4d
francis2023_blind_corner,blind_corner,prediction_planner,prediction_planner,cd25d8be47ea6cfd,differential_drive,30,0.0,1.0,0.4333,0.5667,1.0,1.9667,1.0,1.0,-0.2664,4d35b71e40b00de7d3e504b7c14a4f4115d4d9209a35abbf9040d6e47aa65c50
francis2023_blind_corner,blind_corner,predictive_mppi,predictive_mppi,cd25d8be47ea6cfd,differential_drive,30,0.0333,0.8333,0.0,0.8333,0.8333,3.2333,0.9841,0.9509,-0.2726,61374b75406301eb0b6126cb9e4143b420e94f3be17c650aa68803b4955793a9
francis2023_blind_corner,blind_corner,risk_dwa,risk_dwa,cd25d8be47ea6cfd,differential_drive,30,0.1,0.9,0.4667,0.4333,0.9,10.5333,0.9589,0.9873,-0.3456,737d51205db8b481475f9273505a12613943966c81b72ee47c70ef6d3cc04b46
francis2023_blind_corner,blind_corner,sacadrl,sacadrl,cd25d8be47ea6cfd,differential_drive,30,0.0,1.0,0.0,1.0,1.0,10.8,1.0,1.0,-0.6241,056208d9f05f283539cc72a9739a10b37f8b2139eb3b39ea06357a3f953a78ad
francis2023_blind_corner,blind_corner,scenario_adaptive_hybrid_orca_v1,scenario_adaptive_hybrid_orca_v1,cd25d8be47ea6cfd,differential_drive,30,0.0,0.9,0.9,0.0,0.9,3.9333,1.0,1.0,-0.3255,05ae59ab8ec38791ee45d16ef72a58a410121d21c2a23c802275c9e91aad37f9
francis2023_blind_corner,blind_corner,scenario_adaptive_hybrid_orca_v2_collision_guard,scenario_adaptive_hybrid_orca_v2_collision_guard,cd25d8be47ea6cfd,differential_drive,30,0.0,0.9,0.9,0.0,0.9,3.9333,1.0,1.0,-0.3255,a9578fb455be35bff75d9e14b3598b9a9a40e792210339ef9bf3667b0cc53e2e
francis2023_blind_corner,blind_corner,social_force,social_force,cd25d8be47ea6cfd,differential_drive,30,0.0,1.0,0.0,1.0,1.0,0.0,1.0,1.0,-0.6884,3fcb2af0b3a8c154f58f1d3aadd2327681a18ffeffeea1319a40f9cfc0f82976
francis2023_blind_corner,blind_corner,socnav_sampling,socnav_sampling,cd25d8be47ea6cfd,differential_drive,30,0.0,1.0,1.0,0.0,1.0,2.6,1.0,1.0,-0.2906,2485b2e3c36dec5957d0dd8e31be23542f80763668b278e4aae8121090eced07
francis2023_circular_crossing,circular_crossing,goal,goal,cd25d8be47ea6cfd,differential_drive,30,0.7667,0.2333,0.2333,0.0,0.2333,0.9667,0.3898,1.0,0.0336,c33eb46ba0906a2bbbfc52fecadbd6ab3ea87b0758f75b6f00fee43967b2cad7
francis2023_circular_crossing,circular_crossing,guarded_ppo,guarded_ppo,cd25d8be47ea6cfd,differential_drive,30,0.4,0.3333,0.2667,0.0667,0.3333,30.6,0.7442,0.9171,-0.3009,1ef3ea495e03b439294ed55bace81955865c86f953691e0c25f0e11103fa48cc
francis2023_circular_crossing,circular_crossing,hybrid_rule_v3_fast_progress_static_escape,hybrid_rule_v3_fast_progress_static_escape,cd25d8be47ea6cfd,differential_drive,30,0.7667,0.2333,0.2333,0.0,0.2333,1.4333,0.3247,1.0,0.026,6fd41a34c8c8f7682cb1339752a4e04250b8872a613339f36bc94c28011ec1a6
francis2023_circular_crossing,circular_crossing,hybrid_rule_v3_fast_progress_static_escape_continuous,hybrid_rule_v3_fast_progress_static_escape_continuous,cd25d8be47ea6cfd,differential_drive,30,0.7667,0.2333,0.2333,0.0,0.2333,1.8333,0.3283,1.0,0.0196,a847bc04b2a2714a10be83317b7fb86040e10aef0adf1fa192c61658170d348b
francis2023_circular_crossing,circular_crossing,orca,orca,cd25d8be47ea6cfd,differential_drive,30,0.7667,0.2333,0.2333,0.0,0.2333,0.7333,0.3286,1.0,0.0362,504ab1bea6dc2939041e1819a48f07be31ed7ec27c0914a6f0fa00de9b16665e
francis2023_circular_crossing,circular_crossing,ppo,ppo,cd25d8be47ea6cfd,differential_drive,30,0.7667,0.2333,0.2333,0.0,0.2333,0.8333,0.3202,1.0,-0.0525,9c1d98d419867e36bd7f4f11b4d7433e72962be29fb14b0ef4532ec349f5bba9
francis2023_circular_crossing,circular_crossing,prediction_planner,prediction_planner,cd25d8be47ea6cfd,differential_drive,30,0.7667,0.2333,0.2333,0.0,0.2333,1.0,0.3425,1.0,0.0421,de9247cc218a221777b8ef25a00092aaf5fcf6058fb171e35f9610ea401f55ca
francis2023_circular_crossing,circular_crossing,predictive_mppi,predictive_mppi,cd25d8be47ea6cfd,differential_drive,30,0.2667,0.7333,0.2667,0.4667,0.7333,7.4,0.7739,0.7533,-0.2567,43d04b0d2ec9f06afb2030723e574c85d924d7b18abb46a2f484ed439d53934d
francis2023_circular_crossing,circular_crossing,risk_dwa,risk_dwa,cd25d8be47ea6cfd,differential_drive,30,0.0667,0.9333,0.4667,0.4667,0.9333,8.2,0.9446,0.6925,-0.3854,e754f7c7a2a12c503a187d0b331500fbb9c0b302a9ede8a604356bbfb9bb6bf7
francis2023_circular_crossing,circular_crossing,sacadrl,sacadrl,cd25d8be47ea6cfd,differential_drive,30,0.7667,0.2333,0.2333,0.0,0.2333,0.9,0.3903,1.0,-0.0406,4c88193bc25e6338006f0072b3ced5a6c0a72425cfb19d440a76ecd663104c6b
francis2023_circular_crossing,circular_crossing,scenario_adaptive_hybrid_orca_v1,scenario_adaptive_hybrid_orca_v1,cd25d8be47ea6cfd,differential_drive,30,0.7667,0.2333,0.2333,0.0,0.2333,1.4333,0.3247,1.0,0.026,1c8fd6850904e26d5db0833a9214b0c6e9b2b5967c13652a7cfddb1caebb846c
francis2023_circular_crossing,circular_crossing,scenario_adaptive_hybrid_orca_v2_collision_guard,scenario_adaptive_hybrid_orca_v2_collision_guard,cd25d8be47ea6cfd,differential_drive,30,0.7667,0.2333,0.2333,0.0,0.2333,1.4333,0.3247,1.0,0.026,b0a1942d7781ce5b6a17a0dc57b022d124875bb80758a47ea16b1f475917de52
francis2023_circular_crossing,circular_crossing,social_force,social_force,cd25d8be47ea6cfd,differential_drive,30,0.0,0.2333,0.2333,0.0,0.2333,0.8,1.0,0.544,-0.94,f3600c34399dc129b5395d382e79fd5f92c6234cb13ddfdb3a1d8646a8836075
francis2023_circular_crossing,circular_crossing,socnav_sampling,socnav_sampling,cd25d8be47ea6cfd,differential_drive,30,0.7667,0.2333,0.2333,0.0,0.2333,0.7,0.3249,0.993,0.0019,497f2d7196b55febfd6d1f2e8fbea242049aac7932cfcd6bc070d8491a05ed51
francis2023_crowd_navigation,crowd_navigation,goal,goal,cd25d8be47ea6cfd,differential_drive,30,0.0667,0.9333,0.9333,0.0,0.9333,15.0333,0.9577,1.0,-0.4493,ff9a4aae78f3bbc1d31111a94da23ded4d33a933d0b8da819d404ccb2bd94119
francis2023_crowd_navigation,crowd_navigation,guarded_ppo,guarded_ppo,cd25d8be47ea6cfd,differential_drive,30,0.2,0.1333,0.0333,0.1,0.1333,109.8667,0.9235,0.9915,-0.5557,3ae914a5c8a9a6d8cdd16dddc5642dc74d4291318785c60626b8b270994c727f
francis2023_crowd_navigation,crowd_navigation,hybrid_rule_v3_fast_progress_static_escape,hybrid_rule_v3_fast_progress_static_escape,cd25d8be47ea6cfd,differential_drive,30,0.9,0.1,0.1,0.0,0.1,59.7,0.367,0.9999,-0.2478,4c3c557680dabc205c5108b9cf34f89983e22cc2108c9b025c994d8f2906cbf4
francis2023_crowd_navigation,crowd_navigation,hybrid_rule_v3_fast_progress_static_escape_continuous,hybrid_rule_v3_fast_progress_static_escape_continuous,cd25d8be47ea6cfd,differential_drive,30,0.9667,0.0333,0.0333,0.0,0.0333,52.5,0.3288,0.9987,-0.245,9d8d998c6507806e068a8f18ce7d85fc43c289000d046ea34774278c32f4bd30
francis2023_crowd_navigation,crowd_navigation,orca,orca,cd25d8be47ea6cfd,differential_drive,30,0.8667,0.1333,0.1333,0.0,0.1333,12.0667,0.3371,0.984,-0.2032,9e7edd267e078c24935190d86776d9a017efbba1d82379a5be4eb7ccf53cc8e7
francis2023_crowd_navigation,crowd_navigation,ppo,ppo,cd25d8be47ea6cfd,differential_drive,30,0.8667,0.0667,0.0333,0.0333,0.0667,10.0,0.3151,0.9336,-0.2052,f0db596eb6b4a6c8fa9dd8b651f3115275eb0f39ea9362dae777946f09ae4abe
francis2023_crowd_navigation,crowd_navigation,prediction_planner,prediction_planner,cd25d8be47ea6cfd,differential_drive,30,0.3,0.7,0.7,0.0,0.7,38.8,0.7999,1.0,-0.3654,0c886b1a09e740e8301f2bec02e9e8b1ecfa971b315dc4faa11e54e4ca66a1d7
francis2023_crowd_navigation,crowd_navigation,predictive_mppi,predictive_mppi,cd25d8be47ea6cfd,differential_drive,30,0.1667,0.3333,0.3333,0.0,0.3333,71.8333,0.8906,0.8577,-0.499,27d779ff651048b7109595d24c19dd2f8c8fb57e156a262988a416597aaee66d
francis2023_crowd_navigation,crowd_navigation,risk_dwa,risk_dwa,cd25d8be47ea6cfd,differential_drive,30,0.0667,0.7333,0.6,0.1333,0.7333,34.2,0.9569,0.8275,-0.5267,b9322fe4563978b5ae94d2bcc9ad4f290405df7bd8448f4be8d10123afa16c12
francis2023_crowd_navigation,crowd_navigation,sacadrl,sacadrl,cd25d8be47ea6cfd,differential_drive,30,0.8667,0.1333,0.1333,0.0,0.1333,7.8667,0.463,0.9998,-0.1681,596d16e9ac731a7e2169c8dea9765f25525a31dadc83d85f1ff5640a085ec243
francis2023_crowd_navigation,crowd_navigation,scenario_adaptive_hybrid_orca_v1,scenario_adaptive_hybrid_orca_v1,cd25d8be47ea6cfd,differential_drive,30,0.9,0.1,0.1,0.0,0.1,59.7,0.367,0.9999,-0.2478,897b4d20eebe2e1e040089d3022954d8be95ac166f106d2b1f0171ab469d01f0
francis2023_crowd_navigation,crowd_navigation,scenario_adaptive_hybrid_orca_v2_collision_guard,scenario_adaptive_hybrid_orca_v2_collision_guard,cd25d8be47ea6cfd,differential_drive,30,0.9,0.1,0.1,0.0,0.1,59.7,0.367,0.9999,-0.2478,011b4ac33d2a846ae31f942a32ebb393bb49efda58d7716cf1c74ccb03c0d707
francis2023_crowd_navigation,crowd_navigation,social_force,social_force,cd25d8be47ea6cfd,differential_drive,30,0.0,0.9667,0.9667,0.0,0.9667,14.6333,1.0,0.9881,-0.4661,2bd9c39376544c97a0fe5b9ccdaa78ffbb922a71dd40678d4b66e3175ea569fa
francis2023_crowd_navigation,crowd_navigation,socnav_sampling,socnav_sampling,cd25d8be47ea6cfd,differential_drive,30,0.0,1.0,0.0,1.0,1.0,0.0,1.0,1.0,-0.3661,58c1555da8a50fa463713a4a99273ccc868ac0efb4506ce5021450c42234ba35
francis2023_down_path,down_path,goal,goal,cd25d8be47ea6cfd,differential_drive,30,1.0,0.0,0.0,0.0,0.0,0.0,0.5241,1.0,0.1393,8a44d4d59f3e9f6210e699ae7c9cba7518ae0f33422fedad937ee4b63156a162
francis2023_down_path,down_path,guarded_ppo,guarded_ppo,cd25d8be47ea6cfd,differential_drive,30,0.0,0.0,0.0,0.0,0.0,0.0,1.0,1.0,-0.0971,dad89a906a3ffec2c9b8eb2942246e676500220a3d58a02f5fb99d04bf44e5b9
francis2023_down_path,down_path,hybrid_rule_v3_fast_progress_static_escape,hybrid_rule_v3_fast_progress_static_escape,cd25d8be47ea6cfd,differential_drive,30,1.0,0.0,0.0,0.0,0.0,0.0,0.2772,1.0,0.1575,aa7fab9536dc61b2d9f38683fa5ce7997cd148ee134012c83518cc9ff73dc3d7
francis2023_down_path,down_path,hybrid_rule_v3_fast_progress_static_escape_continuous,hybrid_rule_v3_fast_progress_static_escape_continuous,cd25d8be47ea6cfd,differential_drive,30,1.0,0.0,0.0,0.0,0.0,0.0,0.282,1.0,0.1515,d1f14b187e66fa63c43a214a8cef28a653a03609c2ae7c41c480b66bc06c8518
francis2023_down_path,down_path,orca,orca,cd25d8be47ea6cfd,differential_drive,30,1.0,0.0,0.0,0.0,0.0,0.0,0.2804,1.0,0.1524,7b9f60c9025b13a12d9347cdfb95319eed8d1a9fe27232d6b2255e71bb13602f
francis2023_down_path,down_path,ppo,ppo,cd25d8be47ea6cfd,differential_drive,30,1.0,0.0,0.0,0.0,0.0,0.0,0.2742,1.0,0.1435,bfc9b947c6ca1f406be91dff80b59ef1931710034bb421f320d01e6c366d8184
francis2023_down_path,down_path,prediction_planner,prediction_planner,cd25d8be47ea6cfd,differential_drive,30,0.9,0.1,0.0,0.1,0.1,0.0,0.4286,1.0,0.1174,39ee61672c75a07c44e4583852bbd62151e2e476013b6f2fce36286bbee219b2
francis2023_down_path,down_path,predictive_mppi,predictive_mppi,cd25d8be47ea6cfd,differential_drive,30,0.2333,0.2333,0.0,0.2333,0.2333,0.0,0.8665,0.9003,-0.1461,2bbeb93b7965840bcf185a9e77eb5372231f3cc89f6ead5a626b8dba425bf7fc
francis2023_down_path,down_path,risk_dwa,risk_dwa,cd25d8be47ea6cfd,differential_drive,30,0.0,0.4667,0.0,0.4667,0.4667,0.0,1.0,0.846,-0.2605,615c6837179a5b43f0fa59a244450849a77482a0ec134166e09eecbc6759d331
francis2023_down_path,down_path,sacadrl,sacadrl,cd25d8be47ea6cfd,differential_drive,30,0.0,1.0,0.0,1.0,1.0,0.0,1.0,1.0,-0.5308,fe1dc0922ecca29a32a73a178f4d54c359854ce516287773cb2a0a32e7ca13c8
francis2023_down_path,down_path,scenario_adaptive_hybrid_orca_v1,scenario_adaptive_hybrid_orca_v1,cd25d8be47ea6cfd,differential_drive,30,1.0,0.0,0.0,0.0,0.0,0.0,0.2772,1.0,0.1575,7654eaf04753cfbb492f600cb88e83aa4e601e7fefb1e921abb3d12b2b931e0a
francis2023_down_path,down_path,scenario_adaptive_hybrid_orca_v2_collision_guard,scenario_adaptive_hybrid_orca_v2_collision_guard,cd25d8be47ea6cfd,differential_drive,30,1.0,0.0,0.0,0.0,0.0,0.0,0.2772,1.0,0.1575,57ea43f430602164c3a382cd3a76b67a580077a37c7732f04248ceefa27c354a
francis2023_down_path,down_path,social_force,social_force,cd25d8be47ea6cfd,differential_drive,30,0.0,0.0,0.0,0.0,0.0,0.9667,1.0,0.6127,-0.8478,b2da198019037a18d595320bf5d38fb663f6745c83c49d2016924dc5207d78be
francis2023_down_path,down_path,socnav_sampling,socnav_sampling,cd25d8be47ea6cfd,differential_drive,30,0.0,1.0,0.0,1.0,1.0,0.0,1.0,1.0,-0.2655,706696739e3cbbb04dc194bf1d2b6b1027b0f31a400b47ffc2090ac800229787
francis2023_entering_elevator,entering_elevator,goal,goal,cd25d8be47ea6cfd,differential_drive,30,0.7667,0.2333,0.0,0.2333,0.2333,0.0667,0.3668,1.0,0.079,4802e53a5ff8713fd9c11bbca95816b3a3b9fc1fbcd42aef8cc163b5d2783a57
francis2023_entering_elevator,entering_elevator,guarded_ppo,guarded_ppo,cd25d8be47ea6cfd,differential_drive,30,0.7333,0.2667,0.0,0.2667,0.2667,0.0,0.3421,1.0,0.0724,21315b21d955d50979a11b1397532341279bb26abff04c282cdf3b35a349d129
francis2023_entering_elevator,entering_elevator,hybrid_rule_v3_fast_progress_static_escape,hybrid_rule_v3_fast_progress_static_escape,cd25d8be47ea6cfd,differential_drive,30,1.0,0.0,0.0,0.0,0.0,0.0333,0.1046,1.0,0.1569,042f260fe48c6b091c00c92fae2c54c0019cf20cec7ebff7e09f50d6468f0659
francis2023_entering_elevator,entering_elevator,hybrid_rule_v3_fast_progress_static_escape_continuous,hybrid_rule_v3_fast_progress_static_escape_continuous,cd25d8be47ea6cfd,differential_drive,30,1.0,0.0,0.0,0.0,0.0,0.0,0.1131,1.0,0.1411,a8bfa218198b4f25aa3b1e827ec82376ae563f81ac6c97c28e60676bed6f4158
francis2023_entering_elevator,entering_elevator,orca,orca,cd25d8be47ea6cfd,differential_drive,30,0.9,0.1,0.0,0.1,0.1,0.0,0.2453,1.0,-0.0052,cf53d211d4bc85631d0e29aff2b581fe071bf3e8390d3c833e95804f7848a0d8
francis2023_entering_elevator,entering_elevator,ppo,ppo,cd25d8be47ea6cfd,differential_drive,30,1.0,0.0,0.0,0.0,0.0,0.0333,0.0967,1.0,0.0677,abc859f921d0b4e1709281644c43dc4b0337b28b5d42c4ff9799376ac0bd1172
francis2023_entering_elevator,entering_elevator,prediction_planner,prediction_planner,cd25d8be47ea6cfd,differential_drive,30,0.7667,0.2333,0.0,0.2333,0.2333,0.0667,0.3223,1.0,0.09,b12adebe32ac597dd7733821d821cefee96c647ffcb5493d9a2f51787e25c3d8
francis2023_entering_elevator,entering_elevator,predictive_mppi,predictive_mppi,cd25d8be47ea6cfd,differential_drive,30,0.7667,0.2333,0.0,0.2333,0.2333,0.0,0.3284,1.0,0.0857,e40bfb619f2ca331d07951444353aaf305b797a8d7a4db1cf4a076afa916fae3
francis2023_entering_elevator,entering_elevator,risk_dwa,risk_dwa,cd25d8be47ea6cfd,differential_drive,30,0.7333,0.2667,0.0,0.2667,0.2667,0.0,0.3752,1.0,0.0369,0ea42b84364314df47abc51379bde8321c7444b7ce590a3349f2fa2cce93a30e
francis2023_entering_elevator,entering_elevator,sacadrl,sacadrl,cd25d8be47ea6cfd,differential_drive,30,0.0,1.0,0.0,1.0,1.0,0.0,1.0,1.0,-0.41,ffbb19468bbfa57482bb13e21cd7b247f01f302099db080081d3b899e85fe6e8
francis2023_entering_elevator,entering_elevator,scenario_adaptive_hybrid_orca_v1,scenario_adaptive_hybrid_orca_v1,cd25d8be47ea6cfd,differential_drive,30,1.0,0.0,0.0,0.0,0.0,0.0333,0.1046,1.0,0.1569,c9bc3c007826fa4c36e4a02c9187a5e21015b78d4969ff84049637ee5a9f4691
francis2023_entering_elevator,entering_elevator,scenario_adaptive_hybrid_orca_v2_collision_guard,scenario_adaptive_hybrid_orca_v2_collision_guard,cd25d8be47ea6cfd,differential_drive,30,1.0,0.0,0.0,0.0,0.0,0.0333,0.1046,1.0,0.1569,0367839d53270cf26bb96814baac780f8191afa165b4512e8530421e3437406b
francis2023_entering_elevator,entering_elevator,social_force,social_force,cd25d8be47ea6cfd,differential_drive,30,0.0,0.0,0.0,0.0,0.0,0.0,1.0,0.1624,-0.9099,1955539a6080169fc445d8707b379919ec3fa7615324004f8b95f877b6d48858
francis2023_entering_elevator,entering_elevator,socnav_sampling,socnav_sampling,cd25d8be47ea6cfd,differential_drive,30,0.4,0.6,0.0,0.6,0.6,0.0333,0.6371,1.0,-0.0567,132c5790f5e68a7bff1274182a608c3e2d9f9fcf56c38b3bf8a03a6eae64246a
francis2023_entering_room,entering_room,goal,goal,cd25d8be47ea6cfd,differential_drive,30,0.7667,0.2333,0.0,0.2333,0.2333,0.0,0.4437,1.0,0.0782,26b16edec673d3cf10185f9290b8aa85a9c26074537510347fcd7235197aa427
francis2023_entering_room,entering_room,guarded_ppo,guarded_ppo,cd25d8be47ea6cfd,differential_drive,30,0.7667,0.2333,0.0,0.2333,0.2333,0.0,0.3473,1.0,0.0886,3a281623a0948505a6538f80f7714203dad4b952cd8b7fa82bbee9a7d643cb81
francis2023_entering_room,entering_room,hybrid_rule_v3_fast_progress_static_escape,hybrid_rule_v3_fast_progress_static_escape,cd25d8be47ea6cfd,differential_drive,30,0.9667,0.0333,0.0,0.0333,0.0333,0.0,0.1791,1.0,0.1483,d58aaa802247a4b213857bc57f8feaf43f9ebe329a7361fd6502b82654987b97
francis2023_entering_room,entering_room,hybrid_rule_v3_fast_progress_static_escape_continuous,hybrid_rule_v3_fast_progress_static_escape_continuous,cd25d8be47ea6cfd,differential_drive,30,1.0,0.0,0.0,0.0,0.0,0.0,0.1587,1.0,0.1486,c138ef0223d62abd440ef2ea8ab7e427c3db91ddc58a6b7938d38f642f5816d4
francis2023_entering_room,entering_room,orca,orca,cd25d8be47ea6cfd,differential_drive,30,1.0,0.0,0.0,0.0,0.0,0.0,0.1471,1.0,0.1608,906acef434cfb2a3f1c4a1c1dcfc3bf94d44f63054b31e8102d485bf21c0df16
francis2023_entering_room,entering_room,ppo,ppo,cd25d8be47ea6cfd,differential_drive,30,1.0,0.0,0.0,0.0,0.0,0.0,0.1471,1.0,0.0858,902819d27f332ac46763d66ef709bed029f5b2b287a9a29d99b0f1accb12eb26
francis2023_entering_room,entering_room,prediction_planner,prediction_planner,cd25d8be47ea6cfd,differential_drive,30,0.7667,0.2333,0.0,0.2333,0.2333,0.0,0.3689,1.0,0.0865,53b5ec9426aa8a9d8b16966b268b88e21025a2dd9ff4fc4a840e6f9d424b0a9b
francis2023_entering_room,entering_room,predictive_mppi,predictive_mppi,cd25d8be47ea6cfd,differential_drive,30,0.8,0.2,0.0,0.2,0.2,0.0,0.3499,1.0,0.0982,88756adc431c150b7472010cc124414bf0c7c395735f80b6787100fe2ba1cb65
francis2023_entering_room,entering_room,risk_dwa,risk_dwa,cd25d8be47ea6cfd,differential_drive,30,0.7667,0.2333,0.0,0.2333,0.2333,0.0,0.4109,1.0,0.077,7c1fe02bb8882a7f214e02b816d59816f5a1568f323ad867a168d8f8970dd394
francis2023_entering_room,entering_room,sacadrl,sacadrl,cd25d8be47ea6cfd,differential_drive,30,0.0,1.0,0.0,1.0,1.0,0.0,1.0,1.0,-0.3405,7dc13fd41ec68928e0b1823a363a41c26669f5dda10143bbaea6c813bd651381
francis2023_entering_room,entering_room,scenario_adaptive_hybrid_orca_v1,scenario_adaptive_hybrid_orca_v1,cd25d8be47ea6cfd,differential_drive,30,0.9667,0.0333,0.0,0.0333,0.0333,0.0,0.1791,1.0,0.1483,b25297b43358d355f264661cfbf5a4e2a5efe6549baf5f4c3585d6f3aa5124f6
francis2023_entering_room,entering_room,scenario_adaptive_hybrid_orca_v2_collision_guard,scenario_adaptive_hybrid_orca_v2_collision_guard,cd25d8be47ea6cfd,differential_drive,30,0.9667,0.0333,0.0,0.0333,0.0333,0.0,0.1791,1.0,0.1483,3adf504c4987b41e5b6c13a14dd2caf1d399a75ccc12941bb5cf899efaa5cf4f
francis2023_entering_room,entering_room,social_force,social_force,cd25d8be47ea6cfd,differential_drive,30,0.0,0.0,0.0,0.0,0.0,0.0,1.0,0.3235,-1.097,e4a6407c9a0cd16b8a26796ff13a6fe6d632153f75f43a027fed3e7ce81d6ff2
francis2023_entering_room,entering_room,socnav_sampling,socnav_sampling,cd25d8be47ea6cfd,differential_drive,30,1.0,0.0,0.0,0.0,0.0,0.0,0.1463,1.0,0.1756,19980ab0e90470e7c7b29a5830c2f13d75ec9b187a2d5b482c712f759324ebe7
francis2023_exiting_elevator,exiting_elevator,goal,goal,cd25d8be47ea6cfd,differential_drive,30,0.0,1.0,0.7667,0.2333,1.0,8.0667,1.0,1.0,-0.3411,e4e3565fc96805a59c825941b89f05626d61ee80b5d50cea741f7cc8ea7df956
francis2023_exiting_elevator,exiting_elevator,guarded_ppo,guarded_ppo,cd25d8be47ea6cfd,differential_drive,30,0.1333,0.2333,0.0,0.2333,0.2333,12.9333,0.9127,1.0,-0.8634,e09644b8fcb6307dcfb6824766bed456a6cb97323e62342e30f7503df0a3a520
francis2023_exiting_elevator,exiting_elevator,hybrid_rule_v3_fast_progress_static_escape,hybrid_rule_v3_fast_progress_static_escape,cd25d8be47ea6cfd,differential_drive,30,1.0,0.0,0.0,0.0,0.0,16.9333,0.2068,1.0,-0.1673,eb25ab84a28b6817730ce5bd0a20f72eb6398bbcc5b61ae4d30c2041e80a59ae
francis2023_exiting_elevator,exiting_elevator,hybrid_rule_v3_fast_progress_static_escape_continuous,hybrid_rule_v3_fast_progress_static_escape_continuous,cd25d8be47ea6cfd,differential_drive,30,0.9,0.0,0.0,0.0,0.0,13.7,0.332,0.9919,-0.1395,fc10e4d4ab95a0e862f76de23c8806240df847ae8faf870f629f4bac291a7e93
francis2023_exiting_elevator,exiting_elevator,orca,orca,cd25d8be47ea6cfd,differential_drive,30,0.7,0.3,0.0,0.3,0.3,5.1667,0.4556,0.9901,-0.5761,6741396c9a4a6f36738792c43c0e2334afc858e0b23da1a4a796382de9279e89
francis2023_exiting_elevator,exiting_elevator,ppo,ppo,cd25d8be47ea6cfd,differential_drive,30,0.6667,0.1333,0.0,0.1333,0.1333,4.1,0.4193,0.8281,-0.4047,6b5242b8e2fd41c4e89dc0a93f6fa880d3105fe388776fc2c5e78dd063bd4e09
francis2023_exiting_elevator,exiting_elevator,prediction_planner,prediction_planner,cd25d8be47ea6cfd,differential_drive,30,0.7667,0.2333,0.0,0.2333,0.2333,36.3,0.3644,1.0,-0.1483,dd2e01b4f6135ee482181c3cd13d2ff0f4c7bcfffd6feae7af6304ca513ba3ba
francis2023_exiting_elevator,exiting_elevator,predictive_mppi,predictive_mppi,cd25d8be47ea6cfd,differential_drive,30,0.6667,0.3333,0.0,0.3333,0.3333,24.4333,0.446,0.964,-0.2208,c568004ded19b12570ed4494e442d876650eac6e2503bef6fd8d465495b67789
francis2023_exiting_elevator,exiting_elevator,risk_dwa,risk_dwa,cd25d8be47ea6cfd,differential_drive,30,0.7333,0.2667,0.0333,0.2333,0.2667,13.1333,0.3859,1.0,-0.1557,c87076ad173c352675275606ce8d000686f0c3fcc5a43f5ce1fcd2e57565f7cf
francis2023_exiting_elevator,exiting_elevator,sacadrl,sacadrl,cd25d8be47ea6cfd,differential_drive,30,0.9667,0.0333,0.0,0.0333,0.0333,12.5333,0.2166,1.0,-0.2027,9948e3cece6a98bc36cab6db9dbc78f1a88f84129dca4f8773db18d54affbe74
francis2023_exiting_elevator,exiting_elevator,scenario_adaptive_hybrid_orca_v1,scenario_adaptive_hybrid_orca_v1,cd25d8be47ea6cfd,differential_drive,30,1.0,0.0,0.0,0.0,0.0,16.9333,0.2068,1.0,-0.1673,7e4f8e954be00331e21311536fa2ef9b4042ca87f13be5ce6154693503702e19
francis2023_exiting_elevator,exiting_elevator,scenario_adaptive_hybrid_orca_v2_collision_guard,scenario_adaptive_hybrid_orca_v2_collision_guard,cd25d8be47ea6cfd,differential_drive,30,1.0,0.0,0.0,0.0,0.0,16.9333,0.2068,1.0,-0.1673,8a4fd095eea69fb7defc63ffb2e418bf47711e98040f2713b4a6e1a82a9a066a
francis2023_exiting_elevator,exiting_elevator,social_force,social_force,cd25d8be47ea6cfd,differential_drive,30,0.0,1.0,0.0,1.0,1.0,0.0,1.0,1.0,-0.7029,c917243354d4db89e2f7763c9fad06580f558fd2fb9f7c9526d884c9cc156f07
francis2023_exiting_elevator,exiting_elevator,socnav_sampling,socnav_sampling,cd25d8be47ea6cfd,differential_drive,30,0.0,1.0,0.7667,0.2333,1.0,2.1667,1.0,1.0,-0.2435,598edb09a573748cc3b2ea9988ad877d9e2e73fb43330ce17bc47e5d9179b2a8
francis2023_exiting_room,exiting_room,goal,goal,cd25d8be47ea6cfd,differential_drive,30,0.7667,0.2333,0.0,0.2333,0.2333,0.0,0.4497,1.0,0.0773,1b2a2b2be43c38b16bc655b78a2ea52fa46100d81335495a4dbbd2116e854bea
francis2023_exiting_room,exiting_room,guarded_ppo,guarded_ppo,cd25d8be47ea6cfd,differential_drive,30,0.7667,0.2333,0.0,0.2333,0.2333,0.0,0.3736,1.0,0.0861,6ea3c8876b68d49c281749d823ff75e81098cfa50a4e8eae3c479d5e42d0b507
francis2023_exiting_room,exiting_room,hybrid_rule_v3_fast_progress_static_escape,hybrid_rule_v3_fast_progress_static_escape,cd25d8be47ea6cfd,differential_drive,30,1.0,0.0,0.0,0.0,0.0,0.0,0.1646,1.0,0.1528,2faa226faa476e652668440656d84a2c3f2f88ee61203418b51c421f8353ff33
francis2023_exiting_room,exiting_room,hybrid_rule_v3_fast_progress_static_escape_continuous,hybrid_rule_v3_fast_progress_static_escape_continuous,cd25d8be47ea6cfd,differential_drive,30,1.0,0.0,0.0,0.0,0.0,0.0,0.1654,1.0,0.1493,1d06fb937369e807b47a273cc505ebd267fd8ad58c42ffd9458fc2819d8ebb9b
francis2023_exiting_room,exiting_room,orca,orca,cd25d8be47ea6cfd,differential_drive,30,0.9333,0.0667,0.0,0.0667,0.0667,0.0,0.2157,1.0,0.099,5c72b2a30dbd4ba569c203c0c5c83e6c3b32991f0170db664ad720528e50e72c
francis2023_exiting_room,exiting_room,ppo,ppo,cd25d8be47ea6cfd,differential_drive,30,1.0,0.0,0.0,0.0,0.0,0.3,0.1546,1.0,0.0549,be8aeb8d4ac1cdadff940d1ba05744078d253c7b4799632e8dd229ed00d6a9c0
francis2023_exiting_room,exiting_room,prediction_planner,prediction_planner,cd25d8be47ea6cfd,differential_drive,30,0.7667,0.2333,0.0,0.2333,0.2333,0.0,0.3839,1.0,0.0851,e6ffb1993289e6cf4ee101257009db01c35bda3ec394ded7e2cda3e1e317557c
francis2023_exiting_room,exiting_room,predictive_mppi,predictive_mppi,cd25d8be47ea6cfd,differential_drive,30,0.7667,0.2333,0.0,0.2333,0.2333,0.0,0.3936,1.0,0.0842,fb2fd83193c3bc5fe854b458c66bf269fa5ce6e66ff32b8045554c49674bcbcc
francis2023_exiting_room,exiting_room,risk_dwa,risk_dwa,cd25d8be47ea6cfd,differential_drive,30,0.7667,0.2333,0.0,0.2333,0.2333,0.0,0.4144,1.0,0.0822,78933bf91ed3a3a872cf7ca7eae42e9afd9b75453bb92112170d2df09080fc94
francis2023_exiting_room,exiting_room,sacadrl,sacadrl,cd25d8be47ea6cfd,differential_drive,30,1.0,0.0,0.0,0.0,0.0,0.0,0.2838,1.0,0.085,cfd6cf23b2bf018d88cdd632b71b0a310b8a711d9efd334fa1d2abf2592e4051
francis2023_exiting_room,exiting_room,scenario_adaptive_hybrid_orca_v1,scenario_adaptive_hybrid_orca_v1,cd25d8be47ea6cfd,differential_drive,30,1.0,0.0,0.0,0.0,0.0,0.0,0.1646,1.0,0.1528,6fd7b34d2f9e81ce42db389c2f175f018fd13841aa67af6a733c0315e75d252e
francis2023_exiting_room,exiting_room,scenario_adaptive_hybrid_orca_v2_collision_guard,scenario_adaptive_hybrid_orca_v2_collision_guard,cd25d8be47ea6cfd,differential_drive,30,1.0,0.0,0.0,0.0,0.0,0.0,0.1646,1.0,0.1528,6a3e1275cca90218dde1a5e8c5ebda28aa05decc2193791e27fd0ecfe71d6c28
francis2023_exiting_room,exiting_room,social_force,social_force,cd25d8be47ea6cfd,differential_drive,30,0.0,0.0,0.0,0.0,0.0,0.0,1.0,0.1247,-0.8499,09476da49700a2109dcb521755b05d10c9f04b075c7cbb4ae3605be6b4f2cc02
francis2023_exiting_room,exiting_room,socnav_sampling,socnav_sampling,cd25d8be47ea6cfd,differential_drive,30,0.3667,0.6333,0.0,0.6333,0.6333,0.0,0.6911,1.0,-0.0713,b8edb515439ecb1ffd8294f0c00c7ecdb25cd53720aedcdbc44ee13243df1268
francis2023_following_human,following_human,goal,goal,cd25d8be47ea6cfd,differential_drive,30,1.0,0.0,0.0,0.0,0.0,7.0,0.5241,1.0,0.0506,b56d91b41e8cc7787b925911665d15f926ef955d2c2552e22f05d7cacaf05d6d
francis2023_following_human,following_human,guarded_ppo,guarded_ppo,cd25d8be47ea6cfd,differential_drive,30,0.0,0.6667,0.0,0.6667,0.6667,60.8667,1.0,1.0,-0.4887,cc02c51987e5c23b26082f06c61f8a0223a03a0f11ba866c709d4245587de3bc
francis2023_following_human,following_human,hybrid_rule_v3_fast_progress_static_escape,hybrid_rule_v3_fast_progress_static_escape,cd25d8be47ea6cfd,differential_drive,30,1.0,0.0,0.0,0.0,0.0,0.0,0.2772,1.0,0.1564,8cdee60701a26a88ea530aabfc3a1db878760f1a3a01a8002f1c15f42c87c2a5
francis2023_following_human,following_human,hybrid_rule_v3_fast_progress_static_escape_continuous,hybrid_rule_v3_fast_progress_static_escape_continuous,cd25d8be47ea6cfd,differential_drive,30,1.0,0.0,0.0,0.0,0.0,0.0,0.2821,1.0,0.1498,d688d77c1fdc0ba533809c95eeb0c5d6333aa74c7176935a0ec0c79729a791fb
francis2023_following_human,following_human,orca,orca,cd25d8be47ea6cfd,differential_drive,30,0.2667,0.7333,0.7333,0.0,0.7333,11.1,0.8098,1.0,-0.905,a6d3f18a7a8d873f6865049f78ffc11f595105fb31ba668bee92b4f52921af5b
francis2023_following_human,following_human,ppo,ppo,cd25d8be47ea6cfd,differential_drive,30,1.0,0.0,0.0,0.0,0.0,2.4,0.274,1.0,0.1082,37c8235d1ab7a4e6b6d75be522fa1eddb4f736f2418adcddfcc21bf8dad85999
francis2023_following_human,following_human,prediction_planner,prediction_planner,cd25d8be47ea6cfd,differential_drive,30,0.9,0.1,0.0,0.1,0.1,6.8333,0.4416,1.0,0.0153,50a00b1d825cfddbf105510f14e35ecde0dac6694d547c8cc38b7861acd58c2d
francis2023_following_human,following_human,predictive_mppi,predictive_mppi,cd25d8be47ea6cfd,differential_drive,30,0.0667,0.7,0.0,0.7,0.7,12.3667,0.9614,0.961,-0.4019,d93467e26bda5b7080895a5a3e7c78e5ab591a9d7037fb384c4dc069eb72a3d9
francis2023_following_human,following_human,risk_dwa,risk_dwa,cd25d8be47ea6cfd,differential_drive,30,0.0,1.0,0.0,1.0,1.0,10.2333,1.0,0.9246,-0.4725,d9849c24076b8cad7846159c76687b7d97155ccdd99846be202defb193049c41
francis2023_following_human,following_human,sacadrl,sacadrl,cd25d8be47ea6cfd,differential_drive,30,0.0,1.0,0.0,1.0,1.0,0.0,1.0,1.0,-0.6521,285411ff2cf9fabbf50c92c054960bd8d3c470fbb2ff77b3ef285bdd0b1b729f
francis2023_following_human,following_human,scenario_adaptive_hybrid_orca_v1,scenario_adaptive_hybrid_orca_v1,cd25d8be47ea6cfd,differential_drive,30,1.0,0.0,0.0,0.0,0.0,0.0,0.2772,1.0,0.1564,88548b348431739024b5fe2a5588b70fe80e601a428792c9b12cdd22709215c3
francis2023_following_human,following_human,scenario_adaptive_hybrid_orca_v2_collision_guard,scenario_adaptive_hybrid_orca_v2_collision_guard,cd25d8be47ea6cfd,differential_drive,30,1.0,0.0,0.0,0.0,0.0,0.0,0.2772,1.0,0.1564,addf916a38bc705c62bf2fdb31cc07ab9bdcac4d435e725c6a24e03dc270b37d
francis2023_following_human,following_human,social_force,social_force,cd25d8be47ea6cfd,differential_drive,30,0.0,1.0,1.0,0.0,1.0,13.4333,1.0,0.948,-1.0094,f803d1a9be7b494cb72dab0d4611826c010632b845e3987417d1135edade1a42
francis2023_following_human,following_human,socnav_sampling,socnav_sampling,cd25d8be47ea6cfd,differential_drive,30,0.0,1.0,0.0,1.0,1.0,0.0,1.0,1.0,-0.2829,f74fe045b78a73c381cd5a48b0911ff9ffa9fca9092e08244c84e52f40c64ec8
francis2023_frontal_approach,frontal_approach,goal,goal,cd25d8be47ea6cfd,differential_drive,30,0.0,1.0,1.0,0.0,1.0,5.0,1.0,1.0,-0.2732,b22f434382cbaf2c2e1a4e23229151f8e51be170c620b177041a42f9bf1239da
francis2023_frontal_approach,frontal_approach,guarded_ppo,guarded_ppo,cd25d8be47ea6cfd,differential_drive,30,0.0333,0.9667,0.3333,0.6333,0.9667,12.8667,0.9781,0.9937,-0.3767,d11c1dd50c34a7fcaab8726330d10c3aaa932bc98702b4c532e3366a28049a0a
francis2023_frontal_approach,frontal_approach,hybrid_rule_v3_fast_progress_static_escape,hybrid_rule_v3_fast_progress_static_escape,cd25d8be47ea6cfd,differential_drive,30,1.0,0.0,0.0,0.0,0.0,9.1,0.3033,0.9998,0.0293,bbc3662088eb6dcb489b288daa45a3bc47031b9de673452db5fd7360ac803567
francis2023_frontal_approach,frontal_approach,hybrid_rule_v3_fast_progress_static_escape_continuous,hybrid_rule_v3_fast_progress_static_escape_continuous,cd25d8be47ea6cfd,differential_drive,30,0.9667,0.0333,0.0,0.0333,0.0333,4.9667,0.3276,1.0,0.0547,a5939b6019a0573fd2f701d9541aaffd35eea67c75ded8018a36ffe097edfd79
francis2023_frontal_approach,frontal_approach,orca,orca,cd25d8be47ea6cfd,differential_drive,30,1.0,0.0,0.0,0.0,0.0,9.0,0.2852,1.0,0.0254,46eb4d6f0d9b90cbf7a13a4f851bb476a7d0bc09e036112572bf5cf924796b6f
francis2023_frontal_approach,frontal_approach,ppo,ppo,cd25d8be47ea6cfd,differential_drive,30,1.0,0.0,0.0,0.0,0.0,4.7333,0.2818,1.0,0.0488,ca63d9e621cd0c6f25d19db4be4c2462bc7b1333041422d9086e41e71c1a1324
francis2023_frontal_approach,frontal_approach,prediction_planner,prediction_planner,cd25d8be47ea6cfd,differential_drive,30,0.1,0.9,0.9,0.0,0.9,5.9333,0.9372,1.0,-0.2514,a23aea2729185732bd5e96025ebd6b95a4950f59e54ad103b0bbbdc9940234ef
francis2023_frontal_approach,frontal_approach,predictive_mppi,predictive_mppi,cd25d8be47ea6cfd,differential_drive,30,0.4667,0.2,0.2,0.0,0.2,18.3333,0.7223,0.9315,-0.2641,c7535cfe3d37780c79f5451640aef4c61332a79c8d83bb1bb8bb601d7aa75331
francis2023_frontal_approach,frontal_approach,risk_dwa,risk_dwa,cd25d8be47ea6cfd,differential_drive,30,0.0,0.2667,0.2667,0.0,0.2667,12.4667,1.0,0.8104,-0.3882,9a3b18584bd1e0105a4425c60dde693a1719b701ec6ef93759b18656d747d519
francis2023_frontal_approach,frontal_approach,sacadrl,sacadrl,cd25d8be47ea6cfd,differential_drive,30,0.0,1.0,0.0,1.0,1.0,0.0,1.0,1.0,-0.6313,ab4b0e8c3894b53f3ee98844b39649445afb0416764adba9ba9f53327837301d
francis2023_frontal_approach,frontal_approach,scenario_adaptive_hybrid_orca_v1,scenario_adaptive_hybrid_orca_v1,cd25d8be47ea6cfd,differential_drive,30,1.0,0.0,0.0,0.0,0.0,9.1,0.3033,0.9998,0.0293,699482e0c7f555f0165b631140027351862e28b4d3522afce2f03a26ccd92f0c
francis2023_frontal_approach,frontal_approach,scenario_adaptive_hybrid_orca_v2_collision_guard,scenario_adaptive_hybrid_orca_v2_collision_guard,cd25d8be47ea6cfd,differential_drive,30,1.0,0.0,0.0,0.0,0.0,9.1,0.3033,0.9998,0.0293,35488c80bb030f124632a132c18d56394df3bb716f1e183fdd185b9a00bca6d4
francis2023_frontal_approach,frontal_approach,social_force,social_force,cd25d8be47ea6cfd,differential_drive,30,0.0,0.9,0.9,0.0,0.9,6.1333,1.0,0.6939,-0.9861,32b5c16823de69626d5a47925d9da53cb9256824afa2f6dde44be47eb3385dd9
francis2023_frontal_approach,frontal_approach,socnav_sampling,socnav_sampling,cd25d8be47ea6cfd,differential_drive,30,0.0,1.0,1.0,0.0,1.0,2.2,1.0,1.0,-0.2328,a7ec7325d85df535aee3979b4f26a51bc4adc97a81a1fff6ae097272d4a7a514
francis2023_intersection_no_gesture,intersection_no_gesture,goal,goal,cd25d8be47ea6cfd,differential_drive,30,1.0,0.0,0.0,0.0,0.0,0.0,0.3714,1.0,0.1552,2d866116c932c99efdcf0e5c566948fa622dd431f9ab9d35a5e7237ef629b012
francis2023_intersection_no_gesture,intersection_no_gesture,guarded_ppo,guarded_ppo,cd25d8be47ea6cfd,differential_drive,30,0.0,0.6,0.0,0.6,0.6,47.4,1.0,0.9986,-0.4653,e6eb2b29b40547a43e0e0c6985d84cdbb20a94c9aed85b172a9afd380475a03f
francis2023_intersection_no_gesture,intersection_no_gesture,hybrid_rule_v3_fast_progress_static_escape,hybrid_rule_v3_fast_progress_static_escape,cd25d8be47ea6cfd,differential_drive,30,0.9,0.0,0.0,0.0,0.0,0.0,0.2798,1.0,0.1444,5239913330519e240111c9fae235962cc92b6aa1f76071cedc316a67ef235a5a
francis2023_intersection_no_gesture,intersection_no_gesture,hybrid_rule_v3_fast_progress_static_escape_continuous,hybrid_rule_v3_fast_progress_static_escape_continuous,cd25d8be47ea6cfd,differential_drive,30,0.9,0.0,0.0,0.0,0.0,0.0,0.2841,1.0,0.1426,c34fb313c10acf3f766cbd9bdf2e4b2bc00db1166b0e1a5ee469fdf4caa3aebf
francis2023_intersection_no_gesture,intersection_no_gesture,orca,orca,cd25d8be47ea6cfd,differential_drive,30,1.0,0.0,0.0,0.0,0.0,0.0,0.1967,1.0,0.166,1b3207d67326dca5ca4c421121a28138fd27f8a5a83da9aabd377df89e0c5ab3
francis2023_intersection_no_gesture,intersection_no_gesture,ppo,ppo,cd25d8be47ea6cfd,differential_drive,30,1.0,0.0,0.0,0.0,0.0,0.0,0.197,1.0,0.0885,513e3be282d845b75419180993fc885cf08aa69263bfbfbef77be762832e6293
francis2023_intersection_no_gesture,intersection_no_gesture,prediction_planner,prediction_planner,cd25d8be47ea6cfd,differential_drive,30,1.0,0.0,0.0,0.0,0.0,0.0,0.2384,1.0,0.1678,407b1a4e6e40db04939e666973b5c2c47ec8a42b12fac607e4b8e82405f5978a
francis2023_intersection_no_gesture,intersection_no_gesture,predictive_mppi,predictive_mppi,cd25d8be47ea6cfd,differential_drive,30,0.2,0.8,0.0,0.8,0.8,0.0,0.8511,1.0,-0.2094,09af5dfe71c210111d1f03a0e30e6a96bb190436e55b22c78dbf55dc6091ac22
francis2023_intersection_no_gesture,intersection_no_gesture,risk_dwa,risk_dwa,cd25d8be47ea6cfd,differential_drive,30,0.0333,0.9667,0.0,0.9667,0.9667,0.0,0.9773,1.0,-0.2925,13ec5fd1ed9acf6b06b4c3e2bd6a9be850a9dd0e6a0c03c47bae5ea9a6c917cf
francis2023_intersection_no_gesture,intersection_no_gesture,sacadrl,sacadrl,cd25d8be47ea6cfd,differential_drive,30,1.0,0.0,0.0,0.0,0.0,0.0,0.3727,1.0,0.0679,3ab0e5d607e0c413353897fc6280e6d2636e63349c88703707379143489f1911
francis2023_intersection_no_gesture,intersection_no_gesture,scenario_adaptive_hybrid_orca_v1,scenario_adaptive_hybrid_orca_v1,cd25d8be47ea6cfd,differential_drive,30,0.9,0.0,0.0,0.0,0.0,0.0,0.2798,1.0,0.1444,4fc369547908260c55c2b2f10aa35ab55bed30538284bdacd0df9d85374cba87
francis2023_intersection_no_gesture,intersection_no_gesture,scenario_adaptive_hybrid_orca_v2_collision_guard,scenario_adaptive_hybrid_orca_v2_collision_guard,cd25d8be47ea6cfd,differential_drive,30,0.9,0.0,0.0,0.0,0.0,0.0,0.2798,1.0,0.1444,b3fd318e5133321ab75db0b66510d592343a28eb6c6e5d2788ee887c52380084
francis2023_intersection_no_gesture,intersection_no_gesture,social_force,social_force,cd25d8be47ea6cfd,differential_drive,30,0.0,0.7333,0.0,0.7333,0.7333,0.0,1.0,0.8061,-0.8917,7518c5f65e5e5faaa3fba4dcb5a1eb606ae31ce2fd426d5dcc2194979919cb2c
francis2023_intersection_no_gesture,intersection_no_gesture,socnav_sampling,socnav_sampling,cd25d8be47ea6cfd,differential_drive,30,1.0,0.0,0.0,0.0,0.0,0.0,0.1964,1.0,0.1718,aa68bba0738c27bbfaa2930cde7eef5538823704ea9ea971c3bcdfac12a18c63
francis2023_intersection_proceed,intersection_proceed,goal,goal,cd25d8be47ea6cfd,differential_drive,30,1.0,0.0,0.0,0.0,0.0,0.0,0.3714,1.0,0.1552,d329537075205f07734b89edb0eb659a1d6da921c6166fbc0540698a10433a2f
francis2023_intersection_proceed,intersection_proceed,guarded_ppo,guarded_ppo,cd25d8be47ea6cfd,differential_drive,30,1.0,0.0,0.0,0.0,0.0,0.0,0.3419,1.0,0.158,749eb27b9ffd16519e59ecee69202e535208a00d43e3e17e65bdfeb8a7b794ea
francis2023_intersection_proceed,intersection_proceed,hybrid_rule_v3_fast_progress_static_escape,hybrid_rule_v3_fast_progress_static_escape,cd25d8be47ea6cfd,differential_drive,30,0.9,0.0,0.0,0.0,0.0,0.0,0.2798,1.0,0.1444,3dbaf6c416000f2889a165fab8e770ee0baa7012e6824cd7a07292868164a4f7
francis2023_intersection_proceed,intersection_proceed,hybrid_rule_v3_fast_progress_static_escape_continuous,hybrid_rule_v3_fast_progress_static_escape_continuous,cd25d8be47ea6cfd,differential_drive,30,0.9,0.0,0.0,0.0,0.0,0.0,0.2841,1.0,0.1426,ecdd4d10aa9ac46c2ca63feebcb5cc9bb7ced769065a8e6d70c375ace5c14af5
francis2023_intersection_proceed,intersection_proceed,orca,orca,cd25d8be47ea6cfd,differential_drive,30,1.0,0.0,0.0,0.0,0.0,0.0,0.1967,1.0,0.166,61158ccf80780d5e8a4953c1e2c3c761a60b5cfb3df523e151da11e59123021c
francis2023_intersection_proceed,intersection_proceed,ppo,ppo,cd25d8be47ea6cfd,differential_drive,30,1.0,0.0,0.0,0.0,0.0,0.0,0.1971,1.0,0.0893,0f42b33aedc359b6d5527bdbe3309e22261706bfa94f445235cbf3c51158ab9e
francis2023_intersection_proceed,intersection_proceed,prediction_planner,prediction_planner,cd25d8be47ea6cfd,differential_drive,30,1.0,0.0,0.0,0.0,0.0,0.0,0.2384,1.0,0.1678,8dc93ee2e4c4c86094b5a87ed46ab0ace1979f4b130cb5993a3b3f43f00051d5
francis2023_intersection_proceed,intersection_proceed,predictive_mppi,predictive_mppi,cd25d8be47ea6cfd,differential_drive,30,0.2,0.8,0.0,0.8,0.8,0.0,0.8511,1.0,-0.2094,f1e8a7680a1514deb418ce2fa8f2e618b71f997f8f9ece77c6cea88059866dd4
francis2023_intersection_proceed,intersection_proceed,risk_dwa,risk_dwa,cd25d8be47ea6cfd,differential_drive,30,0.0333,0.9667,0.0,0.9667,0.9667,0.0,0.9773,1.0,-0.2924,8298368e7b000947f35c2ee65b1e3bca3f8ba027e78bd8dddd52d3893e1a8ab4
francis2023_intersection_proceed,intersection_proceed,sacadrl,sacadrl,cd25d8be47ea6cfd,differential_drive,30,1.0,0.0,0.0,0.0,0.0,0.0,0.3728,1.0,0.0675,ad30fae55e2a66b57939910e05799d1d98a54d99936144daca5a5b51183cc0cf
francis2023_intersection_proceed,intersection_proceed,scenario_adaptive_hybrid_orca_v1,scenario_adaptive_hybrid_orca_v1,cd25d8be47ea6cfd,differential_drive,30,0.9,0.0,0.0,0.0,0.0,0.0,0.2798,1.0,0.1444,24120c28a9ba932ec4d44fdbc1a325c0fe0078971840919f36d340213218731c
francis2023_intersection_proceed,intersection_proceed,scenario_adaptive_hybrid_orca_v2_collision_guard,scenario_adaptive_hybrid_orca_v2_collision_guard,cd25d8be47ea6cfd,differential_drive,30,0.9,0.0,0.0,0.0,0.0,0.0,0.2798,1.0,0.1444,40e0d30106a37a7d80347396cca838eafa20b21913bbc7d6e27113581322d0c0
francis2023_intersection_proceed,intersection_proceed,social_force,social_force,cd25d8be47ea6cfd,differential_drive,30,0.0,0.7333,0.0,0.7333,0.7333,0.0,1.0,0.8061,-0.8918,e8beb11a1709142b50da6242f01ffb1901512c5d6177218df3753a286e0b0885
francis2023_intersection_proceed,intersection_proceed,socnav_sampling,socnav_sampling,cd25d8be47ea6cfd,differential_drive,30,1.0,0.0,0.0,0.0,0.0,0.0,0.1964,1.0,0.1718,ebc5e3492ab8264ed8ac4d17ef4b1d6fbaa9b7838e38a8f096f18cf1fa5bc051
francis2023_intersection_wait,intersection_wait,goal,goal,cd25d8be47ea6cfd,differential_drive,30,1.0,0.0,0.0,0.0,0.0,0.0,0.3714,1.0,0.1552,7b1df632d2192ec567fba030bc19018b2bb47672250c1835322839323b475599
francis2023_intersection_wait,intersection_wait,guarded_ppo,guarded_ppo,cd25d8be47ea6cfd,differential_drive,30,1.0,0.0,0.0,0.0,0.0,0.0,0.3419,1.0,0.158,f49170fef5797fd40411fe7a3d77a612177325c5a1ce379ea39a4afdcdbc22f8
francis2023_intersection_wait,intersection_wait,hybrid_rule_v3_fast_progress_static_escape,hybrid_rule_v3_fast_progress_static_escape,cd25d8be47ea6cfd,differential_drive,30,0.9,0.0,0.0,0.0,0.0,0.0,0.2798,1.0,0.1444,0d91436a850023e26b021be515de1fc25aec5188f6379c82fccdf3a8547e1100
francis2023_intersection_wait,intersection_wait,hybrid_rule_v3_fast_progress_static_escape_continuous,hybrid_rule_v3_fast_progress_static_escape_continuous,cd25d8be47ea6cfd,differential_drive,30,0.9,0.0,0.0,0.0,0.0,0.0,0.2841,1.0,0.1426,53c8c2050ec21f2ebb2c01b8c9f98b1f387e036b85f9b8c0cc140f5fbe32c737
francis2023_intersection_wait,intersection_wait,orca,orca,cd25d8be47ea6cfd,differential_drive,30,1.0,0.0,0.0,0.0,0.0,0.0,0.1967,1.0,0.166,886fd71e4e2116551257b937999a807a9b2094d38e43060afe71b846ec820ec0
francis2023_intersection_wait,intersection_wait,ppo,ppo,cd25d8be47ea6cfd,differential_drive,30,1.0,0.0,0.0,0.0,0.0,0.0,0.1971,1.0,0.0893,cb0aefdb6348df33ab1b6b06031c079063500f26c8d3235d2ec40282a635eb5e
francis2023_intersection_wait,intersection_wait,prediction_planner,prediction_planner,cd25d8be47ea6cfd,differential_drive,30,1.0,0.0,0.0,0.0,0.0,0.0,0.2384,1.0,0.1678,1e84548c3060e2a910c89d28ad889258df6e0c35428cb3f5bb2e43c415c27c65
francis2023_intersection_wait,intersection_wait,predictive_mppi,predictive_mppi,cd25d8be47ea6cfd,differential_drive,30,0.2,0.8,0.0,0.8,0.8,0.0,0.8511,1.0,-0.2094,5ec94b2051ad7d0facaad985c789a897f445f2d1eb542c2408a1cf6d064b60cf
francis2023_intersection_wait,intersection_wait,risk_dwa,risk_dwa,cd25d8be47ea6cfd,differential_drive,30,0.0333,0.9667,0.0,0.9667,0.9667,0.0,0.9773,1.0,-0.2924,03d9bc66ae7d1d1e7cac57f01c3729d01a8bc806a016cbdb1bbdc4e3992e550c
francis2023_intersection_wait,intersection_wait,sacadrl,sacadrl,cd25d8be47ea6cfd,differential_drive,30,1.0,0.0,0.0,0.0,0.0,0.0,0.3728,1.0,0.0666,a8f9522b13d7ed64d7eb03b05ff0b64bf9384257c7cd716b55bf949d52543279
francis2023_intersection_wait,intersection_wait,scenario_adaptive_hybrid_orca_v1,scenario_adaptive_hybrid_orca_v1,cd25d8be47ea6cfd,differential_drive,30,0.9,0.0,0.0,0.0,0.0,0.0,0.2798,1.0,0.1444,07d215cfc62d50ea95dea96276dc12138e747086ab55ae5643e4659245d810f1
francis2023_intersection_wait,intersection_wait,scenario_adaptive_hybrid_orca_v2_collision_guard,scenario_adaptive_hybrid_orca_v2_collision_guard,cd25d8be47ea6cfd,differential_drive,30,0.9,0.0,0.0,0.0,0.0,0.0,0.2798,1.0,0.1444,40209f9e169bfd234effe6243e95dd1fbb91978a10b5e3121f1b162b4481bcb0
francis2023_intersection_wait,intersection_wait,social_force,social_force,cd25d8be47ea6cfd,differential_drive,30,0.0,0.7333,0.0,0.7333,0.7333,0.0,1.0,0.8061,-0.8917,12d1c451fb0cc873f96cfe56fe0fcd201bb062402d2cc45a40e50c8b9bcd2128
francis2023_intersection_wait,intersection_wait,socnav_sampling,socnav_sampling,cd25d8be47ea6cfd,differential_drive,30,1.0,0.0,0.0,0.0,0.0,0.0,0.1964,1.0,0.1718,ac854da189b187351679bfadc8ff48cdf39a7f2ab67efe76ee120f384dfd0f94
francis2023_join_group,join_group,goal,goal,cd25d8be47ea6cfd,differential_drive,30,0.0,1.0,1.0,0.0,1.0,5.2,1.0,1.0,-0.2888,7944d36eb485c90430a1aa3ccd36f430ebb77f3dc700b7f11e17896758f2b918
francis2023_join_group,join_group,guarded_ppo,guarded_ppo,cd25d8be47ea6cfd,differential_drive,30,0.0,0.0,0.0,0.0,0.0,0.0,1.0,1.0,-0.2029,b6e63e3852c5e7aee83182bf0aff62f5b9508851c0438dbc437367a0d1c054dc
francis2023_join_group,join_group,hybrid_rule_v3_fast_progress_static_escape,hybrid_rule_v3_fast_progress_static_escape,cd25d8be47ea6cfd,differential_drive,30,0.7667,0.2333,0.2333,0.0,0.2333,20.4667,0.3461,1.0,-0.3136,7637e9b70078b546e76fe7e07e39b351dacd2c39b0c5e5806cb56611999c684f
francis2023_join_group,join_group,hybrid_rule_v3_fast_progress_static_escape_continuous,hybrid_rule_v3_fast_progress_static_escape_continuous,cd25d8be47ea6cfd,differential_drive,30,0.5667,0.3667,0.3667,0.0,0.3667,42.2333,0.5221,1.0,-0.4394,a5666a51cef5fb22ec41b915fa3db49df1e7b3bdcbdd8c17eb8953f26e6b57c3
francis2023_join_group,join_group,orca,orca,cd25d8be47ea6cfd,differential_drive,30,0.0,1.0,1.0,0.0,1.0,4.4333,1.0,1.0,-0.3717,6c40d6895127fd8782a548008acfcc9bc560674e81e1f4be3e034a1c750dd732
francis2023_join_group,join_group,ppo,ppo,cd25d8be47ea6cfd,differential_drive,30,1.0,0.0,0.0,0.0,0.0,8.9333,0.1157,1.0,-0.1183,ac70356a6a0fa97c8beb666762f2cc482853cb422cf8961a0fce65e90505c668
francis2023_join_group,join_group,prediction_planner,prediction_planner,cd25d8be47ea6cfd,differential_drive,30,0.0333,0.9667,0.9667,0.0,0.9667,7.5667,0.9726,1.0,-0.3064,44ba3919a3d954e9b0e7e4742f62528829698f643828202931bbb7724398be1f
francis2023_join_group,join_group,predictive_mppi,predictive_mppi,cd25d8be47ea6cfd,differential_drive,30,0.0,1.0,0.7333,0.2667,1.0,13.4,1.0,0.8761,-0.437,060fee9a2e714cfb6c8f06b0306627484ac2b98aa1a0552fcbf22187a91ec38f
francis2023_join_group,join_group,risk_dwa,risk_dwa,cd25d8be47ea6cfd,differential_drive,30,0.0,1.0,0.6,0.4,1.0,13.3667,1.0,0.8144,-0.444,75312f68b1c0a6998fd37c2b5c13267283bb87248dc045e449db48f703461b01
francis2023_join_group,join_group,sacadrl,sacadrl,cd25d8be47ea6cfd,differential_drive,30,0.0,1.0,1.0,0.0,1.0,7.5333,1.0,1.0,-0.5142,22425ee1d1dcd7b7b9c5394a080655c788b6b5ffb21b555627d246cb9630f317
francis2023_join_group,join_group,scenario_adaptive_hybrid_orca_v1,scenario_adaptive_hybrid_orca_v1,cd25d8be47ea6cfd,differential_drive,30,0.7667,0.2333,0.2333,0.0,0.2333,20.4667,0.3461,1.0,-0.3136,4b5f91699be1c0ba9c3e73740e89c1047e293f2cf7569be7c72ed9907aaa3afd
francis2023_join_group,join_group,scenario_adaptive_hybrid_orca_v2_collision_guard,scenario_adaptive_hybrid_orca_v2_collision_guard,cd25d8be47ea6cfd,differential_drive,30,0.7667,0.2333,0.2333,0.0,0.2333,20.4667,0.3461,1.0,-0.3136,a827bb8d70f87b64532b86128bad9a95719ea0b9b6aaa9d2eda6f71d73d102e0
francis2023_join_group,join_group,social_force,social_force,cd25d8be47ea6cfd,differential_drive,30,0.0,1.0,1.0,0.0,1.0,5.2333,1.0,1.0,-0.2816,becf678adc77bd559d90f0866ecf04564fca2d9bec43bcfcce28a45592b0bbf0
francis2023_join_group,join_group,socnav_sampling,socnav_sampling,cd25d8be47ea6cfd,differential_drive,30,1.0,0.0,0.0,0.0,0.0,0.0,0.1219,0.9607,0.1235,bd2b6e56c5611b17958de5026d5eb9c95ba49ae78a66ee4eef128395122796eb
francis2023_leading_human,leading_human,goal,goal,cd25d8be47ea6cfd,differential_drive,30,1.0,0.0,0.0,0.0,0.0,0.0,0.5241,1.0,0.1387,70dc79c81331a2c7664bfd2a8ddcfa0861ec52a2b4c10e767f00fa5a3175580d
francis2023_leading_human,leading_human,guarded_ppo,guarded_ppo,cd25d8be47ea6cfd,differential_drive,30,0.9333,0.0667,0.0,0.0667,0.0667,0.5,0.3822,0.9983,0.1263,31a477857f1f8047a5f9a5f55f4e05de8a13484a1d8657d9d148e1efbe435209
francis2023_leading_human,leading_human,hybrid_rule_v3_fast_progress_static_escape,hybrid_rule_v3_fast_progress_static_escape,cd25d8be47ea6cfd,differential_drive,30,1.0,0.0,0.0,0.0,0.0,0.0,0.2772,1.0,0.1564,8eee2c1eba65dec6c3d4db527a03b2555d8dbb6774d023fb0e9033d2c3d24252
francis2023_leading_human,leading_human,hybrid_rule_v3_fast_progress_static_escape_continuous,hybrid_rule_v3_fast_progress_static_escape_continuous,cd25d8be47ea6cfd,differential_drive,30,1.0,0.0,0.0,0.0,0.0,0.0,0.2821,1.0,0.1497,518170d6572db7d94d1ca1d8115f88d37a39e2afc89a408813d78f0606933d8e
francis2023_leading_human,leading_human,orca,orca,cd25d8be47ea6cfd,differential_drive,30,1.0,0.0,0.0,0.0,0.0,0.0,0.2761,1.0,0.1617,e32c711ca924cf09e7d5bef27124c00b2da386d3c0dd4d8c47f0064c4be73fff
francis2023_leading_human,leading_human,ppo,ppo,cd25d8be47ea6cfd,differential_drive,30,1.0,0.0,0.0,0.0,0.0,0.0,0.2738,1.0,0.147,cceecc64298713e2f909deb6b5bebbce5bdb606e8ddc4f46cc057e21e43e7e2f
francis2023_leading_human,leading_human,prediction_planner,prediction_planner,cd25d8be47ea6cfd,differential_drive,30,0.9,0.1,0.0,0.1,0.1,0.0,0.4242,1.0,0.1157,4e97516e0b363f6b8f91ff0c3d29225ff8fbe0051686abb80909f8c85f5f4073
francis2023_leading_human,leading_human,predictive_mppi,predictive_mppi,cd25d8be47ea6cfd,differential_drive,30,0.1,0.5,0.0,0.5,0.5,5.4,0.9389,0.92,-0.2862,7cfe8e00d828f46aef783f35231c6dd44efb051e5e1f37f098bfae60d517a526
francis2023_leading_human,leading_human,risk_dwa,risk_dwa,cd25d8be47ea6cfd,differential_drive,30,0.0,0.9,0.0,0.9,0.9,4.4333,1.0,0.89,-0.3787,5f3d28f0b83f7fa815d8c4a6044961e042f85808d8e4b4cb1002ccf9d9c7c487
francis2023_leading_human,leading_human,sacadrl,sacadrl,cd25d8be47ea6cfd,differential_drive,30,0.0,1.0,0.0,1.0,1.0,0.0,1.0,1.0,-0.6044,a210dad8098e85834e36ec4ff26c4b578d912cfcc28c2446d0a5e28ebda847f1
francis2023_leading_human,leading_human,scenario_adaptive_hybrid_orca_v1,scenario_adaptive_hybrid_orca_v1,cd25d8be47ea6cfd,differential_drive,30,1.0,0.0,0.0,0.0,0.0,0.0,0.2772,1.0,0.1564,47f39a4ecdeecc57b4345b7c6674ae977d0febf93c033799122bb2783a0c06ae
francis2023_leading_human,leading_human,scenario_adaptive_hybrid_orca_v2_collision_guard,scenario_adaptive_hybrid_orca_v2_collision_guard,cd25d8be47ea6cfd,differential_drive,30,1.0,0.0,0.0,0.0,0.0,0.0,0.2772,1.0,0.1564,f7a3bf78f98380cd729c380d7ecb2db5ebed3f0db4cd03f0e2eaeb92a44b69e0
francis2023_leading_human,leading_human,social_force,social_force,cd25d8be47ea6cfd,differential_drive,30,0.0,0.9667,0.9667,0.0,0.9667,8.3,1.0,0.9877,-0.8566,412f284652d064a3ec448cc29d1486fccecf299bca0a2073f12fc5f64ead96cd
francis2023_leading_human,leading_human,socnav_sampling,socnav_sampling,cd25d8be47ea6cfd,differential_drive,30,0.0,1.0,0.0,1.0,1.0,0.0,1.0,1.0,-0.2887,6e9b02d0c5db2a47df57b20a486b734b88f28d36a95182220b0a9069d772bc84
francis2023_leave_group,leave_group,goal,goal,cd25d8be47ea6cfd,differential_drive,30,0.0,1.0,1.0,0.0,1.0,6.5,1.0,1.0,-0.3226,838d7ceb37831cc0e44e65b5a291ab8addd09b7418d2089ad639953eafe3d4b0
francis2023_leave_group,leave_group,guarded_ppo,guarded_ppo,cd25d8be47ea6cfd,differential_drive,30,0.0,0.2667,0.2667,0.0,0.2667,207.7,1.0,1.0,-1.0469,d5e487cd16a32cc7d2887b7b1182a6a66c9b3e72413dad233c8bf28e9ff80486
francis2023_leave_group,leave_group,hybrid_rule_v3_fast_progress_static_escape,hybrid_rule_v3_fast_progress_static_escape,cd25d8be47ea6cfd,differential_drive,30,0.7,0.2,0.2,0.0,0.2,73.5,0.4145,0.9997,-0.5483,1e315ec52cd7cada09f20a3df72ded51ca321a450628b9671caf511d6008c446
francis2023_leave_group,leave_group,hybrid_rule_v3_fast_progress_static_escape_continuous,hybrid_rule_v3_fast_progress_static_escape_continuous,cd25d8be47ea6cfd,differential_drive,30,0.7333,0.0,0.0,0.0,0.0,105.8333,0.3766,0.9949,-0.5538,39c9a6d9f4d18ef18212205f8618707c1536c5e9473c2007c2294a188ecc1181
francis2023_leave_group,leave_group,orca,orca,cd25d8be47ea6cfd,differential_drive,30,0.0,1.0,1.0,0.0,1.0,9.6667,1.0,1.0,-0.5268,acb1f91039c26a7ee82c106e86e34510f25533f9ed8f19d797383e7c5cd72e10
francis2023_leave_group,leave_group,ppo,ppo,cd25d8be47ea6cfd,differential_drive,30,0.9667,0.0333,0.0,0.0333,0.0333,11.2667,0.1499,0.9648,-0.1903,8575516204c87ddcaefd6c1b3062181776ab9c6ffa70f5bdf4b4acef605b664b
francis2023_leave_group,leave_group,prediction_planner,prediction_planner,cd25d8be47ea6cfd,differential_drive,30,0.1,0.9,0.9,0.0,0.9,13.3667,0.9173,1.0,-0.3219,a35f96d7da0a28188cf28adf7afa53bb167e3b94358b41715dad7cc3910baceb
francis2023_leave_group,leave_group,predictive_mppi,predictive_mppi,cd25d8be47ea6cfd,differential_drive,30,0.0,1.0,0.4333,0.5667,1.0,29.2667,1.0,0.729,-0.5559,130dc83ec06fabb5abb6079b61c5555cd533d80c67f982c94e204203d7e8edcb
francis2023_leave_group,leave_group,risk_dwa,risk_dwa,cd25d8be47ea6cfd,differential_drive,30,0.0333,0.9667,0.2,0.7667,0.9667,26.0333,0.9732,0.6414,-0.564,586220a240c1fd988acadeefdb4e352dc66c9d2d13a5a6aed114d40c2ed574b7
francis2023_leave_group,leave_group,sacadrl,sacadrl,cd25d8be47ea6cfd,differential_drive,30,0.0,1.0,1.0,0.0,1.0,13.8,1.0,1.0,-0.6211,a8cd02308e0d12455249ffff7b0b23274e1a463dfbd06901889db0a0b06f5ad0
francis2023_leave_group,leave_group,scenario_adaptive_hybrid_orca_v1,scenario_adaptive_hybrid_orca_v1,cd25d8be47ea6cfd,differential_drive,30,0.5,0.5,0.5,0.0,0.5,26.7333,0.6039,1.0,-0.4518,36854e01e49fdc6175d34fd31091f805aafcf120bdf7a1caefb7d46470c740c7
francis2023_leave_group,leave_group,scenario_adaptive_hybrid_orca_v2_collision_guard,scenario_adaptive_hybrid_orca_v2_collision_guard,cd25d8be47ea6cfd,differential_drive,30,0.5,0.5,0.5,0.0,0.5,26.7333,0.6039,1.0,-0.4518,8013b07dc6ab37d139ae7228e2a29d0a932b83231e320075e624f8fc825ad559
francis2023_leave_group,leave_group,social_force,social_force,cd25d8be47ea6cfd,differential_drive,30,0.0,1.0,1.0,0.0,1.0,9.2,1.0,1.0,-0.338,6b06ee6343fce90b89c71c4a99bfa4192d7fe8ae049e803110e6bb8bb71ff186
francis2023_leave_group,leave_group,socnav_sampling,socnav_sampling,cd25d8be47ea6cfd,differential_drive,30,0.6333,0.3667,0.3667,0.0,0.3667,8.8667,0.4587,0.8321,-0.2279,d962abe803ebc83f45b2fc8ce9b2de52b085422d4c90741706c9139783f7d422
francis2023_narrow_doorway,narrow_doorway,goal,goal,cd25d8be47ea6cfd,differential_drive,30,0.0,1.0,0.0,1.0,1.0,0.0,1.0,1.0,-0.2042,d2e25fe771d6668739f56706ed5d33618cc47e3755c6335aa6917f04e52698f7
francis2023_narrow_doorway,narrow_doorway,guarded_ppo,guarded_ppo,cd25d8be47ea6cfd,differential_drive,30,0.0,1.0,0.0,1.0,1.0,0.0,1.0,1.0,-0.1997,bb2b5ef856da4b70ddb6a89ae2664e7027ddddfd7b1bc71bfd2ce4471964a9a6
francis2023_narrow_doorway,narrow_doorway,hybrid_rule_v3_fast_progress_static_escape,hybrid_rule_v3_fast_progress_static_escape,cd25d8be47ea6cfd,differential_drive,30,0.0,1.0,0.0,1.0,1.0,0.0,1.0,1.0,-0.2348,8acc51ddb8b6a3aa53b31f788e368ea840bcb5219573042e01e314068e13f523
francis2023_narrow_doorway,narrow_doorway,hybrid_rule_v3_fast_progress_static_escape_continuous,hybrid_rule_v3_fast_progress_static_escape_continuous,cd25d8be47ea6cfd,differential_drive,30,0.0,0.7667,0.0,0.7667,0.7667,0.0,1.0,1.0,-0.4563,e68611871214a81d1f08c98c7cedaf83800319037a7668298c662853b7353d78
francis2023_narrow_doorway,narrow_doorway,orca,orca,cd25d8be47ea6cfd,differential_drive,30,0.0,0.0,0.0,0.0,0.0,0.0,1.0,1.0,-1.0949,303588c487b4697afcc518a726d9ec2c0bd6d66caba0215a06ca9d0780130ab2
francis2023_narrow_doorway,narrow_doorway,ppo,ppo,cd25d8be47ea6cfd,differential_drive,30,0.0,1.0,0.0,1.0,1.0,0.0,1.0,1.0,-0.238,54ed92c0cffb5ea4e17f5b050d3229ba94d65c70ef6a3040f22edada31b8bec5
francis2023_narrow_doorway,narrow_doorway,prediction_planner,prediction_planner,cd25d8be47ea6cfd,differential_drive,30,0.0,1.0,0.0,1.0,1.0,0.0,1.0,1.0,-0.1997,e9f6a9c05af5c655044541f245e95f305b5244cac8d515fe7689b6a9d969e60a
francis2023_narrow_doorway,narrow_doorway,predictive_mppi,predictive_mppi,cd25d8be47ea6cfd,differential_drive,30,0.0,1.0,0.0,1.0,1.0,0.0,1.0,1.0,-0.1997,f978a5902e755b9ed8c8e32dec91ac01b73a02264758d459963bd735ba7ac7e3
francis2023_narrow_doorway,narrow_doorway,risk_dwa,risk_dwa,cd25d8be47ea6cfd,differential_drive,30,0.0,1.0,0.0,1.0,1.0,0.0,1.0,1.0,-0.1997,06301e28dd7be0fedae09c376d0dca7a4f6343d07aa2023e2517fff8a5a39dbd
francis2023_narrow_doorway,narrow_doorway,sacadrl,sacadrl,cd25d8be47ea6cfd,differential_drive,30,0.0,1.0,0.0,1.0,1.0,0.0,1.0,1.0,-0.4447,7ff893db70e28ff29d9d2683373eb2df88ce4c4663495762ff3f26aeb917a0c2
francis2023_narrow_doorway,narrow_doorway,scenario_adaptive_hybrid_orca_v1,scenario_adaptive_hybrid_orca_v1,cd25d8be47ea6cfd,differential_drive,30,0.0,1.0,0.0,1.0,1.0,0.0,1.0,1.0,-0.2353,70b46a15fd2da9bf5ebb205147228d5ea60c518fdccca3bf16d80eb7f5f3454e
francis2023_narrow_doorway,narrow_doorway,scenario_adaptive_hybrid_orca_v2_collision_guard,scenario_adaptive_hybrid_orca_v2_collision_guard,cd25d8be47ea6cfd,differential_drive,30,0.0,1.0,0.0,1.0,1.0,0.0,1.0,1.0,-0.2353,f08afb764e54bbe1d3ad12f45261405e252995f289b39290ba60a0b11d704f9e
francis2023_narrow_doorway,narrow_doorway,social_force,social_force,cd25d8be47ea6cfd,differential_drive,30,0.0,0.0,0.0,0.0,0.0,0.0,1.0,0.4244,-0.8248,b1d796f481c6d0e2348d6c97a91a5e89fcff9133d49538a825e258f9dc8d8ce9
francis2023_narrow_doorway,narrow_doorway,socnav_sampling,socnav_sampling,cd25d8be47ea6cfd,differential_drive,30,0.0,1.0,0.0,1.0,1.0,0.0,1.0,1.0,-0.2014,9b55b2f4c758b802543e554e8021efe99eed1e19a6fdaf25db06bf7790e81672
francis2023_narrow_hallway,narrow_hallway,goal,goal,cd25d8be47ea6cfd,differential_drive,30,0.0,1.0,1.0,0.0,1.0,4.9,1.0,1.0,-0.2776,87da32a22cde2362a5af7cb37467442919b50316ea387ce45afad2521779447e
francis2023_narrow_hallway,narrow_hallway,guarded_ppo,guarded_ppo,cd25d8be47ea6cfd,differential_drive,30,0.2333,0.7667,0.7,0.0667,0.7667,12.9667,0.8244,1.0,-0.2573,8d6833dd5c80dd94062da4d705b3e827e872b8c50a0919c779f6e7246610137f
francis2023_narrow_hallway,narrow_hallway,hybrid_rule_v3_fast_progress_static_escape,hybrid_rule_v3_fast_progress_static_escape,cd25d8be47ea6cfd,differential_drive,30,0.8667,0.0333,0.0333,0.0,0.0333,85.7333,0.4183,1.0,-0.2007,9ea3273f1b177981a56e6ee9496f0b2d282722e3d57e7c1b7e9d5af4ac38f2d7
francis2023_narrow_hallway,narrow_hallway,hybrid_rule_v3_fast_progress_static_escape_continuous,hybrid_rule_v3_fast_progress_static_escape_continuous,cd25d8be47ea6cfd,differential_drive,30,0.8333,0.0,0.0,0.0,0.0,136.3333,0.5204,1.0,-0.2592,afd4a77628c03838d2783128ca41a1ad012964fa9cbeee4af4900bd79b5528fe
francis2023_narrow_hallway,narrow_hallway,orca,orca,cd25d8be47ea6cfd,differential_drive,30,0.5333,0.4667,0.2333,0.2333,0.4667,26.8,0.6044,1.0,-0.5798,51ab4d83153f6f4eb8711c56f129b9a5b1fbbae7424343bb20e63d437185b325
francis2023_narrow_hallway,narrow_hallway,ppo,ppo,cd25d8be47ea6cfd,differential_drive,30,0.0,1.0,0.0,1.0,1.0,0.7667,1.0,1.0,-0.3205,1c14001c3a3e80774824c3d50d70e25d84a60d03fa169339c05c755a08830deb
francis2023_narrow_hallway,narrow_hallway,prediction_planner,prediction_planner,cd25d8be47ea6cfd,differential_drive,30,0.1,0.9,0.9,0.0,0.9,6.3,0.927,1.0,-0.2604,6be1a2d4954b4d10c5abb2423fb32912956db22e0549336cff974a0c91fe6437
francis2023_narrow_hallway,narrow_hallway,predictive_mppi,predictive_mppi,cd25d8be47ea6cfd,differential_drive,30,0.0,1.0,0.4667,0.5333,1.0,28.6,1.0,1.0,-0.4293,73594a66287d4540fc007c45f211f3b9305254482ebb4be82302278a06b88620
francis2023_narrow_hallway,narrow_hallway,risk_dwa,risk_dwa,cd25d8be47ea6cfd,differential_drive,30,0.0,1.0,0.8333,0.1667,1.0,7.2333,1.0,0.9866,-0.326,908c6d05e5a9c22f7569369c7548a32c07568a3bd850982dadac5d1b485bd2af
francis2023_narrow_hallway,narrow_hallway,sacadrl,sacadrl,cd25d8be47ea6cfd,differential_drive,30,0.0,1.0,0.0,1.0,1.0,6.3,1.0,1.0,-0.5229,991bb3f4c677c89c0416d12882d28790eaf0704bb269aa05983e6332b8e32540
francis2023_narrow_hallway,narrow_hallway,scenario_adaptive_hybrid_orca_v1,scenario_adaptive_hybrid_orca_v1,cd25d8be47ea6cfd,differential_drive,30,0.8667,0.0333,0.0333,0.0,0.0333,85.7333,0.4183,1.0,-0.2007,38b1d25610cb39613f718a453789391d4eb8be949d0ea451b4df2335fce2d1c6
francis2023_narrow_hallway,narrow_hallway,scenario_adaptive_hybrid_orca_v2_collision_guard,scenario_adaptive_hybrid_orca_v2_collision_guard,cd25d8be47ea6cfd,differential_drive,30,0.8667,0.0333,0.0333,0.0,0.0333,85.7333,0.4183,1.0,-0.2007,aca19ec4731e6f437c3c62f394693310a6c37000e58267d8e53d3de5c334cddc
francis2023_narrow_hallway,narrow_hallway,social_force,social_force,cd25d8be47ea6cfd,differential_drive,30,0.0,1.0,0.0,1.0,1.0,0.0,1.0,1.0,-0.6896,086800f30b2a905ddb8ac0c6bbd8d91ff00f2f2665d9bff1bb088055acdad0b4
francis2023_narrow_hallway,narrow_hallway,socnav_sampling,socnav_sampling,cd25d8be47ea6cfd,differential_drive,30,0.0,1.0,1.0,0.0,1.0,2.2667,1.0,1.0,-0.2405,bab69754b367408b2197f21058003b1f09f3f16fbe999d248c5273bfb9f377be
francis2023_parallel_traffic,parallel_traffic,goal,goal,cd25d8be47ea6cfd,differential_drive,30,0.8667,0.1333,0.1333,0.0,0.1333,29.8333,0.6003,1.0,-0.1974,9a9967c9b94396535a54b6d9b1b73dc3bfc30ddeaea869bdf739e6023839f54e
francis2023_parallel_traffic,parallel_traffic,guarded_ppo,guarded_ppo,cd25d8be47ea6cfd,differential_drive,30,0.2,0.0,0.0,0.0,0.0,2.5667,0.9201,1.0,-0.1467,00277b78ba531c30d84e5bf837cc0d12db3d59c3cad57d85dfc805839971e4ac
francis2023_parallel_traffic,parallel_traffic,hybrid_rule_v3_fast_progress_static_escape,hybrid_rule_v3_fast_progress_static_escape,cd25d8be47ea6cfd,differential_drive,30,1.0,0.0,0.0,0.0,0.0,22.5667,0.3372,1.0,-0.0809,aff24b70f0dc30d4548acfd5db056f4902745a9a2064c4b1a988d95d9e9d6916
francis2023_parallel_traffic,parallel_traffic,hybrid_rule_v3_fast_progress_static_escape_continuous,hybrid_rule_v3_fast_progress_static_escape_continuous,cd25d8be47ea6cfd,differential_drive,30,0.9667,0.0,0.0,0.0,0.0,24.6667,0.3578,1.0,-0.0776,0debb60587ecf1c245c35db5cbd53caf6cfe712f5c94729514e2778a7f557c64
francis2023_parallel_traffic,parallel_traffic,orca,orca,cd25d8be47ea6cfd,differential_drive,30,0.9333,0.0667,0.0667,0.0,0.0667,23.4667,0.3835,0.9964,-0.2465,3a62ee87eaa80b90034403c83feaa4510f8871105cb76566e74b6d1d2383ca1c
francis2023_parallel_traffic,parallel_traffic,ppo,ppo,cd25d8be47ea6cfd,differential_drive,30,0.8333,0.1667,0.1,0.0667,0.1667,11.7,0.409,0.9968,-0.1846,ba5fea08aa3273d4180cc1eadc3c3a162cc001d482f12ff1df17aa24a354a842
francis2023_parallel_traffic,parallel_traffic,prediction_planner,prediction_planner,cd25d8be47ea6cfd,differential_drive,30,0.9333,0.0667,0.0333,0.0333,0.0667,38.9,0.4986,1.0,-0.1889,f8d6daf6c9b25154d00413e208dfe685547e1b44cec05f5957e405546b794d83
francis2023_parallel_traffic,parallel_traffic,predictive_mppi,predictive_mppi,cd25d8be47ea6cfd,differential_drive,30,0.3333,0.1,0.0333,0.0667,0.1,25.7667,0.8309,0.932,-0.3199,b0e5637518bd2f39eaf562357ac8dbfa650c2974f8100383a987722756b18664
francis2023_parallel_traffic,parallel_traffic,risk_dwa,risk_dwa,cd25d8be47ea6cfd,differential_drive,30,0.0,0.4667,0.4,0.0667,0.4667,35.7333,1.0,0.8639,-0.5593,8ad64c11b79e31358a31c460d8d6e5b5e345960f65779c9c4d8dba427bce3ee5
francis2023_parallel_traffic,parallel_traffic,sacadrl,sacadrl,cd25d8be47ea6cfd,differential_drive,30,0.5,0.5,0.3333,0.1667,0.5,21.0333,0.7775,1.0,-0.4591,699f225f094896531f48e583d26352eeb57896bbf08c2ed0786cebdd654abac9
francis2023_parallel_traffic,parallel_traffic,scenario_adaptive_hybrid_orca_v1,scenario_adaptive_hybrid_orca_v1,cd25d8be47ea6cfd,differential_drive,30,1.0,0.0,0.0,0.0,0.0,22.5667,0.3372,1.0,-0.0809,72219c78286aab7309e76bb4ebbd3a0da2bbc6f4d1657f627f07c49b45fce928
francis2023_parallel_traffic,parallel_traffic,scenario_adaptive_hybrid_orca_v2_collision_guard,scenario_adaptive_hybrid_orca_v2_collision_guard,cd25d8be47ea6cfd,differential_drive,30,1.0,0.0,0.0,0.0,0.0,22.5667,0.3372,1.0,-0.0809,7fc72cc986d20dd77597daa0c847742b5be3c2950053bd08a269ce18eb6a76c7
francis2023_parallel_traffic,parallel_traffic,social_force,social_force,cd25d8be47ea6cfd,differential_drive,30,0.0,1.0,1.0,0.0,1.0,13.5333,1.0,0.9817,-0.9961,2a2cd95bb96b8a954eee187b466279b044bb135c33e0fcf71e5c8f6b23519f10
francis2023_parallel_traffic,parallel_traffic,socnav_sampling,socnav_sampling,cd25d8be47ea6cfd,differential_drive,30,0.0333,0.9667,0.1667,0.8,0.9667,2.2,0.9761,1.0,-0.3903,142979012c9b0056dbe443fe14573883f813ce2b5444f156aa6eade8cd9e2b0f
francis2023_pedestrian_obstruction,pedestrian_obstruction,goal,goal,cd25d8be47ea6cfd,differential_drive,30,0.0,1.0,1.0,0.0,1.0,8.2,1.0,1.0,-0.328,1e06cc7bc9c0a1b89b3eaf6b9655124c0e46bb05583da1b16b8f5178e7bd30c2
francis2023_pedestrian_obstruction,pedestrian_obstruction,guarded_ppo,guarded_ppo,cd25d8be47ea6cfd,differential_drive,30,0.0,0.2,0.0,0.2,0.2,19.1333,1.0,1.0,-0.624,96f3cebc398c685db55b2131b4e9eac272c6b4e6d3a59c950abb367b30076385
francis2023_pedestrian_obstruction,pedestrian_obstruction,hybrid_rule_v3_fast_progress_static_escape,hybrid_rule_v3_fast_progress_static_escape,cd25d8be47ea6cfd,differential_drive,30,0.9667,0.0333,0.0333,0.0,0.0333,9.6,0.3224,1.0,0.0035,9611186e27d0df2456f249221017a34a4149bf57ce22f2cf76aceb6b39158f2a
francis2023_pedestrian_obstruction,pedestrian_obstruction,hybrid_rule_v3_fast_progress_static_escape_continuous,hybrid_rule_v3_fast_progress_static_escape_continuous,cd25d8be47ea6cfd,differential_drive,30,1.0,0.0,0.0,0.0,0.0,8.4667,0.3082,1.0,0.0652,46eda6d9f904b98acc38c36724b887b30f28c0f8d6502ebcd198775a4c89944b
francis2023_pedestrian_obstruction,pedestrian_obstruction,orca,orca,cd25d8be47ea6cfd,differential_drive,30,1.0,0.0,0.0,0.0,0.0,10.3667,0.2826,1.0,0.0111,df6ce4747a1fb259891e739846e728b04248af2dfe126bea0cf6bfd94fb55725
francis2023_pedestrian_obstruction,pedestrian_obstruction,ppo,ppo,cd25d8be47ea6cfd,differential_drive,30,1.0,0.0,0.0,0.0,0.0,2.9667,0.2819,1.0,0.0683,67ea761462f4de4de776397de0f43c5fa01c7b54feeb0ef2531027df83594715
francis2023_pedestrian_obstruction,pedestrian_obstruction,prediction_planner,prediction_planner,cd25d8be47ea6cfd,differential_drive,30,0.2667,0.7333,0.7333,0.0,0.7333,24.2,0.8378,1.0,-0.4102,1f1f292c4463f5e89d4c8b5dd9dc4395bf490191a1dc6caf07ab436074f4c964
francis2023_pedestrian_obstruction,pedestrian_obstruction,predictive_mppi,predictive_mppi,cd25d8be47ea6cfd,differential_drive,30,0.4333,0.2,0.2,0.0,0.2,35.2,0.7502,0.9333,-0.326,0057bae4ec30f28595b79b9e580d9be63734f4585fc02a3a0966c96cac967315
francis2023_pedestrian_obstruction,pedestrian_obstruction,risk_dwa,risk_dwa,cd25d8be47ea6cfd,differential_drive,30,0.0,0.4,0.4,0.0,0.4,22.3,1.0,0.8488,-0.4838,bb37a59a920b153dddadf74d3e966a6b24c8eb93309284d6ef84f60bec57bdcb
francis2023_pedestrian_obstruction,pedestrian_obstruction,sacadrl,sacadrl,cd25d8be47ea6cfd,differential_drive,30,0.0,1.0,0.0,1.0,1.0,0.0,1.0,1.0,-0.7271,2f58bb544dba20c30f95b14d8c32388a18e4764b59adbdd4bfca862f02fccc45
francis2023_pedestrian_obstruction,pedestrian_obstruction,scenario_adaptive_hybrid_orca_v1,scenario_adaptive_hybrid_orca_v1,cd25d8be47ea6cfd,differential_drive,30,0.9667,0.0333,0.0333,0.0,0.0333,9.6,0.3224,1.0,0.0035,7b2fbf56769c82b2168eeb7da05d21731e38644b914ec907a2152ab6e7c92630
francis2023_pedestrian_obstruction,pedestrian_obstruction,scenario_adaptive_hybrid_orca_v2_collision_guard,scenario_adaptive_hybrid_orca_v2_collision_guard,cd25d8be47ea6cfd,differential_drive,30,0.9667,0.0333,0.0333,0.0,0.0333,9.6,0.3224,1.0,0.0035,4097c1aafa12f3e997cd1bf1e4543804fc7a7cf7e9af9834062c3e37c9077cf7
francis2023_pedestrian_obstruction,pedestrian_obstruction,social_force,social_force,cd25d8be47ea6cfd,differential_drive,30,0.0,0.0,0.0,0.0,0.0,0.0,1.0,0.6336,-0.8053,eb9cd44282f9ac76a847a003e772005a8d41875e2798bc668e0207273d53b5c5
francis2023_pedestrian_obstruction,pedestrian_obstruction,socnav_sampling,socnav_sampling,cd25d8be47ea6cfd,differential_drive,30,0.0,1.0,1.0,0.0,1.0,3.2,1.0,1.0,-0.2511,44d02f1cfe57d8b79a6d89d1f7f153b7b6865f4acbd57fc2a4a9a7629726f630
francis2023_pedestrian_overtaking,pedestrian_overtaking,goal,goal,cd25d8be47ea6cfd,differential_drive,30,1.0,0.0,0.0,0.0,0.0,0.0,0.5381,1.0,0.1291,6f1e9f86dccd0f427c7ca69e311be3a468ca5e63afab35d8d166846340b5a0fa
francis2023_pedestrian_overtaking,pedestrian_overtaking,guarded_ppo,guarded_ppo,cd25d8be47ea6cfd,differential_drive,30,1.0,0.0,0.0,0.0,0.0,0.0,0.2799,1.0,0.1504,416adee656acfe1c1748c39353ed0350db7a0e6d4d0b6781ac2400e61a6a4de8
francis2023_pedestrian_overtaking,pedestrian_overtaking,hybrid_rule_v3_fast_progress_static_escape,hybrid_rule_v3_fast_progress_static_escape,cd25d8be47ea6cfd,differential_drive,30,1.0,0.0,0.0,0.0,0.0,0.0,0.2846,1.0,0.1501,488976c48efacebcfc64287fe4a1e02a06ad5755832c188b53ca9c03fd1efb93
francis2023_pedestrian_overtaking,pedestrian_overtaking,hybrid_rule_v3_fast_progress_static_escape_continuous,hybrid_rule_v3_fast_progress_static_escape_continuous,cd25d8be47ea6cfd,differential_drive,30,1.0,0.0,0.0,0.0,0.0,0.0,0.2889,1.0,0.1407,39cdd6cbf376a74c161cd89cd8ff4deaae28f6bab08b260e39ae2596cddc4431
francis2023_pedestrian_overtaking,pedestrian_overtaking,orca,orca,cd25d8be47ea6cfd,differential_drive,30,1.0,0.0,0.0,0.0,0.0,0.0,0.2803,1.0,0.1504,04e1625d87cf749ade3e3cf71470cee7196fbcdd8d28db3d6251df0800074f47
francis2023_pedestrian_overtaking,pedestrian_overtaking,ppo,ppo,cd25d8be47ea6cfd,differential_drive,30,1.0,0.0,0.0,0.0,0.0,0.0,0.2821,1.0,0.1179,a318ef5ff66ee83adca71bfaa16632759d8ab4a9c674a92f18a6176d8bce5912
francis2023_pedestrian_overtaking,pedestrian_overtaking,prediction_planner,prediction_planner,cd25d8be47ea6cfd,differential_drive,30,0.9667,0.0333,0.0,0.0333,0.0333,0.0,0.3952,1.0,0.1312,b76ca3e2c5896f686c0a128d699563d498a46dfb19d6971c66a596ddd428f16a
francis2023_pedestrian_overtaking,pedestrian_overtaking,predictive_mppi,predictive_mppi,cd25d8be47ea6cfd,differential_drive,30,0.0333,0.0,0.0,0.0,0.0,0.0,0.9849,0.942,-0.2085,98f3b23173ad4fbf79f127714e0de32d78d16d8559e70d4a3b6624d50c78b481
francis2023_pedestrian_overtaking,pedestrian_overtaking,risk_dwa,risk_dwa,cd25d8be47ea6cfd,differential_drive,30,0.0,0.3,0.0,0.3,0.3,0.0,1.0,0.7383,-0.2247,bdb318b8f0548993c0a76a7d0d9a98cbd94667f02b59eb4ae8729331cbc7602c
francis2023_pedestrian_overtaking,pedestrian_overtaking,sacadrl,sacadrl,cd25d8be47ea6cfd,differential_drive,30,1.0,0.0,0.0,0.0,0.0,3.7,0.5474,1.0,0.0085,be17f6dbdd127e654e3ed22c22681c9abe9d63f81df9e20d1234f7308974a6df
francis2023_pedestrian_overtaking,pedestrian_overtaking,scenario_adaptive_hybrid_orca_v1,scenario_adaptive_hybrid_orca_v1,cd25d8be47ea6cfd,differential_drive,30,1.0,0.0,0.0,0.0,0.0,0.0,0.2846,1.0,0.1501,2ed8020887766f9bd4b5ae1c1d5f27db099ed57b83d5c581255e2c7c3794c755
francis2023_pedestrian_overtaking,pedestrian_overtaking,scenario_adaptive_hybrid_orca_v2_collision_guard,scenario_adaptive_hybrid_orca_v2_collision_guard,cd25d8be47ea6cfd,differential_drive,30,1.0,0.0,0.0,0.0,0.0,0.0,0.2846,1.0,0.1501,2b2018343ce653de865aca5bf8071c783cbfd30c34e49edd762322984fb38452
francis2023_pedestrian_overtaking,pedestrian_overtaking,social_force,social_force,cd25d8be47ea6cfd,differential_drive,30,0.0,0.4,0.4,0.0,0.4,6.1,1.0,0.7795,-0.9082,c9a5d3547e57c85c4861ae0070553001927432601c71b646bc5bcfb801a90af0
francis2023_pedestrian_overtaking,pedestrian_overtaking,socnav_sampling,socnav_sampling,cd25d8be47ea6cfd,differential_drive,30,1.0,0.0,0.0,0.0,0.0,0.0,0.2796,1.0,0.1505,e79dcf99fca23efb3ab430f663b1c8a336271b0e1dce71d988400b271a75bcbc
francis2023_perpendicular_traffic,perpendicular_traffic,goal,goal,cd25d8be47ea6cfd,differential_drive,30,0.5333,0.4667,0.4667,0.0,0.4667,11.5667,0.6653,1.0,-0.1825,ddc1ca29a429cb11e1f425139b6f815bc934207cc9f339cad2e4b11a7a8cc36e
francis2023_perpendicular_traffic,perpendicular_traffic,guarded_ppo,guarded_ppo,cd25d8be47ea6cfd,differential_drive,30,0.0,0.0,0.0,0.0,0.0,30.8333,1.0,1.0,-0.4837,288f93520a579b31da8d4773f67636b8061a3f611c13accdcd5ecb3eb885aae3
francis2023_perpendicular_traffic,perpendicular_traffic,hybrid_rule_v3_fast_progress_static_escape,hybrid_rule_v3_fast_progress_static_escape,cd25d8be47ea6cfd,differential_drive,30,0.9,0.1,0.0,0.1,0.1,8.3667,0.3096,1.0,-0.0205,50453aa0c272c564cdee0229d239af1114fff9a1e0603a5855de26e6ed179c14
francis2023_perpendicular_traffic,perpendicular_traffic,hybrid_rule_v3_fast_progress_static_escape_continuous,hybrid_rule_v3_fast_progress_static_escape_continuous,cd25d8be47ea6cfd,differential_drive,30,0.7,0.1,0.0,0.1,0.1,5.9,0.4511,1.0,-0.1591,546d33ccccd088315444da3f07fc1aeadfb3f2df67b2991cf2f9c1cbfdbba07b
francis2023_perpendicular_traffic,perpendicular_traffic,orca,orca,cd25d8be47ea6cfd,differential_drive,30,0.6333,0.3333,0.3333,0.0,0.3333,13.0333,0.5484,0.9693,-0.3101,dc3140fccb9d18137b40cb5e2ea9bae145b0bc11fc1b552025a64de0e5f43c1d
francis2023_perpendicular_traffic,perpendicular_traffic,ppo,ppo,cd25d8be47ea6cfd,differential_drive,30,0.9333,0.0667,0.0667,0.0,0.0667,5.3333,0.2555,1.0,-0.0466,c22f86e2cb8a321dc49e48deffffafe57a04389155e853d76f09d06bc097e81c
francis2023_perpendicular_traffic,perpendicular_traffic,prediction_planner,prediction_planner,cd25d8be47ea6cfd,differential_drive,30,0.7333,0.2667,0.2667,0.0,0.2667,10.9,0.4603,1.0,-0.0891,363378503f14a5bf5da27781b3aa6f96a705df524aa39727239ae79755323f6c
francis2023_perpendicular_traffic,perpendicular_traffic,predictive_mppi,predictive_mppi,cd25d8be47ea6cfd,differential_drive,30,0.2,0.8,0.0333,0.7667,0.8,33.8,0.8592,0.9975,-0.396,71df5517bba0a9f2560fcf81e5ea4b8a8d810ab42d012a9a6237d38e473c2bea
francis2023_perpendicular_traffic,perpendicular_traffic,risk_dwa,risk_dwa,cd25d8be47ea6cfd,differential_drive,30,0.0,1.0,0.2,0.8,1.0,14.2333,1.0,1.0,-0.481,ebe609a9ad80fd932bc17a7edb66c98cb4918ce809be905d1607e3f365a9a73f
francis2023_perpendicular_traffic,perpendicular_traffic,sacadrl,sacadrl,cd25d8be47ea6cfd,differential_drive,30,0.4333,0.5667,0.5667,0.0,0.5667,9.0667,0.7314,1.0,-0.358,f110b4bfa506f41ee4f2ff723b5f326cc94dc3e3b50819b9f897c017a0ec0661
francis2023_perpendicular_traffic,perpendicular_traffic,scenario_adaptive_hybrid_orca_v1,scenario_adaptive_hybrid_orca_v1,cd25d8be47ea6cfd,differential_drive,30,0.9,0.1,0.0,0.1,0.1,8.3667,0.3097,1.0,-0.0206,12ec230cf55efa0c1a4065a2dcb74a5e394fd6fff685b81fb17717bf8f69f45a
francis2023_perpendicular_traffic,perpendicular_traffic,scenario_adaptive_hybrid_orca_v2_collision_guard,scenario_adaptive_hybrid_orca_v2_collision_guard,cd25d8be47ea6cfd,differential_drive,30,0.9,0.1,0.0,0.1,0.1,8.3667,0.3097,1.0,-0.0206,2a61c13faabe123a8ffca039e28ad1f1be8b69d2b22a0764c894a4b7dbcaaf48
francis2023_perpendicular_traffic,perpendicular_traffic,social_force,social_force,cd25d8be47ea6cfd,differential_drive,30,0.0,0.7667,0.0,0.7667,0.7667,0.0,1.0,0.8101,-0.9115,16fe1c253b4a05aef9f57683a2ddad6c2f0ce1fdd9958659dfd7349f11010626
francis2023_perpendicular_traffic,perpendicular_traffic,socnav_sampling,socnav_sampling,cd25d8be47ea6cfd,differential_drive,30,0.2,0.8,0.1667,0.6333,0.8,1.6667,0.8395,1.0,-0.2087,59b6b4983e601f6b65f3974876dab4f73fa4637236423b2869dc35730ea0b9ba
francis2023_robot_crowding,robot_crowding,goal,goal,cd25d8be47ea6cfd,differential_drive,30,0.0,1.0,1.0,0.0,1.0,12.2,1.0,1.0,-0.4897,34a29fa7a98c8dcae419faec9e912ee5ac94e73a4e5aa86bb900ae96ac321cc3
francis2023_robot_crowding,robot_crowding,guarded_ppo,guarded_ppo,cd25d8be47ea6cfd,differential_drive,30,0.0,0.1,0.1,0.0,0.1,90.4667,1.0,1.0,-0.6217,6361ba2c3d86357a2e89539329a9df8424777d9f48252826aec838c840ea806b
francis2023_robot_crowding,robot_crowding,hybrid_rule_v3_fast_progress_static_escape,hybrid_rule_v3_fast_progress_static_escape,cd25d8be47ea6cfd,differential_drive,30,0.8333,0.1667,0.1667,0.0,0.1667,97.8333,0.4052,0.9972,-0.5711,5a37c5ce82111e5b3ea7807068b78a05fdee95f12c98ec3a06225041c1f26c66
francis2023_robot_crowding,robot_crowding,hybrid_rule_v3_fast_progress_static_escape_continuous,hybrid_rule_v3_fast_progress_static_escape_continuous,cd25d8be47ea6cfd,differential_drive,30,0.8333,0.1667,0.1667,0.0,0.1667,112.6333,0.4626,0.9937,-0.7548,3cfbdf2e53853769c98e38cac1b402000be86fa1830da81063914f1d95c5f414
francis2023_robot_crowding,robot_crowding,orca,orca,cd25d8be47ea6cfd,differential_drive,30,0.5,0.5,0.5,0.0,0.5,14.6333,0.6176,0.9034,-0.5583,9bd806b1bba1886fb12ad2b402e7de803180d5d3b2ab20efa80431ca249adaf6
francis2023_robot_crowding,robot_crowding,ppo,ppo,cd25d8be47ea6cfd,differential_drive,30,0.7333,0.2667,0.2667,0.0,0.2667,11.7333,0.406,0.6693,-0.4889,4f3308a1bd93fc830b6d413485349bcc1aa372a296f76bf9316017a38ef94af7
francis2023_robot_crowding,robot_crowding,prediction_planner,prediction_planner,cd25d8be47ea6cfd,differential_drive,30,0.2,0.8,0.8,0.0,0.8,30.3667,0.8477,1.0,-0.4579,3dff95efef50d045497f286807bf95328d3a41bf994f7f09d4fb4a550a7f908e
francis2023_robot_crowding,robot_crowding,predictive_mppi,predictive_mppi,cd25d8be47ea6cfd,differential_drive,30,0.0,0.9667,0.9333,0.0333,0.9667,62.5667,1.0,0.9514,-0.6569,10d924f769f631768070e84272621d35d2160d3923622a112202c76e02735b84
francis2023_robot_crowding,robot_crowding,risk_dwa,risk_dwa,cd25d8be47ea6cfd,differential_drive,30,0.0,1.0,0.9333,0.0667,1.0,73.3333,1.0,0.9361,-0.7705,107ecc7f27bdefd4a006d8f7227ca5288d5de0e9d7a8ea6dd515fea322e1f2a6
francis2023_robot_crowding,robot_crowding,sacadrl,sacadrl,cd25d8be47ea6cfd,differential_drive,30,0.1667,0.8333,0.8333,0.0,0.8333,19.0,0.8694,1.0,-0.6308,5a5c8b656a11d963c4d872a55b0f498be2475e7df3d70aef4474cff28b100688
francis2023_robot_crowding,robot_crowding,scenario_adaptive_hybrid_orca_v1,scenario_adaptive_hybrid_orca_v1,cd25d8be47ea6cfd,differential_drive,30,0.8333,0.1667,0.1667,0.0,0.1667,97.8333,0.4052,0.9972,-0.5711,2afccbb0e7f55b711c21a520d6819cf057425343ad414236e2c7d0688a7d55c8
francis2023_robot_crowding,robot_crowding,scenario_adaptive_hybrid_orca_v2_collision_guard,scenario_adaptive_hybrid_orca_v2_collision_guard,cd25d8be47ea6cfd,differential_drive,30,0.8333,0.1667,0.1667,0.0,0.1667,97.8333,0.4052,0.9972,-0.5711,02efa2a1db9e82bf8e75c0b09141d65090d6bd2cd39a311ac0e53679d2b7fe0e
francis2023_robot_crowding,robot_crowding,social_force,social_force,cd25d8be47ea6cfd,differential_drive,30,0.0,1.0,1.0,0.0,1.0,13.6333,1.0,0.9973,-0.5015,5211f3dbf2159669b4bf234f0b32b9b9bb27180830719ae5219b06c63f3a868b
francis2023_robot_crowding,robot_crowding,socnav_sampling,socnav_sampling,cd25d8be47ea6cfd,differential_drive,30,0.0,1.0,0.0,1.0,1.0,0.0,1.0,0.8555,-0.994,f52ed187805dc96c0ab13358f8e449265898e73930bca574499be69b02ea0454
francis2023_robot_overtaking,robot_overtaking,goal,goal,cd25d8be47ea6cfd,differential_drive,30,0.0,1.0,1.0,0.0,1.0,9.3,1.0,1.0,-0.3645,09b40e1e8d035bf01674c22b3556877c0719b63cabc774fefd099fd3fe050339
francis2023_robot_overtaking,robot_overtaking,guarded_ppo,guarded_ppo,cd25d8be47ea6cfd,differential_drive,30,0.0,0.0,0.0,0.0,0.0,15.0,1.0,1.0,-0.2805,2196eff737970f91d7f84645d0c0d277900f690b84568d8e60a09b7a28516bcd
francis2023_robot_overtaking,robot_overtaking,hybrid_rule_v3_fast_progress_static_escape,hybrid_rule_v3_fast_progress_static_escape,cd25d8be47ea6cfd,differential_drive,30,1.0,0.0,0.0,0.0,0.0,6.7667,0.2959,1.0,0.0617,1f4c6113c47cac0cbfb27c673a9b2ef03950873b9101f602e43b11ee1fcd603a
francis2023_robot_overtaking,robot_overtaking,hybrid_rule_v3_fast_progress_static_escape_continuous,hybrid_rule_v3_fast_progress_static_escape_continuous,cd25d8be47ea6cfd,differential_drive,30,1.0,0.0,0.0,0.0,0.0,1.4333,0.2954,1.0,0.136,fc77b5593b014ab7c16d4e268240c04869c610d4c97dcc382b2e4ba8b8b4edfb
francis2023_robot_overtaking,robot_overtaking,orca,orca,cd25d8be47ea6cfd,differential_drive,30,1.0,0.0,0.0,0.0,0.0,2.3333,0.2932,1.0,0.0882,ce676db80e414094c8ddea68f5143304ffd81aa95c20ce60b8d228cf40d1b7ad
francis2023_robot_overtaking,robot_overtaking,ppo,ppo,cd25d8be47ea6cfd,differential_drive,30,1.0,0.0,0.0,0.0,0.0,2.6333,0.2873,0.9998,-0.0002,68d8df0fb39df3d406f702f5ad80d38d783285ff06c5ff0f6798ff88deb64b74
francis2023_robot_overtaking,robot_overtaking,prediction_planner,prediction_planner,cd25d8be47ea6cfd,differential_drive,30,0.4,0.6,0.5,0.1,0.6,33.1667,0.7589,1.0,-0.4105,f44308bdf4ab1612b0d12f7f5a6cea1c2df59608ce797d9f13597005394aff9a
francis2023_robot_overtaking,robot_overtaking,predictive_mppi,predictive_mppi,cd25d8be47ea6cfd,differential_drive,30,0.4333,0.3333,0.3,0.0333,0.3333,25.7667,0.7529,0.9522,-0.3173,5a6b40169ccd8cfa154e5e45ab9ce9cfaf8eca67ba1ea7b16db533a19852e704
francis2023_robot_overtaking,robot_overtaking,risk_dwa,risk_dwa,cd25d8be47ea6cfd,differential_drive,30,0.0333,0.4333,0.4333,0.0,0.4333,12.2333,0.9821,0.8639,-0.3854,22a4403e59f8a375e7a7729e1b002b6c6036a656c4de0d89ff90444705e82df1
francis2023_robot_overtaking,robot_overtaking,sacadrl,sacadrl,cd25d8be47ea6cfd,differential_drive,30,0.9667,0.0333,0.0,0.0333,0.0333,0.0,0.5713,0.9976,-0.0152,bf0c4ce8c3ccae8598cf2391bd2ccda19f2682b58b41e9c839a9090e53737a9d
francis2023_robot_overtaking,robot_overtaking,scenario_adaptive_hybrid_orca_v1,scenario_adaptive_hybrid_orca_v1,cd25d8be47ea6cfd,differential_drive,30,1.0,0.0,0.0,0.0,0.0,6.7667,0.2959,1.0,0.0617,49c5106a18e70f13d8493006e574f69c6aabe77a7a9ebfadcf70e608490a7f91
francis2023_robot_overtaking,robot_overtaking,scenario_adaptive_hybrid_orca_v2_collision_guard,scenario_adaptive_hybrid_orca_v2_collision_guard,cd25d8be47ea6cfd,differential_drive,30,1.0,0.0,0.0,0.0,0.0,6.7667,0.2959,1.0,0.0617,b8c75ae5fe25e2e49c800b9c1ee76a39d773f2513ab63c73b047437e7f6f1857
francis2023_robot_overtaking,robot_overtaking,social_force,social_force,cd25d8be47ea6cfd,differential_drive,30,0.0,0.1667,0.1667,0.0,0.1667,1.5,1.0,0.6956,-0.7833,1eb35eb18462cbbe402a4aa1a3e600b80cf2ec50dd6896746983300b8baf2c35
francis2023_robot_overtaking,robot_overtaking,socnav_sampling,socnav_sampling,cd25d8be47ea6cfd,differential_drive,30,0.1667,0.8333,0.8333,0.0,0.8333,6.0333,0.8804,1.0,-0.2481,ff751a9d41351e55a1348a26a4f48f59ad653c332056ec73364d5cf17ea09a30
