{
  "timestamp": "2025-09-23T07:11:50.881074+00:00",
  "iterations": 5,
  "results": {
    "make_robot_env": {
      "mean_ms": 218.33489180717152,
      "p95_ms": 760.2740664093288,
      "std_ms": 361.2085066622504,
      "raw": [
        940.75145800889,
        37.94525000557769,
        37.31404201244004,
        38.3645000110846,
        37.29920899786521
      ]
    },
    "make_image_robot_env": {
      "mean_ms": 656.2383752025198,
      "p95_ms": 2397.365941209136,
      "std_ms": 1157.0688079740453,
      "raw": [
        2970.011916011572,
        106.782041999395,
        55.44054199708626,
        93.7681670038728,
        55.189209000673145
      ]
    }
  },
  "notes": "Creation timing only; excludes step performance."
}