path,freeze_sha256,main_and_head_sha256,same_as_freeze,unchanged_by_pr
configs/adversarial/crossing_ttc_space.yaml,e90353f9653173cc351117bfc874c1e7d5933d32f1f892f1b264d8148c767f34,e90353f9653173cc351117bfc874c1e7d5933d32f1f892f1b264d8148c767f34,true,true
configs/adversarial/doorway_blocker_multi_ped_example.yaml,d5ded4722869309f9388895e39aaa88e2d54167b14ae95514bc574075a234e43,d5ded4722869309f9388895e39aaa88e2d54167b14ae95514bc574075a234e43,true,true
configs/adversarial/group_squeeze_multi_ped_example.yaml,49f4344d9e0602ccb5c9324d05a2ccea1cc730e9cfa17daf6472a131b1c1d6cb,49f4344d9e0602ccb5c9324d05a2ccea1cc730e9cfa17daf6472a131b1c1d6cb,true,true
configs/adversarial/issue_1500_adversarial_comparison_manifest.v1.yaml,82383724e2477c3e9c2664aeaeaa85f9ae435f4404b386156cbca1b55d97c571,82383724e2477c3e9c2664aeaeaa85f9ae435f4404b386156cbca1b55d97c571,true,true
configs/adversarial/issue_3079_package_b_budget_matched.yaml,9f174f067d23efd374c019702168213a27085dfffa1b0b5bc10adafaa9614e04,9f174f067d23efd374c019702168213a27085dfffa1b0b5bc10adafaa9614e04,true,true
configs/adversarial/issue_3275_same_planner_contract.json,2f57c1d155752bc04556cbeef4df41b98fcd9fcb0ae92605ad87f725b39e6ae8,2f57c1d155752bc04556cbeef4df41b98fcd9fcb0ae92605ad87f725b39e6ae8,true,true
configs/adversarial/issue_4360_dispatchable_repro_seeds.yaml,576be3f8ed1f96e7da089c605728ffd2b64ba339128ec1a09ed507dc5f3bb178,576be3f8ed1f96e7da089c605728ffd2b64ba339128ec1a09ed507dc5f3bb178,true,true
configs/adversarial/issue_4360_residual_adversary.yaml,35e788d48dae338a58458f5f6f81ab42623a800e74fce3e00a90f6504ac460da,35e788d48dae338a58458f5f6f81ab42623a800e74fce3e00a90f6504ac460da,true,true
configs/adversarial/issue_4360_search_harness_fixture.yaml,6f6b9042d99cfbf5e80bb7b2d1b3cb0aa9124395cad75de83a5082a012f7e6cb,6f6b9042d99cfbf5e80bb7b2d1b3cb0aa9124395cad75de83a5082a012f7e6cb,true,true
configs/adversarial/issue_5303_classic_group_crossing_medium.yaml,22eee6b350a9314db73514fc871fee66a97d2695811cbfadd87b4484155d32e3,22eee6b350a9314db73514fc871fee66a97d2695811cbfadd87b4484155d32e3,true,true
configs/adversarial/issue_5303_classic_group_crossing_medium_v2.yaml,b40930ae37095a5d1684738408a387ba2062c4c1ffc7ba63391ab8c04df77663,b40930ae37095a5d1684738408a387ba2062c4c1ffc7ba63391ab8c04df77663,true,true
configs/adversarial/issue_5303_search_promotion_contract.yaml,1b6ce7fd00bbe07eb896ecb54e053fca89715bed25107f49736a586d574bf8b6,1b6ce7fd00bbe07eb896ecb54e053fca89715bed25107f49736a586d574bf8b6,true,true
configs/adversarial/issue_5303_search_promotion_contract_v2.yaml,77cfb164e879d641f2081d2654d038e7a31362239aaf2d63e258206433492fa7,77cfb164e879d641f2081d2654d038e7a31362239aaf2d63e258206433492fa7,true,true
configs/adversarial/issue_5303_search_promotion_space.yaml,04906a154f88c17b5d2797a4d6d934f5b6b74cc25d7e99796bd603f9823f2106,04906a154f88c17b5d2797a4d6d934f5b6b74cc25d7e99796bd603f9823f2106,true,true
configs/adversarial/issue_5303_search_promotion_space_v2.yaml,1f65d0913d0871ee4e658a560a870f8e8a9f74589397c6c613440a90f2757099,1f65d0913d0871ee4e658a560a870f8e8a9f74589397c6c613440a90f2757099,true,true
configs/adversarial/issue_5308_knife_edge_flip_report.json,9bf73846c0dee26809ec0db22ae5b42314c03471401493548907539b02f42156,9bf73846c0dee26809ec0db22ae5b42314c03471401493548907539b02f42156,true,true
configs/adversarial/issue_5308_qd_doorway.yaml,5e306abc382a17fe2812f92f09d2188c83c8cec2425790555fb74de1690cc294,5e306abc382a17fe2812f92f09d2188c83c8cec2425790555fb74de1690cc294,true,true
configs/adversarial/issue_5326_objective_comparison.yaml,9b5fa1d27b705583b7a0fa5369ff693e1f5664271160ebfb947f23a0a5b936b4,9b5fa1d27b705583b7a0fa5369ff693e1f5664271160ebfb947f23a0a5b936b4,true,true
configs/adversarial/issue_6911_residual_search.yaml,c9d6a911ebcb9426775071f63a4f741728ac3997c22908500dcdd04c93cfe4df,c9d6a911ebcb9426775071f63a4f741728ac3997c22908500dcdd04c93cfe4df,true,true
configs/adversarial/issue_6917_objective_proxy.yaml,3ce40e8010d886d6db619995c34eb40c2d7ea02a83ca01af7ce82b7054e7b604,3ce40e8010d886d6db619995c34eb40c2d7ea02a83ca01af7ce82b7054e7b604,true,true
configs/adversarial/issue_6921_crossing_ttc_space.yaml,6c6525b3d9e6d60d31803114635cd113ca1cb20794c369934266bdab6257157e,6c6525b3d9e6d60d31803114635cd113ca1cb20794c369934266bdab6257157e,true,true
configs/adversarial/issue_6921_matched_compute_packet.yaml,4527f00dc700409bf9d9f9c0c2a1d0958903693368afd789793415726057b2f3,4527f00dc700409bf9d9f9c0c2a1d0958903693368afd789793415726057b2f3,true,true
configs/adversarial/issue_7340_station_platform_medium_v1.yaml,b82dce96beb16cedd53a0584981d1c5cc9d1a4bdac043b2a9e9168fcb058dec1,b82dce96beb16cedd53a0584981d1c5cc9d1a4bdac043b2a9e9168fcb058dec1,true,true
configs/adversarial/issue_7340_station_platform_search_space_v1.yaml,c196ccd789238dd0ea946b6d45f2c29d3f225527cbc4ab8c65d6c6221f4d57f4,c196ccd789238dd0ea946b6d45f2c29d3f225527cbc4ab8c65d6c6221f4d57f4,true,true
configs/adversarial/issue_8570_bounded_falsification_answerability_v1.yaml,2a5243ac1c8a2f8b21540d054dfa3acfce464bc0a2d06ec0db42675464b01786,2a5243ac1c8a2f8b21540d054dfa3acfce464bc0a2d06ec0db42675464b01786,true,true
configs/adversarial/issue_8891_temporal_robustness_packet.yaml,00e3d8764ce07ea6306b4d91f765fb35735f256fb4514589cdd76cdd2a744b4a,b9221d71155c392a759ff48bbf8a23055c1ca4c12d5ea06f3cb8eb46c0e5cd87,false,true
configs/adversarial/issue_9645_pilot_space.v1.yaml,cec4f3a9918518f26f1fb30d89cb900b6e46281421b9c5945d2a18a2d0be6e7f,cec4f3a9918518f26f1fb30d89cb900b6e46281421b9c5945d2a18a2d0be6e7f,true,true
configs/adversarial_routes/default.yaml,d2e88b5f6daf265bd76e21b2c3bb538656baf5f8d22e82de319f4058759fdc69,d2e88b5f6daf265bd76e21b2c3bb538656baf5f8d22e82de319f4058759fdc69,true,true
configs/algos/chance_constrained_mpc_calibration_sweep_diagnostic.yaml,50c1cbdcc7b24a941f299b2e0233ae9d1e44c194f80e27ee44efb633866eef45,50c1cbdcc7b24a941f299b2e0233ae9d1e44c194f80e27ee44efb633866eef45,true,true
configs/algos/chance_constrained_mpc_cv_gmm_diagnostic.yaml,f959fa761e3518ca6baab7270b40794d4011951b5adbba114a7f019be8ccfff6,f959fa761e3518ca6baab7270b40794d4011951b5adbba114a7f019be8ccfff6,true,true
configs/algos/chance_constrained_mpc_cvar_tail_gmm_diagnostic.yaml,c1c17086afe9cdbe3c4ad969023425f24b2b7afc1e99d639e034fb3f4e6df52e,c1c17086afe9cdbe3c4ad969023425f24b2b7afc1e99d639e034fb3f4e6df52e,true,true
configs/algos/chance_constrained_mpc_gmm.yaml,28856190416cab0cf74b6cb3e3a0511a0ac3839216bc7c99c9fa3b9a06c9c051,28856190416cab0cf74b6cb3e3a0511a0ac3839216bc7c99c9fa3b9a06c9c051,true,true
configs/algos/diffusion_policy_issue_4010_smoke.yaml,4d1de42c0ee0d1a13e0e94708f42d3a2e2a1b012ef80e8894c368f244663c8a2,4d1de42c0ee0d1a13e0e94708f42d3a2e2a1b012ef80e8894c368f244663c8a2,true,true
configs/algos/dr_mpc_exploratory.yaml,1ab2feb80f3bdb70522eaabcf1990abdda6579d86b168799850159e7c0da8a7c,1ab2feb80f3bdb70522eaabcf1990abdda6579d86b168799850159e7c0da8a7c,true,true
configs/algos/dwa_classic.yaml,e7244770bd492dceaefc84ea78eeaadac0f253e2abe6d983aac14c1cfac95592,e7244770bd492dceaefc84ea78eeaadac0f253e2abe6d983aac14c1cfac95592,true,true
configs/algos/dwa_global_route_probe.yaml,058305984758a8097f84c30d04afcf1882cc77be3424c89fc033a58526357302,058305984758a8097f84c30d04afcf1882cc77be3424c89fc033a58526357302,true,true
configs/algos/dwa_prediction_scoring.yaml,fbe22f5ae6783668c29e623b1dd52cd41443d6c08597bb0b2b6f470e5d5d994a,fbe22f5ae6783668c29e623b1dd52cd41443d6c08597bb0b2b6f470e5d5d994a,true,true
configs/algos/dwa_route_rescue.yaml,80d70aba8abc2934492a51ac0cffb0eedb30afb65832f1478e48341bd23c3ea2,80d70aba8abc2934492a51ac0cffb0eedb30afb65832f1478e48341bd23c3ea2,true,true
configs/algos/gap_prediction_camera_ready.yaml,ce0a659d71b6388ebf9fff6139a4a15c0ead61ef7d5d937856b09cca31c7688c,ce0a659d71b6388ebf9fff6139a4a15c0ead61ef7d5d937856b09cca31c7688c,true,true
configs/algos/grid_route_camera_ready.yaml,39a573e4a958cb20d333d6f664ab8dfec69ae937c5bf01116d44bbc20171bffc,39a573e4a958cb20d333d6f664ab8dfec69ae937c5bf01116d44bbc20171bffc,true,true
configs/algos/guarded_ppo_balanced.yaml,44432c05c317688186d9d424ce22d261fe22cf78c1280ccb6485f3316409f2ef,44432c05c317688186d9d424ce22d261fe22cf78c1280ccb6485f3316409f2ef,true,true
configs/algos/guarded_ppo_camera_ready.yaml,d2b61082f11574b2f03c50a110cf5f945b908053df65968399a5c863e69ee854,d2b61082f11574b2f03c50a110cf5f945b908053df65968399a5c863e69ee854,true,true
configs/algos/guarded_ppo_camera_ready_cpu.yaml,69f273f311590009a344f3a88592cb19f54524d252f469ab5fc66f7cf2c9e772,69f273f311590009a344f3a88592cb19f54524d252f469ab5fc66f7cf2c9e772,true,true
configs/algos/guarded_ppo_camera_ready_cpu_goal_v2.yaml,fe737292f6d2f0cc4d8833b1e3ac668c98f047d32d2bac30a7830b895ae948a7,fe737292f6d2f0cc4d8833b1e3ac668c98f047d32d2bac30a7830b895ae948a7,true,true
configs/algos/guarded_ppo_issue_9533_progress_escape.yaml,3b05713cfb1c81269e6557b6d07c326f76f70b74a4b4ac5509a2b23b48dd5890,3b05713cfb1c81269e6557b6d07c326f76f70b74a4b4ac5509a2b23b48dd5890,true,true
configs/algos/guarded_ppo_lighter.yaml,a172dc7d232132a3dda7fa173c3d8b07d4f1133a758a01e646f95bbdb2e4712e,a172dc7d232132a3dda7fa173c3d8b07d4f1133a758a01e646f95bbdb2e4712e,true,true
configs/algos/guarded_ppo_relaxed_v1.yaml,926c3c77524754d74cd228f5531f9d4d37bf1eac1bde87f65c06119e92c6be6d,926c3c77524754d74cd228f5531f9d4d37bf1eac1bde87f65c06119e92c6be6d,true,true
configs/algos/guarded_ppo_relaxed_v2.yaml,666eda5a47de6e452eba9b2f3cb15bda16fc97abcd7137434661a87ac9ff85d8,666eda5a47de6e452eba9b2f3cb15bda16fc97abcd7137434661a87ac9ff85d8,true,true
configs/algos/guarded_ppo_release_v0_0_8.yaml,330982edb9a5dd4cbaf192232418f7d35171a410e582c4c3d76ca2fb4362464c,330982edb9a5dd4cbaf192232418f7d35171a410e582c4c3d76ca2fb4362464c,true,true
configs/algos/hardcase_authority/prediction_planner_authority_baseline.yaml,95f9eb88cfa438889f7067231e1ba91c709ab6893c095c63b65cc6a8e7c9f95c,95f9eb88cfa438889f7067231e1ba91c709ab6893c095c63b65cc6a8e7c9f95c,true,true
configs/algos/hardcase_authority/prediction_planner_authority_combined_max_authority.yaml,318d115298b76c20316a351bfafd25bdd8d66a2e29af1f42088c6b8880bb3a33,318d115298b76c20316a351bfafd25bdd8d66a2e29af1f42088c6b8880bb3a33,true,true
configs/algos/hardcase_authority/prediction_planner_authority_deep_sequence.yaml,170e5b21a3780fbf672afb714ef915f4c8217319b204ba2f69f6c6c718e1dbe8,170e5b21a3780fbf672afb714ef915f4c8217319b204ba2f69f6c6c718e1dbe8,true,true
configs/algos/hardcase_authority/prediction_planner_authority_dense_lattice.yaml,648432639b1551ccdad0b34ee6f7c0bda6624f3c569d526e50c750d8e99e9e1b,648432639b1551ccdad0b34ee6f7c0bda6624f3c569d526e50c750d8e99e9e1b,true,true
configs/algos/hardcase_authority/prediction_planner_authority_high_angular.yaml,945689760af32035439b8870009ae559c37ac8f367cdb6fa6aec237184d39ce3,945689760af32035439b8870009ae559c37ac8f367cdb6fa6aec237184d39ce3,true,true
configs/algos/hardcase_authority/prediction_planner_authority_nearfield_turn.yaml,5241b0c54deb5646344a522b1d2298aceda9c2aeaa40a5d54485815e2e1dd862,5241b0c54deb5646344a522b1d2298aceda9c2aeaa40a5d54485815e2e1dd862,true,true
configs/algos/hardcase_authority/prediction_planner_authority_nf_headings_only.yaml,9a7b4b0525fd40808d3c6fea8ebc0a91af564ef09e63746eeacd8c128bd3d452,9a7b4b0525fd40808d3c6fea8ebc0a91af564ef09e63746eeacd8c128bd3d452,true,true
configs/algos/hardcase_authority/prediction_planner_authority_nf_horizonboost_only.yaml,b3ae14beba785f8b15e0daef29e5f4ebe593c83eb3a99ed71991d8473289dd25,b3ae14beba785f8b15e0daef29e5f4ebe593c83eb3a99ed71991d8473289dd25,true,true
configs/algos/hardcase_authority/prediction_planner_authority_nf_speedcap_only.yaml,de8e6ea64172c3e691d8015e39c58273494fa3e39a0f82ee51b44b90fd8a9fd6,de8e6ea64172c3e691d8015e39c58273494fa3e39a0f82ee51b44b90fd8a9fd6,true,true
configs/algos/hrvo_camera_ready.yaml,164997aa14333b32fb48e7ce88f81621eddaf61342d237cd86fc7f480a0625a7,164997aa14333b32fb48e7ce88f81621eddaf61342d237cd86fc7f480a0625a7,true,true
configs/algos/hybrid_global_rl_sac_issue_4015_smoke.yaml,9cbb2b9bfc2a1e18088b70478e5d538da2a5868a69f9fedaefb6db3277c88e42,9cbb2b9bfc2a1e18088b70478e5d538da2a5868a69f9fedaefb6db3277c88e42,true,true
configs/algos/hybrid_orca_sampler_base.yaml,c5c1097d3e03cb9a220f0437e0e05909c1d49e9ce1565a80250fc2eae973b176,c5c1097d3e03cb9a220f0437e0e05909c1d49e9ce1565a80250fc2eae973b176,true,true
configs/algos/hybrid_portfolio_ablation_hybrid_full.yaml,38146aa49611d4ad62e472af2a3ecd667bea15d442de766faffcdff213317d94,38146aa49611d4ad62e472af2a3ecd667bea15d442de766faffcdff213317d94,true,true
configs/algos/hybrid_portfolio_ablation_hybrid_minus_adaptive_switching.yaml,1a5b1a0add5135e6ac3543e7d445ea5156634f7f63372ce882936b6ecc706415,1a5b1a0add5135e6ac3543e7d445ea5156634f7f63372ce882936b6ecc706415,true,true
configs/algos/hybrid_portfolio_ablation_hybrid_minus_all_three.yaml,5ff430b27e11367adfdb5cd844ff4fa6611396240cd8c597eebcfacab637db56,5ff430b27e11367adfdb5cd844ff4fa6611396240cd8c597eebcfacab637db56,true,true
configs/algos/hybrid_portfolio_ablation_hybrid_minus_hard_guard.yaml,5aee06a5a57b3a69863dd0628b76f8bedd15b36bfaadf2631cf82b7dcc3b1a82,5aee06a5a57b3a69863dd0628b76f8bedd15b36bfaadf2631cf82b7dcc3b1a82,true,true
configs/algos/hybrid_portfolio_ablation_hybrid_minus_static_escape.yaml,a792cc5613a016d4493d66882e402e68eb631c0f681d8c07fab8fe42002f74ec,a792cc5613a016d4493d66882e402e68eb631c0f681d8c07fab8fe42002f74ec,true,true
configs/algos/hybrid_portfolio_camera_ready.yaml,9632806dc9349dead57cfa550c3a05b688c961c243a6656349ff6f0bd2d05f13,9632806dc9349dead57cfa550c3a05b688c961c243a6656349ff6f0bd2d05f13,true,true
configs/algos/hybrid_rule_v0_minimal.yaml,0933121a8b1a672940e8be7a9a01c9e912043fce3b1992ed957decea401db70c,0933121a8b1a672940e8be7a9a01c9e912043fce3b1992ed957decea401db70c,true,true
configs/algos/hybrid_rule_v3_static_margin0_waypoint2.yaml,e9f59a91caf5c149f6fdf14adea53a5159c0243b7b1a5da2fcb34eb53e076aee,e9f59a91caf5c149f6fdf14adea53a5159c0243b7b1a5da2fcb34eb53e076aee,true,true
configs/algos/hybrid_rule_v3_teb_like_rollout.yaml,daa1f670b377e62128c5292e09412781dba9d17699b92100c7771ff5d255e374,daa1f670b377e62128c5292e09412781dba9d17699b92100c7771ff5d255e374,true,true
configs/algos/hybrid_rule_v3_teb_like_rollout_proxemic_costmap.yaml,ce7114e3e97c2943a401b66d2425c2df14f430a4f422cc3e34e230290180867c,ce7114e3e97c2943a401b66d2425c2df14f430a4f422cc3e34e230290180867c,true,true
configs/algos/hybrid_rule_v4_clearance_braking.yaml,5dbc4f17a1ca8b44c2f78dc4e5c83e94a60615ebd7e97892109124323bc9c4ab,5dbc4f17a1ca8b44c2f78dc4e5c83e94a60615ebd7e97892109124323bc9c4ab,true,true
configs/algos/hybrid_rule_v4_recovery_aware.yaml,5eaea2a7ae1d4eda025b2f12704fbf3dbae1e87fd5935f88617bfcc8d3abc565,5eaea2a7ae1d4eda025b2f12704fbf3dbae1e87fd5935f88617bfcc8d3abc565,true,true
configs/algos/issue707_orca_tuned.yaml,47774774e20614d5fcb65576dcf7762f252ecc851c2c294c8e8aa488e390d634,47774774e20614d5fcb65576dcf7762f252ecc851c2c294c8e8aa488e390d634,true,true
configs/algos/issue_5310_topology_parallel_nmpc.yaml,c62475c4d04ee884e3feb28aa7e8577cb4bb74d624c896355b5cd63fdb241546,c62475c4d04ee884e3feb28aa7e8577cb4bb74d624c896355b5cd63fdb241546,true,true
configs/algos/issue_7603_anisotropic_gaussian_cost.yaml,03ce8f2f0bedde1093f3245f2adc9e79872e681b0c985d607285ad1bc550bd50,03ce8f2f0bedde1093f3245f2adc9e79872e681b0c985d607285ad1bc550bd50,true,true
configs/algos/issue_7889_force_coupled_potential_field.yaml,d117695f6c553dfcc8efe7259eff33198aac21953c842bc6e26221c2bef930b4,d117695f6c553dfcc8efe7259eff33198aac21953c842bc6e26221c2bef930b4,true,true
configs/algos/learned_prediction_mpc_issue_4013_checkpoint.yaml,4b59207a19b791f1c80a33535902ee1002bce6538449b7675eb2e2bba7fc1483,4b59207a19b791f1c80a33535902ee1002bce6538449b7675eb2e2bba7fc1483,true,true
configs/algos/learned_prediction_mpc_issue_4013_smoke.yaml,77ed8bd8ca41e67c7fddaa931c52d515dbdacc9e310f8daa2c8752a1c1b2266c,77ed8bd8ca41e67c7fddaa931c52d515dbdacc9e310f8daa2c8752a1c1b2266c,true,true
configs/algos/lidar_grid_route_issue_1659.yaml,1977597859450482923f44b1f2978236e4147a8e1a2bb2b60d761be445994275,1977597859450482923f44b1f2978236e4147a8e1a2bb2b60d761be445994275,true,true
configs/algos/lidar_social_force_issue_1660.yaml,a35b909337026d67a71ee14cdd66262f0d2431c50e7436b831df9b277e734fec,a35b909337026d67a71ee14cdd66262f0d2431c50e7436b831df9b277e734fec,true,true
configs/algos/mppi_social_camera_ready.yaml,ab7c76894dd9a8b1c04326a561def24f9ddcde155572055d64ea160272fd2c8a,ab7c76894dd9a8b1c04326a561def24f9ddcde155572055d64ea160272fd2c8a,true,true
configs/algos/nmpc_social_exploratory.yaml,86566cfb3cae156efe3742ddfc48a43ac0220f2e2a509e122be2e1f4a852c8cd,86566cfb3cae156efe3742ddfc48a43ac0220f2e2a509e122be2e1f4a852c8cd,true,true
configs/algos/orca_prior_guarded_ppo_v1.yaml,90ddd7ac5ea1d02afc9093cfecdcadb06c9060dcfccaff649220c916002a4148,90ddd7ac5ea1d02afc9093cfecdcadb06c9060dcfccaff649220c916002a4148,true,true
configs/algos/orca_release_v0_0_8.yaml,5840b9e47088a3da14d684091ad0880a6480340fd274fbf88d3ab5b9a1bda5e4,5840b9e47088a3da14d684091ad0880a6480340fd274fbf88d3ab5b9a1bda5e4,true,true
configs/algos/policy_stack_v1.yaml,160008d1ed728cec91aeef664ba0923c6af1195f1397d32ac231d3e4410170d4,160008d1ed728cec91aeef664ba0923c6af1195f1397d32ac231d3e4410170d4,true,true
configs/algos/ppo_v3_camera_ready.yaml,ee914f1167da5d8513b90f1e3d90adabc83420d993306be9885f49c83f5b2efc,ee914f1167da5d8513b90f1e3d90adabc83420d993306be9885f49c83f5b2efc,true,true
configs/algos/prediction_mpc_cv.yaml,28179ace1b1eca4738117c7741694421286537c13c856b0dbb7af115294d7c40,28179ace1b1eca4738117c7741694421286537c13c856b0dbb7af115294d7c40,true,true
configs/algos/prediction_mpc_cv_cbf_collision_cone.yaml,ad8322165f496a9d62aed529db0fba45690f052b2609cc2c5c6364dc6071e46d,ad8322165f496a9d62aed529db0fba45690f052b2609cc2c5c6364dc6071e46d,true,true
configs/algos/prediction_mpc_cv_cbf_dynamic_parabolic_v1.yaml,c4a0168dacaadf89d0d7fa2a2e9c776265b0467e099d5cb0f3490cf05f964b88,c4a0168dacaadf89d0d7fa2a2e9c776265b0467e099d5cb0f3490cf05f964b88,true,true
configs/algos/prediction_mpc_cv_uncertainty_envelope.yaml,87d822b8f73ad03cd2c9573b45b5ade58f72a560c486e0d785e130e318e412d6,87d822b8f73ad03cd2c9573b45b5ade58f72a560c486e0d785e130e318e412d6,true,true
configs/algos/prediction_mpc_factorial_A0_B0.yaml,dd14f69f169948bffbe2c2dce92501c6cebf1391da0a3eda0cdd7aa223af8055,dd14f69f169948bffbe2c2dce92501c6cebf1391da0a3eda0cdd7aa223af8055,true,true
configs/algos/prediction_mpc_factorial_A0_B1.yaml,28c06335c5d0fef21715f751d7dc309600432c6966f804aafb11337aa61444e8,28c06335c5d0fef21715f751d7dc309600432c6966f804aafb11337aa61444e8,true,true
configs/algos/prediction_mpc_factorial_A1_B0.yaml,735e8fd1c6165cb93b5323fb15bb8549eaf37ee689cd40ff3efa14dc85c2dca8,735e8fd1c6165cb93b5323fb15bb8549eaf37ee689cd40ff3efa14dc85c2dca8,true,true
configs/algos/prediction_mpc_factorial_A1_B1.yaml,58b01b051d47e1c5dc7426c7e558e6c7f5c418a277354248e70896cf44528803,58b01b051d47e1c5dc7426c7e558e6c7f5c418a277354248e70896cf44528803,true,true
configs/algos/prediction_planner_camera_ready.yaml,a5f3775110b7c1351e183016afe8a17348a66d35088eeb6ff55a182dc924a481,a5f3775110b7c1351e183016afe8a17348a66d35088eeb6ff55a182dc924a481,true,true
configs/algos/prediction_planner_camera_ready_xl_ego.yaml,a45f93c2063391835af21f1b8c11880c3fc98a8e2270a2385015f2d88c051fc6,a45f93c2063391835af21f1b8c11880c3fc98a8e2270a2385015f2d88c051fc6,true,true
configs/algos/prediction_planner_example.yaml,115c956d93b1d1d41581c5727992a0d56fbbaafdebe0f87d2c0f03db5c7bfb8a,115c956d93b1d1d41581c5727992a0d56fbbaafdebe0f87d2c0f03db5c7bfb8a,true,true
configs/algos/prediction_planner_mcts_lite.yaml,4d97d47e96ea57a82577bcf276aa09c83dec1f447c41ef1cb9d7da7f53b651e5,4d97d47e96ea57a82577bcf276aa09c83dec1f447c41ef1cb9d7da7f53b651e5,true,true
configs/algos/prediction_planner_probabilistic_cvar.yaml,758e86f26b60e8f8a027257eb534835e7f7afaa120e462a7114ff49df6a96703,758e86f26b60e8f8a027257eb534835e7f7afaa120e462a7114ff49df6a96703,true,true
configs/algos/prediction_planner_release_v0_0_8.yaml,aad5e0bdb3c41273eff8000465399da31949514077e4c98fc22289015888545c,aad5e0bdb3c41273eff8000465399da31949514077e4c98fc22289015888545c,true,true
configs/algos/predictive_mppi_camera_ready.yaml,5213a9e44c74cb79f78466d414645f6ca233d761e8fa5b77e5cfc3161ed94adb,5213a9e44c74cb79f78466d414645f6ca233d761e8fa5b77e5cfc3161ed94adb,true,true
configs/algos/predictive_mppi_camera_ready_goal_v2.yaml,5d56d241d19f2f756d6cbc64cfdd46b63fe5ff5579bf0e3ce7413fe38cc83342,5d56d241d19f2f756d6cbc64cfdd46b63fe5ff5579bf0e3ce7413fe38cc83342,true,true
configs/algos/predictive_mppi_relaxed_progress.yaml,7f90c0ace66b41dc5b50cce4aa6052ee885f8aff5069026c70b7b470b7d33c54,7f90c0ace66b41dc5b50cce4aa6052ee885f8aff5069026c70b7b470b7d33c54,true,true
configs/algos/predictive_mppi_release_v0_0_8.yaml,79f13475d9d66f0754c11038f6d52a15b3420965b6f639de7f000c5190ba820b,79f13475d9d66f0754c11038f6d52a15b3420965b6f639de7f000c5190ba820b,true,true
configs/algos/python_rvo2_orca_probe.yaml,a160f1c91e116726f3022e4ba3782d843843edbdbf2d6847deeacabc1fc6f4aa,a160f1c91e116726f3022e4ba3782d843843edbdbf2d6847deeacabc1fc6f4aa,true,true
configs/algos/reference_adapter.yaml,409b04fc93694b0f71c65b756a2c9c12e5ad6d79f350571c5b7b7f079807d1ff,409b04fc93694b0f71c65b756a2c9c12e5ad6d79f350571c5b7b7f079807d1ff,true,true
configs/algos/risk_dwa_camera_ready.yaml,1351439539ed02334891f6a1ef6ac652745791b1b830a5f8616850fbd5ccb37c,1351439539ed02334891f6a1ef6ac652745791b1b830a5f8616850fbd5ccb37c,true,true
configs/algos/risk_dwa_camera_ready_goal_v2.yaml,25c00dbaebfd1e8be07e93cfd967a673c2abed79412e6979b470f788035e7daa,25c00dbaebfd1e8be07e93cfd967a673c2abed79412e6979b470f788035e7daa,true,true
configs/algos/risk_dwa_release_v0_0_8.yaml,27d0b269e5a65572bdf2f5af069a5e0037eb0728d501ea12438597404e7e1527,27d0b269e5a65572bdf2f5af069a5e0037eb0728d501ea12438597404e7e1527,true,true
configs/algos/risk_surface_dwa_v0.yaml,249a096fb50b147cf294eb1e41d939b14fe4db71f4e42f7da2e52213a4aec2c3,249a096fb50b147cf294eb1e41d939b14fe4db71f4e42f7da2e52213a4aec2c3,true,true
configs/algos/safety_barrier_camera_ready.yaml,472f033a3c3c7f673701d914a4a43d605394c96d86347aad1abc26fe4f4ff482,472f033a3c3c7f673701d914a4a43d605394c96d86347aad1abc26fe4f4ff482,true,true
configs/algos/sicnav_camera_ready.yaml,ea382111157e05906e464ae9ba0b363152b535a75722b9fd856cd012236e16f3,ea382111157e05906e464ae9ba0b363152b535a75722b9fd856cd012236e16f3,true,true
configs/algos/sipp_lattice_native_command.yaml,a48a81fdad69119ddd516794071f8795e51b43d9b44bbb1afd231bc8c01e69ce,a48a81fdad69119ddd516794071f8795e51b43d9b44bbb1afd231bc8c01e69ce,true,true
configs/algos/sipp_lattice_slice2_smoke.yaml,f1097f79b42eb5b93c258e7274146cd5afbbd34af435f106cae1eea63fe60c68,f1097f79b42eb5b93c258e7274146cd5afbbd34af435f106cae1eea63fe60c68,true,true
configs/algos/social_force_example.yaml,4b5f93a17610d56c82ecea99b44ddd1e56484f95e73d10d8bc77cfe019299955,4b5f93a17610d56c82ecea99b44ddd1e56484f95e73d10d8bc77cfe019299955,true,true
configs/algos/social_force_holonomic_tuned_repulsion_low.yaml,3896a6f551159033e1f652252ffdd3ded9ae26299d4f34605b17263920efd638,3896a6f551159033e1f652252ffdd3ded9ae26299d4f34605b17263920efd638,true,true
configs/algos/social_force_holonomic_tuned_tau_high.yaml,2d2e720768b60b225becaf3001678ccdf526deda419f0398f2c2610cfeed79fd,2d2e720768b60b225becaf3001678ccdf526deda419f0398f2c2610cfeed79fd,true,true
configs/algos/social_force_holonomic_tuned_tau_low.yaml,e62fae718c7d9135332c6124be18764d7f09fc02c220e1b0d93bf5435244f763,e62fae718c7d9135332c6124be18764d7f09fc02c220e1b0d93bf5435244f763,true,true
configs/algos/social_force_planner_sanity.yaml,37c71490e6d5b0d08ab736584fae9bbd88d36c040282bab98c444a94ea69b30f,37c71490e6d5b0d08ab736584fae9bbd88d36c040282bab98c444a94ea69b30f,true,true
configs/algos/social_force_release_v0_0_8.yaml,9a7015a5f66b5d9ddb5d96c706d33ac8fe027bc0aee256e9ab87d2e89804f773,9a7015a5f66b5d9ddb5d96c706d33ac8fe027bc0aee256e9ab87d2e89804f773,true,true
configs/algos/social_force_resolution_independent_v2.yaml,4d32a90dd58c3e0273c175ee03d4de018e0d370e8a3892230942d21ca4a5a81d,4d32a90dd58c3e0273c175ee03d4de018e0d370e8a3892230942d21ca4a5a81d,true,true
configs/algos/social_force_resolution_independent_v2_kernel_legacy_v1.yaml,82b769f2b4b19533339288aff1b8c02abea7427b708bd61bb520b5b069073c65,82b769f2b4b19533339288aff1b8c02abea7427b708bd61bb520b5b069073c65,true,true
configs/algos/social_force_resolution_independent_v2_kernel_wrapped_v2.yaml,43e1e61d6fc50b22a95bbb698d612a63cf229052c043c1d2347c2d7271567c35,43e1e61d6fc50b22a95bbb698d612a63cf229052c043c1d2347c2d7271567c35,true,true
configs/algos/social_force_terminal_goal_v1.yaml,bcd785fff7753dd31bcb899b1bab0cfec8d0c706b053ff28cd2988ca58761afb,bcd785fff7753dd31bcb899b1bab0cfec8d0c706b053ff28cd2988ca58761afb,true,true
configs/algos/social_navigation_pyenvs_hsfm_new_guo_probe.yaml,3d36a5b474787d67ee574daad0e56de63c95822ba38f4affa7140d6c9bdba0ed,3d36a5b474787d67ee574daad0e56de63c95822ba38f4affa7140d6c9bdba0ed,true,true
configs/algos/social_navigation_pyenvs_orca_probe.yaml,8cdb3d50e4b39ca5fd19672aa4b556a706c2b01ac3551557790dcf1f52f0cff6,8cdb3d50e4b39ca5fd19672aa4b556a706c2b01ac3551557790dcf1f52f0cff6,true,true
configs/algos/social_navigation_pyenvs_sfm_helbing_probe.yaml,924210c79d534c01252b4c15385fde98b07ef959f4808b260599c04114a5ba91,924210c79d534c01252b4c15385fde98b07ef959f4808b260599c04114a5ba91,true,true
configs/algos/social_navigation_pyenvs_socialforce_holonomic_probe.yaml,cd7c2be920acc1e84c4673cd7ef65c6717838ad55d02e1e8cdef1f4e6183c8b1,cd7c2be920acc1e84c4673cd7ef65c6717838ad55d02e1e8cdef1f4e6183c8b1,true,true
configs/algos/social_navigation_pyenvs_socialforce_probe.yaml,7d28eaf46f2eb4482ff144bab258b5d7be936a3022e3a0e6290fa54352612deb,7d28eaf46f2eb4482ff144bab258b5d7be936a3022e3a0e6290fa54352612deb,true,true
configs/algos/socnav_release_v0_0_8.yaml,277c57a45caf213fdc4fb2abdb996062669f9ba05fb4e8adf3e47f90f0429b50,277c57a45caf213fdc4fb2abdb996062669f9ba05fb4e8adf3e47f90f0429b50,true,true
configs/algos/socnav_sampling_bounded_v2.yaml,9c52dc30d3894220caabaf1ac80d01561d6c1318d56c50e5ad7fa27d9c7999b3,9c52dc30d3894220caabaf1ac80d01561d6c1318d56c50e5ad7fa27d9c7999b3,true,true
configs/algos/socnav_sampling_release_v0_0_8.yaml,375df080cae0a1317d43bd2239cf078ecc9c5bc69b10d9973bbe153cb4d1d1a6,375df080cae0a1317d43bd2239cf078ecc9c5bc69b10d9973bbe153cb4d1d1a6,true,true
configs/algos/stream_gap_camera_ready.yaml,bff1e3cf6b2e53587fba8dc125e260ff817473ed5f428fabf71432d269e36730,bff1e3cf6b2e53587fba8dc125e260ff817473ed5f428fabf71432d269e36730,true,true
configs/algos/teb_commitment_camera_ready.yaml,492bff511a2c3dc4ee4cf70ad0701155652843f8b327f957b92ff41156623be5,492bff511a2c3dc4ee4cf70ad0701155652843f8b327f957b92ff41156623be5,true,true
configs/algos/tentabot_value_scorer_v0.yaml,921add89991a8888e6911f82bdd4e46a812aaaa69aaf38e86622d7c7e1b768f3,921add89991a8888e6911f82bdd4e46a812aaaa69aaf38e86622d7c7e1b768f3,true,true
configs/algos/tentabot_value_scorer_v1_static_gated.yaml,c1d7dddfd0848e6c8d5b285bd53fb903920718335117f2b970a59441c803333b,c1d7dddfd0848e6c8d5b285bd53fb903920718335117f2b970a59441c803333b,true,true
configs/algos/tentabot_value_scorer_v2_route_arc.yaml,7e87ee05256b9d7b83bb1d1f44480e9e0b29fff3f0968d1f056e0e650c55b9ac,7e87ee05256b9d7b83bb1d1f44480e9e0b29fff3f0968d1f056e0e650c55b9ac,true,true
configs/algos/tentabot_value_scorer_v3_trace_recovery.yaml,6c7b62e13fddd1a081522c824ec569987aa3e7f38e1ef452f00f96f3202f664a,6c7b62e13fddd1a081522c824ec569987aa3e7f38e1ef452f00f96f3202f664a,true,true
configs/analysis/case_workbench.v1.yaml,08be52f02a1c8c83955efdd58a1bdcdd321f06727eef803cacded39a106418c0,08be52f02a1c8c83955efdd58a1bdcdd321f06727eef803cacded39a106418c0,true,true
configs/analysis/ch7_evidence_package.v1.yaml,05c8d92bca0e9100299b1f3cc09c7d75007723cb0d95f220eec956b94e0e347e,05c8d92bca0e9100299b1f3cc09c7d75007723cb0d95f220eec956b94e0e347e,true,true
configs/analysis/ch7_evidence_package.v2.yaml,cf2efcaef4edcd537587d0402f7319370cee095d397683a6c00ee2d594c92b08,cf2efcaef4edcd537587d0402f7319370cee095d397683a6c00ee2d594c92b08,true,true
configs/analysis/ch7_worked_example_portfolio.v1.yaml,2fe0723bbb67eb18d25944b6933575b7c7b5a31836062c0bd56540fe4e3923ec,2fe0723bbb67eb18d25944b6933575b7c7b5a31836062c0bd56540fe4e3923ec,true,true
configs/analysis/ch7_worked_example_portfolio.v2.yaml,ebf2e943b6cea7e647f71171c08e904edf19b818cd2e1853ee5409a80d74f010,ebf2e943b6cea7e647f71171c08e904edf19b818cd2e1853ee5409a80d74f010,true,true
configs/analysis/issue_4013_model_based_planning_comparison.yaml,05c2da730fb6eb2f9470ceb8df2804f622b12c3acfe31cddba10de91ca556474,05c2da730fb6eb2f9470ceb8df2804f622b12c3acfe31cddba10de91ca556474,true,true
configs/analysis/issue_4016_distributional_rl_risk_comparison.yaml,a66d60d5cb650f1dd9d24b8163d1acb9afff761ced1a9c5bf474b275e6e91b82,a66d60d5cb650f1dd9d24b8163d1acb9afff761ced1a9c5bf474b275e6e91b82,true,true
configs/analysis/issue_4206_policy_structure_mechanism_crosscut.yaml,b32bc51f6c5aa2437090408235981df7fea3f7170422c921961552ab30efaff5,b32bc51f6c5aa2437090408235981df7fea3f7170422c921961552ab30efaff5,true,true
configs/analysis/issue_4239_h600_snqi_weight_set_ranking.yaml,ceaadfd8ff15cfcf11596e3034b5de0ffd3fd7e452c4531c692a90111ffddaaf,ceaadfd8ff15cfcf11596e3034b5de0ffd3fd7e452c4531c692a90111ffddaaf,true,true
configs/analysis/issue_5142_snqi_admissible_weight_family.yaml,c635f4445531c6f18bb79a1c7819e9d9b0ed1a54ca5dfdfa6dc6538d2107d007,c635f4445531c6f18bb79a1c7819e9d9b0ed1a54ca5dfdfa6dc6538d2107d007,true,true
configs/analysis/issue_5302_oracle_gap_packet.yaml,233587b7baef428a12b25b7733887fa09c6842df5e12e1b782f04c09755b9762,233587b7baef428a12b25b7733887fa09c6842df5e12e1b782f04c09755b9762,true,true
configs/analysis/issue_5445_matched_calibration.yaml,ded93e0f9fa49b319155c835f81f9edf0ccfa8edc40531d274aeeb9d721f269a,ded93e0f9fa49b319155c835f81f9edf0ccfa8edc40531d274aeeb9d721f269a,true,true
configs/analysis/issue_5446_seed_flip_inversion_thresholds.yaml,a9007823f3e3d12be10308055652c012f5045d07d261a8b8a8d48be7b8758238,a9007823f3e3d12be10308055652c012f5045d07d261a8b8a8d48be7b8758238,true,true
configs/analysis/issue_5447_ch7_case_capsules.yaml,1c29426e06ea18601c07003f67acec64f5e2cc004f7404cb52340f1b995c77d0,1c29426e06ea18601c07003f67acec64f5e2cc004f7404cb52340f1b995c77d0,true,true
configs/analysis/issue_5579_mpc_tuning_sensitivity.yaml,ceca5c8d28b2cba13869c73dc2cae22bed95b329c28bc6e25f2ff44dd99ab513,ceca5c8d28b2cba13869c73dc2cae22bed95b329c28bc6e25f2ff44dd99ab513,true,true
configs/analysis/issue_5579_mpc_tuning_sensitivity_v2.yaml,dfbb3f1b71c53c3c1018ca688d9efbaa2d7681dfe9e2f10e6894520011814033,dfbb3f1b71c53c3c1018ca688d9efbaa2d7681dfe9e2f10e6894520011814033,true,true
configs/analysis/issue_5591_hybrid_ablation_roster.yaml,7e341a998392d540fd6214e40515d86b7ed4c760c86c8467a4d38c52618fac52,7e341a998392d540fd6214e40515d86b7ed4c760c86c8467a4d38c52618fac52,true,true
configs/analysis/issue_5600_persistence_gate.yaml,25fd37b51b93a48efba5d3df11fc9e9dc69547ea9b9cc957a68ab364d9c66cf6,25fd37b51b93a48efba5d3df11fc9e9dc69547ea9b9cc957a68ab364d9c66cf6,true,true
configs/analysis/issue_5601_portfolio_selection.yaml,e079da04add5da85355a9d16075c42fd815ec40073afdbde1aca44538d1a8c5d,e079da04add5da85355a9d16075c42fd815ec40073afdbde1aca44538d1a8c5d,true,true
configs/analysis/issue_6768_risk_ranker_generator_comparison.yaml,6b51dfb6a8fbe70b979861eba3f906df59712bf5e953d3dc6db725da49e32bd8,6b51dfb6a8fbe70b979861eba3f906df59712bf5e953d3dc6db725da49e32bd8,true,true
configs/analysis/issue_8566_source_bound_uncertainty_component_contrasts.yaml,35a943944181040bc6acc54fca5bb72e75f89904daaebd88e14584343847609b,35a943944181040bc6acc54fca5bb72e75f89904daaebd88e14584343847609b,true,true
configs/analysis/issue_8849_risk_calibration_preflight.yaml,f06b9feb2075b661f75b256858f5f51eaf58038164fc360054c734b184bea9fb,f06b9feb2075b661f75b256858f5f51eaf58038164fc360054c734b184bea9fb,true,true
configs/analysis/source_gate_registry.v1.json,ebff0f47aeefd5e423c968f9c63f44961a7338765898874bb53b3a623e05944a,ebff0f47aeefd5e423c968f9c63f44961a7338765898874bb53b3a623e05944a,true,true
configs/baselines/distributional_rl_issue_4016_cvar.yaml,c0eef452f9c2f75e8d73a1238e44ad4e5cfefbaf590a909fce7ff38b4257ead7,c0eef452f9c2f75e8d73a1238e44ad4e5cfefbaf590a909fce7ff38b4257ead7,true,true
configs/baselines/distributional_rl_issue_4016_mean.yaml,39b99c623efb4ed9e913612bb4a3137eee85a559e66366179dc230aae802fefb,39b99c623efb4ed9e913612bb4a3137eee85a559e66366179dc230aae802fefb,true,true
configs/baselines/distributional_rl_issue_4016_smoke.yaml,f490726435469e1b4a962bdcf4340e3b548156affad2f4d5bb659c21f4393651,f490726435469e1b4a962bdcf4340e3b548156affad2f4d5bb659c21f4393651,true,true
configs/baselines/drl_vo_default.yaml,d56be39ce88d04f71899a85e8dafa434b867289c668c8479c81914da9cb3af45,d56be39ce88d04f71899a85e8dafa434b867289c668c8479c81914da9cb3af45,true,true
configs/baselines/example_matrix.yaml,fd3ca0f2d7fd9f3335776df21c56dc8efc42d20324bf3033e9c159a9f311b736,fd3ca0f2d7fd9f3335776df21c56dc8efc42d20324bf3033e9c159a9f311b736,true,true
configs/baselines/issue_6464_brne_corridor_diagnostic.yaml,03ff57906968d9b2061ddf3c71bdd542eefceb90efe98af038243dc343e12755,03ff57906968d9b2061ddf3c71bdd542eefceb90efe98af038243dc343e12755,true,true
configs/baselines/issue_6464_orca_corridor_diagnostic.yaml,33391ff5ff32f72979ff3b065be063e46e3c845a282fff87b51d59c7f4fa16d9,33391ff5ff32f72979ff3b065be063e46e3c845a282fff87b51d59c7f4fa16d9,true,true
configs/baselines/issue_6464_social_force_corridor_diagnostic.yaml,c74ebd1860af72081f1bee3cb49e8a1fc6315cf358af51f485050c65acf48812,c74ebd1860af72081f1bee3cb49e8a1fc6315cf358af51f485050c65acf48812,true,true
configs/baselines/local_model_artifact_blocklist.yaml,592ecbf555baa63d7482c7de6d0b46834173b4445239c12ceabce669d723e6e0,592ecbf555baa63d7482c7de6d0b46834173b4445239c12ceabce669d723e6e0,true,true
configs/baselines/ppo.yaml,e35188df7d72312d8c41fbd375d8625c2006013f1505b050a2f1aeb8cf8441ea,e35188df7d72312d8c41fbd375d8625c2006013f1505b050a2f1aeb8cf8441ea,true,true
configs/baselines/ppo_15m_grid_socnav.yaml,644b57e451cfc42b6ab5cf56ef6ec20fd6290a3bb9bae1be113a1aa6afb792ca,644b57e451cfc42b6ab5cf56ef6ec20fd6290a3bb9bae1be113a1aa6afb792ca,true,true
configs/baselines/ppo_15m_grid_socnav_holonomic.yaml,799abb407620f78ad544c7b04f30040126755c636ea115a063600d0f94904195,799abb407620f78ad544c7b04f30040126755c636ea115a063600d0f94904195,true,true
configs/baselines/ppo_issue_576_br06_v2_15m.yaml,873de4e7041a4d900b11778733719026219ab454c8fca5a231b265cf49bd091f,873de4e7041a4d900b11778733719026219ab454c8fca5a231b265cf49bd091f,true,true
configs/baselines/ppo_issue_791_eval_aligned_large_capacity.yaml,109c0ae61d4bf40a6ce74c69982d71a68b6437e0aaf00b97a2e11761fd4c2e3f,109c0ae61d4bf40a6ce74c69982d71a68b6437e0aaf00b97a2e11761fd4c2e3f,true,true
configs/baselines/ppo_issue_791_eval_aligned_large_capacity_cpu.yaml,51ccfbf4400a306b355e2c3f0f46eda3489d5ce3bc85beaa023a6a1da9c9fb41,51ccfbf4400a306b355e2c3f0f46eda3489d5ce3bc85beaa023a6a1da9c9fb41,true,true
configs/baselines/ppo_issue_791_eval_aligned_large_capacity_portable.yaml,fcc4a4d7a5c0e8497da4a40a4ad0abf04662be72f144656fb03fdfa9820541c2,fcc4a4d7a5c0e8497da4a40a4ad0abf04662be72f144656fb03fdfa9820541c2,true,true
configs/baselines/ppo_issue_791_horizon100_12178.yaml,5eda65a858a063c0cc75ac1f0d2591adb8d852e70d8d41c39c6e3357cdfb5b75,5eda65a858a063c0cc75ac1f0d2591adb8d852e70d8d41c39c6e3357cdfb5b75,true,true
configs/baselines/ppo_issue_856_all_scenarios_12223.yaml,06e1763c750b7784c06b4a96e39c5005bf09a126e39d70ff6398678b415b1d6c,06e1763c750b7784c06b4a96e39c5005bf09a126e39d70ff6398678b415b1d6c,true,true
configs/baselines/ppo_release_robot_0_0_8_cpu.yaml,a5a25bcbba51215acfc808e6cd707c146df5333073d477908e32dff5289b194a,a5a25bcbba51215acfc808e6cd707c146df5333073d477908e32dff5289b194a,true,true
configs/baselines/ppo_v10_carry_forward_27dbe5xu.yaml,fdcf474e7661d2db01b9b89af5d467a2f84a0a72c856d13a73584f3ee10acfcd,fdcf474e7661d2db01b9b89af5d467a2f84a0a72c856d13a73584f3ee10acfcd,true,true
configs/baselines/random.yaml,9cb4a846b18ca78ff240a672f5ef7bbb0b8e3d964bf77b4dc5451d38b6780a44,9cb4a846b18ca78ff240a672f5ef7bbb0b8e3d964bf77b4dc5451d38b6780a44,true,true
configs/baselines/sac_gate_socnav_struct.yaml,b6e5cc34512df1285057cd9fef5f236f0e1cdeca13dae6ca807d6b730efb42d8,b6e5cc34512df1285057cd9fef5f236f0e1cdeca13dae6ca807d6b730efb42d8,true,true
configs/baselines/sac_gate_socnav_struct_ego.yaml,cfe02958683230f522788bafcd807fabf627f596bc08b4dabaed812c15adc888,cfe02958683230f522788bafcd807fabf627f596bc08b4dabaed812c15adc888,true,true
configs/baselines/sac_gate_socnav_struct_ego_multi.yaml,83f40d2d0afe4972a701a7f33b686cf8648e29bd7725dcee86ce3e79054a37eb,83f40d2d0afe4972a701a7f33b686cf8648e29bd7725dcee86ce3e79054a37eb,true,true
configs/baselines/sac_gate_socnav_struct_ego_safe.yaml,a8e602e38cd2b495b73ade1116651ed5b39c3bd1386230005e033f2eb021af8b,a8e602e38cd2b495b73ade1116651ed5b39c3bd1386230005e033f2eb021af8b,true,true
configs/baselines/social_force_ammv_aware.yaml,ab9276d043645dbff684cea2ea557adb559cbdf25bd335907c358ae43d09f1c3,ab9276d043645dbff684cea2ea557adb559cbdf25bd335907c358ae43d09f1c3,true,true
configs/baselines/social_force_default.yaml,eb9a994104de05aae20788940b7f216ffda8bb267b3e0220e8f81b9613e54a85,eb9a994104de05aae20788940b7f216ffda8bb267b3e0220e8f81b9613e54a85,true,true
configs/benchmark/continual_adaptation_promotion_fixture.yaml,3ff56eb9680756925f91c6f694c4e37cf851e71d3b3fbb0110c5b138c6c51f28,3ff56eb9680756925f91c6f694c4e37cf851e71d3b3fbb0110c5b138c6c51f28,true,true
configs/benchmark/realism_validation_contract.v1.yaml,5efa588ff90764305dc74783e5cab2eff7c44f5dd027df8010019149f13c29ab,5efa588ff90764305dc74783e5cab2eff7c44f5dd027df8010019149f13c29ab,true,true
configs/benchmark/risk_aware_trajectory_ranker_comparison.yaml,52949d3525b5f17b48d028f15bb58d1f34d17d33861a345c3bb80a51dbc11ffd,52949d3525b5f17b48d028f15bb58d1f34d17d33861a345c3bb80a51dbc11ffd,true,true
configs/benchmark/risk_layer_ablation.yaml,2696d17b481a4f6b57a2a4e8da6e85a754bc8754aebc15d2225ad20e20b4a66f,2696d17b481a4f6b57a2a4e8da6e85a754bc8754aebc15d2225ad20e20b4a66f,true,true
configs/benchmarks/alyassi_comparability_map_v1.yaml,3848bb8f2a15f7966e2203db6d05cd9353a7a3c577d3f69780d5bf9661ae8af1,3848bb8f2a15f7966e2203db6d05cd9353a7a3c577d3f69780d5bf9661ae8af1,true,true
configs/benchmarks/alyassi_comparability_map_v2.yaml,f8f4c54953c699e19dd67105f7289c86ac1a6a59e01fac317dc3760cb7a1c8e5,f8f4c54953c699e19dd67105f7289c86ac1a6a59e01fac317dc3760cb7a1c8e5,true,true
configs/benchmarks/analysis_ready_full_campaign.yaml,e764c0e929ae1ce586bb9e2faac3c206b340877ee13a42df5b0ec474ccee8bba,e764c0e929ae1ce586bb9e2faac3c206b340877ee13a42df5b0ec474ccee8bba,true,true
configs/benchmarks/camera_ready_all_planners.yaml,4c1afea1689b40b72378e8c720803fff659cc05d0959f5084a53012b45009029,4c1afea1689b40b72378e8c720803fff659cc05d0959f5084a53012b45009029,true,true
configs/benchmarks/camera_ready_all_planners_holonomic.yaml,d66b908cbf2fbd4865d61e7dfc79571a5fb5d6f69c54753dab69df1c7ffe1b7d,d66b908cbf2fbd4865d61e7dfc79571a5fb5d6f69c54753dab69df1c7ffe1b7d,true,true
configs/benchmarks/camera_ready_all_planners_kinematics_parity.yaml,736d7cbb3110920b6d096c73d3aa28a432172db0ad3ab304dfe85b78cf8f1bc8,736d7cbb3110920b6d096c73d3aa28a432172db0ad3ab304dfe85b78cf8f1bc8,true,true
configs/benchmarks/camera_ready_all_planners_strict_socnav.yaml,e3b584266319a64573fc36c719f420d2c4268df728200334337e52bbef7e60a4,e3b584266319a64573fc36c719f420d2c4268df728200334337e52bbef7e60a4,true,true
configs/benchmarks/camera_ready_baseline_safe.yaml,2ac538c9467235018dc3fddfc5dd12a7ea50061b488b3f200bd1259fb948b009,2ac538c9467235018dc3fddfc5dd12a7ea50061b488b3f200bd1259fb948b009,true,true
configs/benchmarks/camera_ready_map_redundancy_3maps.yaml,0f5f84e2e58fd4bb470572fefdf86d87efda0dfc94c8ffa39f6e0ba94d0279d2,0f5f84e2e58fd4bb470572fefdf86d87efda0dfc94c8ffa39f6e0ba94d0279d2,true,true
configs/benchmarks/camera_ready_smoke_all_planners.yaml,7397aab4475d3a544f816cbdc3e5f30dee14edae5b3ebcbd9f786830efd37872,7397aab4475d3a544f816cbdc3e5f30dee14edae5b3ebcbd9f786830efd37872,true,true
configs/benchmarks/classic_benchmark_freeze.example.yaml,7726952e931d765e7f5dada474cbfdb8199ecd89ffa7925940d4f84586350c89,7726952e931d765e7f5dada474cbfdb8199ecd89ffa7925940d4f84586350c89,true,true
configs/benchmarks/classic_interactions_francis2023_grid_route_experimental.yaml,18fe2bff2b18a5ffe63def131e7e4c9715e8ea78cea19304a95ad7dda99853a8,18fe2bff2b18a5ffe63def131e7e4c9715e8ea78cea19304a95ad7dda99853a8,true,true
configs/benchmarks/compute_feasibility_matrix_v1.yaml,dcde1db2606d19d8592ef8ae561cb8edf075e29c7e5a65b5c1e7caf5e6dd110c,dcde1db2606d19d8592ef8ae561cb8edf075e29c7e5a65b5c1e7caf5e6dd110c,true,true
configs/benchmarks/confirmation_v1_smoke.yaml,cec8b79969e69e830ca67ba49f32df0efa1a99466beeb67cbea5c55ade28211e,cec8b79969e69e830ca67ba49f32df0efa1a99466beeb67cbea5c55ade28211e,true,true
configs/benchmarks/critical_intervals_default.yaml,59cdb30f5e1d4a00a9943265ccc0b3b78fa0efaafc689a693fbbbc1f50aac607,59cdb30f5e1d4a00a9943265ccc0b3b78fa0efaafc689a693fbbbc1f50aac607,true,true
configs/benchmarks/cross_benchmark_metric_mapping_v1.yaml,e59af441e82e519eca678fccfc709db6fc7cb200682e17edb0bd65fefe9e415c,e59af441e82e519eca678fccfc709db6fc7cb200682e17edb0bd65fefe9e415c,true,true
configs/benchmarks/cross_benchmark_policy_comparison_issue_3287.yaml,a7c04cf925333098e0d051e2e2d29c7b7cd454d1b740f2d804fa7d8961623f9a,a7c04cf925333098e0d051e2e2d29c7b7cd454d1b740f2d804fa7d8961623f9a,true,true
configs/benchmarks/cross_context_validity_matrix_v1.yaml,a88f0ed132feea29c256e4c53af130aca72b7167c1ec3b6130aa642ddba3642b,a88f0ed132feea29c256e4c53af130aca72b7167c1ec3b6130aa642ddba3642b,true,true
configs/benchmarks/cross_kinematics_v1.yaml,2cb1cc175d13d40bba8b3833796ff13d17c12bdbde71cbea4c6c46762e3fab6b,2cb1cc175d13d40bba8b3833796ff13d17c12bdbde71cbea4c6c46762e3fab6b,true,true
configs/benchmarks/cross_kinematics_v1_compatibility.yaml,2f05f2b0a5d8249e8049885bb841827050767efa8bfcf003731307cc7da64d1f,2f05f2b0a5d8249e8049885bb841827050767efa8bfcf003731307cc7da64d1f,true,true
configs/benchmarks/cyclist_interaction_issue_2473.yaml,c40c19d753888627bcf2c200e3f96a377ff0a38d823bdef591cef68f9466095d,c40c19d753888627bcf2c200e3f96a377ff0a38d823bdef591cef68f9466095d,true,true
configs/benchmarks/doorway_butterfly_trace_reexport.yaml,527c2c6f262cf5011cab381b6ffd4248da5e86f34bb090687ba989d86c360844,527c2c6f262cf5011cab381b6ffd4248da5e86f34bb090687ba989d86c360844,true,true
configs/benchmarks/hazard_traceability/issue_2164_amv_cross_trap_v1.yaml,34105ae9da779dbd0bebf9c59115dc1965fa76d690280fcfa67d3bc58246ed1c,34105ae9da779dbd0bebf9c59115dc1965fa76d690280fcfa67d3bc58246ed1c,true,true
configs/benchmarks/hazard_traceability/low_speed_public_space_v1.yaml,801af07468cf5573f29dd9ac1a4a951beec265da12fc726b6f679ec8fbaf3189,801af07468cf5573f29dd9ac1a4a951beec265da12fc726b6f679ec8fbaf3189,true,true
configs/benchmarks/headline_ci_rank_stability_issue_3216_launch_packet.yaml,b72e01f1add681c286a681d6f04a3fc0c5dc3ecddd33b6a6286e37f2e3f35607,b72e01f1add681c286a681d6f04a3fc0c5dc3ecddd33b6a6286e37f2e3f35607,true,true
configs/benchmarks/holonomic_social_force_diagnosis.yaml,28c77eb59f84033429aaa0cad4c52bffc41383effd53b840f512476377517692,28c77eb59f84033429aaa0cad4c52bffc41383effd53b840f512476377517692,true,true
configs/benchmarks/holonomic_upstream_wrappers_probe.yaml,e9d7959b256e83634afa9a908d7f73d784f9e0f44a0c29b9a6789d9e05f36d92,e9d7959b256e83634afa9a908d7f73d784f9e0f44a0c29b9a6789d9e05f36d92,true,true
configs/benchmarks/horizon_schedules/release_0_0_8_authored_v1.yaml,032bbf8ad354ea9394492659aa50188e2bc40078930975ef30cd3ba77208675e,032bbf8ad354ea9394492659aa50188e2bc40078930975ef30cd3ba77208675e,true,true
configs/benchmarks/horizon_schedules/three_width_doorway_release_0_0_8_authored_v1.yaml,e420f41636e59dd1169bf2da048c482ec78ba9ccf8ec5dc2721534c61c8191c9,e420f41636e59dd1169bf2da048c482ec78ba9ccf8ec5dc2721534c61c8191c9,true,true
configs/benchmarks/human_model_transfer_smoke_v1.yaml,00247ce2172f83cb3ae7f5e75f3f128889bd86a83bf74a3d33250053c0ef786d,00247ce2172f83cb3ae7f5e75f3f128889bd86a83bf74a3d33250053c0ef786d,true,true
configs/benchmarks/issue_1344_paired_nominal_v1_primary.yaml,059de1ff221de657601495abea008665be0a077d728ec9f96d6a66dca51f2105,059de1ff221de657601495abea008665be0a077d728ec9f96d6a66dca51f2105,true,true
configs/benchmarks/issue_1344_paired_stress_primary.yaml,0666df22d7651ca0c8066c484da76129d292a419b6ebe35ec9a8e3e5707f603a,0666df22d7651ca0c8066c484da76129d292a419b6ebe35ec9a8e3e5707f603a,true,true
configs/benchmarks/issue_1353_paired_nominal_v1_broader_baselines.yaml,8da711c71279bff049139ad6e4a5ef15833fce4eaecf09c149bb91b15606e668,8da711c71279bff049139ad6e4a5ef15833fce4eaecf09c149bb91b15606e668,true,true
configs/benchmarks/issue_1353_paired_stress_broader_baselines.yaml,fbd189020667a6ec34145898e5fb34d8060be094cb0ff5551f3ecdd4274a9abf,fbd189020667a6ec34145898e5fb34d8060be094cb0ff5551f3ecdd4274a9abf,true,true
configs/benchmarks/issue_1454_s10_fixed_h100_broader_baselines.yaml,d64a9df39dced6a052038aefc1e74ae8e5ee80b6fdf78230d6a59e30281df4e7,d64a9df39dced6a052038aefc1e74ae8e5ee80b6fdf78230d6a59e30281df4e7,true,true
configs/benchmarks/issue_1454_s10_scenario_horizons_h500_broader_baselines.yaml,bd95dcd47d2e7addb2bb906046b9cb7b9e6df88ee64af147e29acb51adbb4c70,bd95dcd47d2e7addb2bb906046b9cb7b9e6df88ee64af147e29acb51adbb4c70,true,true
configs/benchmarks/issue_1454_s10_scenario_horizons_h500_candidates.yaml,63314360ebcc146e93ed59ee3a528d7834a5ac1d22d6f0269cbb3b2cd8fd53a9,63314360ebcc146e93ed59ee3a528d7834a5ac1d22d6f0269cbb3b2cd8fd53a9,true,true
configs/benchmarks/issue_1484_broader_cross_kinematics.yaml,f5dcd94134d659448ad9ee2cb0a534dd4e7299638f3a41b8ebc47bca7508aaa2,f5dcd94134d659448ad9ee2cb0a534dd4e7299638f3a41b8ebc47bca7508aaa2,true,true
configs/benchmarks/issue_1484_broader_cross_kinematics_compatibility.yaml,497b76e23347345af174a191b932e77ba1cf07ca0eadb75318f721acd3e18730,497b76e23347345af174a191b932e77ba1cf07ca0eadb75318f721acd3e18730,true,true
configs/benchmarks/issue_1556_amv_actuation_stress_slice_v0.yaml,93c69971b54d5a2b2993c17e69dc63d87bb9d385fdda91ca4a1ac21f921235b7,93c69971b54d5a2b2993c17e69dc63d87bb9d385fdda91ca4a1ac21f921235b7,true,true
configs/benchmarks/issue_1585_amv_calibration_source_manifest.yaml,d10969c1b5e154129fbc32670ff1658eecbfc04c79c65558f3ecb69538731bae,d10969c1b5e154129fbc32670ff1658eecbfc04c79c65558f3ecb69538731bae,true,true
configs/benchmarks/issue_1586_calibrated_actuation_profile_skeleton_v0.yaml,fce54a7466c39ff3742529218d113dd022669d8a75253be6dc0ee56fbc0aac8c,fce54a7466c39ff3742529218d113dd022669d8a75253be6dc0ee56fbc0aac8c,true,true
configs/benchmarks/issue_2011_amv_actuation_sensitivity_sweep_v0.yaml,18160b3582624cb7ff38f5fe31f57031ee6dd3fff3ef4e4c4a28701a2441bdd3,18160b3582624cb7ff38f5fe31f57031ee6dd3fff3ef4e4c4a28701a2441bdd3,true,true
configs/benchmarks/issue_2128_heldout_family_transfer_partitions.yaml,7a95760b2760c7d0ef1df70af935da48fc72acc376ea46256cbe5328f6950fe5,7a95760b2760c7d0ef1df70af935da48fc72acc376ea46256cbe5328f6950fe5,true,true
configs/benchmarks/issue_2128_heldout_family_transfer_pilot.yaml,2d850628dc26ecdd1a6db45808f1610e886387b7806dbb50c43a30b035d04edf,2d850628dc26ecdd1a6db45808f1610e886387b7806dbb50c43a30b035d04edf,true,true
configs/benchmarks/issue_2155_research_v1_ammv_matrix.yaml,661bd165a114ce2cb200069f44790c0891d031d72ea67df6c402722b637a1c54,661bd165a114ce2cb200069f44790c0891d031d72ea67df6c402722b637a1c54,true,true
configs/benchmarks/issue_2452_mechanism_aware_local_nav_suites_v0.yaml,98fe384e915ee0337fb78efede6d3f645903e03cd60efd9e82e27e8a58f8169d,98fe384e915ee0337fb78efede6d3f645903e03cd60efd9e82e27e8a58f8169d,true,true
configs/benchmarks/issue_2456_amv_local_nav_suite_v0.yaml,e8c9f4e43e0b7baff41023dc79be46614ffa0a9b6665a2ee82eb21dee8483add,e8c9f4e43e0b7baff41023dc79be46614ffa0a9b6665a2ee82eb21dee8483add,true,true
configs/benchmarks/issue_2688_trace_predicate_matrix.yaml,447113db7e9e0ddff4a4126342b69b8d69493583ac7812181bc1c17c21f0acdb,447113db7e9e0ddff4a4126342b69b8d69493583ac7812181bc1c17c21f0acdb,true,true
configs/benchmarks/issue_3059_research_engine_suite_v0.yaml,007fb04f8f6553d735b3b44226e54baf7498105a414991e2ea904e62ed8ca90a,007fb04f8f6553d735b3b44226e54baf7498105a414991e2ea904e62ed8ca90a,true,true
configs/benchmarks/issue_3078_package_a_readiness.yaml,1edb7da3239c5e326deb3358b905901d194573297aa138473d672a776854a698,1edb7da3239c5e326deb3358b905901d194573297aa138473d672a776854a698,true,true
configs/benchmarks/issue_3146_forecast_replay_fixture_suite.yaml,be14a8deb8edcfb5973649c1278a360d301c09d024a52c2c5ef1666b09e862ef,be14a8deb8edcfb5973649c1278a360d301c09d024a52c2c5ef1666b09e862ef,true,true
configs/benchmarks/issue_3181_amv_feasibility_ranking_slice_v0.yaml,84b13a6bc348809755564001dd961f7691c3ecde4c79676b3e476d6a9591f5b0,84b13a6bc348809755564001dd961f7691c3ecde4c79676b3e476d6a9591f5b0,true,true
configs/benchmarks/issue_3203_scenario_horizons_h500_reexport_valid.yaml,79ff03d557752392477af1e2e294a7a756c3785776e9c687b12ac2debb46c888,79ff03d557752392477af1e2e294a7a756c3785776e9c687b12ac2debb46c888,true,true
configs/benchmarks/issue_3266_scenario_horizon_ppo_snqi_smoke.yaml,4856eb5fc15c887ca6ca1aaf9d3753a1ceaefed81d42739eba3c2d40612584fe,4856eb5fc15c887ca6ca1aaf9d3753a1ceaefed81d42739eba3c2d40612584fe,true,true
configs/benchmarks/issue_3278_real_trace_source_discovery_example.yaml,4e8107e7a42aa56292daa14b9674402ff5c2fc56aea14e731444a1e77725a40e,4e8107e7a42aa56292daa14b9674402ff5c2fc56aea14e731444a1e77725a40e,true,true
configs/benchmarks/issue_3278_real_trace_validation_contract_example.yaml,cb860f17f145e195de422ca926e44a9097cc9bd13e17cbe68f510fdd34bd1b9a,cb860f17f145e195de422ca926e44a9097cc9bd13e17cbe68f510fdd34bd1b9a,true,true
configs/benchmarks/issue_3283_amv_actuation_latency_measurement_manifest_example.yaml,e29fd40f9ac13e6f828c0e95637eef46c702ea4fd7265d77f1c865eb97b1c41c,e29fd40f9ac13e6f828c0e95637eef46c702ea4fd7265d77f1c865eb97b1c41c,true,true
configs/benchmarks/issue_3300_false_positive_nominal_smoke.yaml,387cba583416d8389776eaeeb649ed75921d9f73444547441880de33ecf5f0b8,387cba583416d8389776eaeeb649ed75921d9f73444547441880de33ecf5f0b8,true,true
configs/benchmarks/issue_3300_false_positive_perturbed_smoke.yaml,c88e31a5b6a9f2eccbf842fb878e7c6f5edc581034cd95502a60e58687a20ce3,c88e31a5b6a9f2eccbf842fb878e7c6f5edc581034cd95502a60e58687a20ce3,true,true
configs/benchmarks/issue_3300_false_positive_stronger_nominal_smoke.yaml,ee34e3c512772d27548a81f7a1e1d4a969f2b2d5bf4dffc189775e8f9d246dfc,ee34e3c512772d27548a81f7a1e1d4a969f2b2d5bf4dffc189775e8f9d246dfc,true,true
configs/benchmarks/issue_3300_false_positive_stronger_perturbed_smoke.yaml,5d911e61cdc230716448540525ff8698be671d3105cde976ca484d1707664594,5d911e61cdc230716448540525ff8698be671d3105cde976ca484d1707664594,true,true
configs/benchmarks/issue_3300_orca_fp_nominal_smoke.yaml,e1c9ce869d2e6bb0047f6a0779a89688f7b627fbecfe87c2d772779779948c7f,e1c9ce869d2e6bb0047f6a0779a89688f7b627fbecfe87c2d772779779948c7f,true,true
configs/benchmarks/issue_3300_orca_fp_perturbed_smoke.yaml,cdc9decc0419a023e9b5a28014cedb30fc39037530c373d07baeb58322fb5fe9,cdc9decc0419a023e9b5a28014cedb30fc39037530c373d07baeb58322fb5fe9,true,true
configs/benchmarks/issue_3425_empirical_vertical_slice_manifest.yaml,4b100a8211b31b96e79397f1989d289f501027f2b8adc6cc86f2eddf30cd64a3,4b100a8211b31b96e79397f1989d289f501027f2b8adc6cc86f2eddf30cd64a3,true,true
configs/benchmarks/issue_3425_empirical_vertical_slice_smoke.yaml,f36d6577afd2d501421c54b049aecc53a9589b32981ef3aa7251d7c4eaa9cffa,f36d6577afd2d501421c54b049aecc53a9589b32981ef3aa7251d7c4eaa9cffa,true,true
configs/benchmarks/issue_3465_topology_gate_paired.yaml,20c4692953f607498c5df4242bdba74a95c1500e41266581194556f3b083848e,20c4692953f607498c5df4242bdba74a95c1500e41266581194556f3b083848e,true,true
configs/benchmarks/issue_3501_safety_wrapper_factorial_preregistration_cpu_smoke.yaml,8e34d5fa4d3c55e0e4b2bbf367dbf24cf8de4e4ab2203b9e054d1521c7219f16,8e34d5fa4d3c55e0e4b2bbf367dbf24cf8de4e4ab2203b9e054d1521c7219f16,true,true
configs/benchmarks/issue_3574_mean_matched_harness_full_s30.yaml,6a3f13dc99f7fd917b550427fe40530438d89cdcfca94fb25ffbd3bc80c845a6,6a3f13dc99f7fd917b550427fe40530438d89cdcfca94fb25ffbd3bc80c845a6,true,true
configs/benchmarks/issue_3574_mean_matched_harness_full_s30_goal.yaml,8578e9e4535061ca66e1954949741193a84f30ad206cdddcd5d17030f88561e8,8578e9e4535061ca66e1954949741193a84f30ad206cdddcd5d17030f88561e8,true,true
configs/benchmarks/issue_3574_mean_matched_harness_full_s30_orca.yaml,c4a41c40beaf91f2fb1cff35ae565e35a2413874cd915d25710096e00c0abdc2,c4a41c40beaf91f2fb1cff35ae565e35a2413874cd915d25710096e00c0abdc2,true,true
configs/benchmarks/issue_3574_mean_matched_harness_full_s30_social_force.yaml,5995aa59acf9e4f1ecc7b22ac4950bbe36d6fdc039df1003f135b905af874772,5995aa59acf9e4f1ecc7b22ac4950bbe36d6fdc039df1003f135b905af874772,true,true
configs/benchmarks/issue_3574_mean_matched_harness_smoke.yaml,f924b3c7b8841c58ae54b9608d150a3add7ff13ea1ab694566b808d7fc47777c,f924b3c7b8841c58ae54b9608d150a3add7ff13ea1ab694566b808d7fc47777c,true,true
configs/benchmarks/issue_3653_snqi_decision_disagreement_packet.yaml,d7a725ea9eef5903630284d2190522202379fc846d351e32c0638d0a4b492776,d7a725ea9eef5903630284d2190522202379fc846d351e32c0638d0a4b492776,true,true
configs/benchmarks/issue_3808_ttc_near_miss_decision_packet.yaml,c206e6f12068620803a309828789f12dc52f60bbe5bef512d06c15be4069fc28,c206e6f12068620803a309828789f12dc52f60bbe5bef512d06c15be4069fc28,true,true
configs/benchmarks/issue_3810_long_horizon_snqi_launch_packet.yaml,e687a72ecc76fd4d6a4b127d2675bb721810f177b59115634e2059b6b7594ae9,e687a72ecc76fd4d6a4b127d2675bb721810f177b59115634e2059b6b7594ae9,true,true
configs/benchmarks/issue_3813_sustained_flow_launch_packet.yaml,30596f199f7ae9e9ae7fac061ece02de72d9da80b3cf8339b1cdec83ef5a2647,30596f199f7ae9e9ae7fac061ece02de72d9da80b3cf8339b1cdec83ef5a2647,true,true
configs/benchmarks/issue_3950_ped_model_sensitivity_smoke.yaml,f83c1751481ab0892ed28a0dcb7899a74ae2daeb1646db90a3ed5cc726d8c003,f83c1751481ab0892ed28a0dcb7899a74ae2daeb1646db90a3ed5cc726d8c003,true,true
configs/benchmarks/issue_3952_robustness_nominal_smoke.yaml,554ce9f3588878e2d371ed7bbbcc7772c9e67bff0f67fc54ae54d6c9b029d183,554ce9f3588878e2d371ed7bbbcc7772c9e67bff0f67fc54ae54d6c9b029d183,true,true
configs/benchmarks/issue_3952_robustness_perturbed_smoke.yaml,fb87040b3b13feddcbb3dc7aa129a17f35988361bdfbdd9fb77aa67adec32c24,fb87040b3b13feddcbb3dc7aa129a17f35988361bdfbdd9fb77aa67adec32c24,true,true
configs/benchmarks/issue_3971_pedestrian_flow_validation_smoke.yaml,bea40499fb188b99e6edf9acdf288cd943e277311097d0351a268f53a096b834,bea40499fb188b99e6edf9acdf288cd943e277311097d0351a268f53a096b834,true,true
configs/benchmarks/issue_3977_public_requirement_smoke.yaml,6e1ec8ac08569e3efac7e8ef4ce8cac5f0e931115af10a0a024bdd42cfc7ce41,6e1ec8ac08569e3efac7e8ef4ce8cac5f0e931115af10a0a024bdd42cfc7ce41,true,true
configs/benchmarks/issue_4013_model_based_checkpoint_smoke.yaml,4c2b77187369405f2d9727d4000abb9c00d340d4312c9861583e17b497de150e,4c2b77187369405f2d9727d4000abb9c00d340d4312c9861583e17b497de150e,true,true
configs/benchmarks/issue_4013_model_based_smoke.yaml,c02cc5481c9f9493c71eb8dfff7fa877f913282a0822402b5f308c324061644c,c02cc5481c9f9493c71eb8dfff7fa877f913282a0822402b5f308c324061644c,true,true
configs/benchmarks/issue_4013_model_free_baseline_smoke.yaml,ed60b3dcdf22a0b5c49ffb5f935c307b29f635f0232d6d448538a76026000c26,ed60b3dcdf22a0b5c49ffb5f935c307b29f635f0232d6d448538a76026000c26,true,true
configs/benchmarks/issue_4013_model_free_smoke.yaml,599a4b67ace44bd296d417d1c7fec6425d725f561d5a975bbf511a1cc62dd2b4,599a4b67ace44bd296d417d1c7fec6425d725f561d5a975bbf511a1cc62dd2b4,true,true
configs/benchmarks/issue_4017_constrained_rl_diagnostic.yaml,fa5675e429def15f5269005f2dc530ad1fdcc9d279c3a043e99e772d3bfea936,fa5675e429def15f5269005f2dc530ad1fdcc9d279c3a043e99e772d3bfea936,true,true
configs/benchmarks/issue_4164_goal_intention_smoke.yaml,1d929475e64076d2efbb5f0b97b22a0b7eb7c42d32a21461314b6796bb2a2918,1d929475e64076d2efbb5f0b97b22a0b7eb7c42d32a21461314b6796bb2a2918,true,true
configs/benchmarks/issue_4165_proxemic_costmap_smoke.yaml,73bfd8b96241677380da41e19f62e8353ba0671e48f55141385c7537c216063c,73bfd8b96241677380da41e19f62e8353ba0671e48f55141385c7537c216063c,true,true
configs/benchmarks/issue_4183_hybrid_global_rl_route_conditioned.yaml,c9b1aa6c5d565c38890b3d70e2e3b3bc43f31bf9b6795d19cad50a6cb707a448,c9b1aa6c5d565c38890b3d70e2e3b3bc43f31bf9b6795d19cad50a6cb707a448,true,true
configs/benchmarks/issue_4183_learned_local_unconditioned.yaml,e4f9661c8faf722eee3ca14760c48f38cbe855788fc02a819dce06e1427f9d65,e4f9661c8faf722eee3ca14760c48f38cbe855788fc02a819dce06e1427f9d65,true,true
configs/benchmarks/issue_4205_static_constriction_codesign_loop_v1.yaml,2290900a8cafefd8c137ca51012b9ae73b2ee6ff36aa0b598994dff7afe8b86b,2290900a8cafefd8c137ca51012b9ae73b2ee6ff36aa0b598994dff7afe8b86b,true,true
configs/benchmarks/issue_4206_trace_capable_h600_rerun_preregistration.yaml,a395fae462d098a647decf7bd0810082da077398cddd117e2b6ee30d7124a5a1,a395fae462d098a647decf7bd0810082da077398cddd117e2b6ee30d7124a5a1,true,true
configs/benchmarks/issue_4207_certification_transfer_probe.yaml,55c2c48447f38063058a05f0630b77e1b97cb57d51572b4b33129e6133003c53,55c2c48447f38063058a05f0630b77e1b97cb57d51572b4b33129e6133003c53,true,true
configs/benchmarks/issue_4207_interacting_physics_probe.yaml,dce652d9e68d922917de2f5b960c8222eea9fdc4dd827318863b85025b9238b5,dce652d9e68d922917de2f5b960c8222eea9fdc4dd827318863b85025b9238b5,true,true
configs/benchmarks/issue_4207_interacting_smoke_probe.yaml,95fe4ce1ecbfe7340912351e5dc58cd3a19af5a48af8c9b986940853847cfe47,95fe4ce1ecbfe7340912351e5dc58cd3a19af5a48af8c9b986940853847cfe47,true,true
configs/benchmarks/issue_4232_uncertainty_envelope_claim_packet.yaml,2d7d43c4c3bf4d26ef1994605a7a6c80892a00418039bb81c628d3bd67d11b3f,2d7d43c4c3bf4d26ef1994605a7a6c80892a00418039bb81c628d3bd67d11b3f,true,true
configs/benchmarks/issue_4362_scenario_criticality_smoke.yaml,55e3c4b1d9ed9a608137e61b6036a400d1b7f39bb4d10aa5b0242ef4e425ddd4,55e3c4b1d9ed9a608137e61b6036a400d1b7f39bb4d10aa5b0242ef4e425ddd4,true,true
configs/benchmarks/issue_4455_perception_degradation_ladder_preregistration.yaml,455bde97773fdcceda74f70fc476fdcc88552c99c650c8aa65f1923149afc607,455bde97773fdcceda74f70fc476fdcc88552c99c650c8aa65f1923149afc607,true,true
configs/benchmarks/issue_4830_safety_wrapper_factorial_v1.yaml,1f4c958c5c1d97f37127f1925041cec3ca0ff0267233c6bc572e7302592011d6,1f4c958c5c1d97f37127f1925041cec3ca0ff0267233c6bc572e7302592011d6,true,true
configs/benchmarks/issue_5088_braking_authority_sensitivity_smoke.yaml,4fd8617908344e302f582f66b60a334f61694340e325bb2eb03f3ddb48caccb2,4fd8617908344e302f582f66b60a334f61694340e325bb2eb03f3ddb48caccb2,true,true
configs/benchmarks/issue_5262_dwa_config_sensitivity.yaml,25f1d3a1537272649574acde0b172465445044126512e8072cf512e4164cdb1b,25f1d3a1537272649574acde0b172465445044126512e8072cf512e4164cdb1b,true,true
configs/benchmarks/issue_5348_s30_attempt6_resume_launch_packet.yaml,939119978206f8519a4f73185d8a6b3952a1a3b0b791d0d4a3c959801e620ddd,939119978206f8519a4f73185d8a6b3952a1a3b0b791d0d4a3c959801e620ddd,true,true
configs/benchmarks/issue_5409_horizon_ablation_h500.yaml,2452f04b200bc48c55f12afbea39e91ed3cb3b8f52e2a94f364a1bd77b86a11b,2452f04b200bc48c55f12afbea39e91ed3cb3b8f52e2a94f364a1bd77b86a11b,true,true
configs/benchmarks/issue_5409_horizon_ablation_h600.yaml,0dafdf16fa80d1c5fed3b62dee08d4a23e508dabe8cfc39633ec5a2716f35675,0dafdf16fa80d1c5fed3b62dee08d4a23e508dabe8cfc39633ec5a2716f35675,true,true
configs/benchmarks/issue_5409_horizon_ablation_launch_packet.yaml,72c6a637f63ebf96602168283b1c0b809ddaea128e9c2fcbfc5145fc594e480a,72c6a637f63ebf96602168283b1c0b809ddaea128e9c2fcbfc5145fc594e480a,true,true
configs/benchmarks/issue_5416_sipp_four_geometry_preregistration.yaml,0899e774da82d48a9054513d5b194c6cb2838a7124f004f89516daf1d0646d85,0899e774da82d48a9054513d5b194c6cb2838a7124f004f89516daf1d0646d85,true,true
configs/benchmarks/issue_5504_mean_matched_harness_scenario_matrix_smoke.yaml,883b9a590730909cf316f02eee66c15b72e813c50a3e05ccf3266e05fdc2ef6d,883b9a590730909cf316f02eee66c15b72e813c50a3e05ccf3266e05fdc2ef6d,true,true
configs/benchmarks/issue_5578_robot_speed_tier_preregistration.yaml,e769185c2ecfa9d7d4fc05b50ba75f6143afdae435720ac8f553b4155726144d,e769185c2ecfa9d7d4fc05b50ba75f6143afdae435720ac8f553b4155726144d,true,true
configs/benchmarks/issue_5591_hybrid_ablation_runner.yaml,8218138bc495366957bdfc75ab54c26803e6011cb309497dc72f7e8fe9369236,8218138bc495366957bdfc75ab54c26803e6011cb309497dc72f7e8fe9369236,true,true
configs/benchmarks/issue_5592_cross_matrix_preregistration.yaml,915dd5ef3551e89c23c14cb784f4ca5b77e61eb4b9b9dd65a4facbe5a2a5020d,915dd5ef3551e89c23c14cb784f4ca5b77e61eb4b9b9dd65a4facbe5a2a5020d,true,true
configs/benchmarks/issue_5756_trace90_goal.yaml,68a1ab34a693de92d195e28b7539ddc291e27d17f0fed80a40750b108651a034,68a1ab34a693de92d195e28b7539ddc291e27d17f0fed80a40750b108651a034,true,true
configs/benchmarks/issue_5756_trace90_ppo.yaml,466dbae50b811e9993dce9a2fa0ec67f64f50d82de3c316e2cad6d043767926e,466dbae50b811e9993dce9a2fa0ec67f64f50d82de3c316e2cad6d043767926e,true,true
configs/benchmarks/issue_5756_trace90_ppo_canary.yaml,4f65904020b4468a8e34bb24fb07aad4e61317345a052ce9a69b98cc969920f6,4f65904020b4468a8e34bb24fb07aad4e61317345a052ce9a69b98cc969920f6,true,true
configs/benchmarks/issue_5829_geometryless_forced_population_smoke.yaml,8413f42db12f8af31cd9b2dfc7f0656d959a3efa43e82349e2708254b23c8058,8413f42db12f8af31cd9b2dfc7f0656d959a3efa43e82349e2708254b23c8058,true,true
configs/benchmarks/issue_6095_nominal_discriminability_v1.yaml,3bf27cc362055e6874125f93b793c70f099ce6049641b60c1cb69974b3a55df7,3bf27cc362055e6874125f93b793c70f099ce6049641b60c1cb69974b3a55df7,true,true
configs/benchmarks/issue_6095_stress_discriminability_v1.yaml,e8f8b56097964568da4784054d23e1c590c14d32634c8ec6d465f735d1208dc6,e8f8b56097964568da4784054d23e1c590c14d32634c8ec6d465f735d1208dc6,true,true
configs/benchmarks/issue_6464_brne_corridor_diagnostic.yaml,ea23800a353fd5e42662a46c612c216aff35d6208ebbb7fa974aa4aa9889bcc1,ea23800a353fd5e42662a46c612c216aff35d6208ebbb7fa974aa4aa9889bcc1,true,true
configs/benchmarks/issue_6474_social_compliance_nominal_campaign.yaml,fed85cef7ac43817d0aa47a3ac10f9e7f4b50b4be6410e796fdf3d837e69811e,fed85cef7ac43817d0aa47a3ac10f9e7f4b50b4be6410e796fdf3d837e69811e,true,true
configs/benchmarks/issue_6481_social_compliance_preflight_smoke.yaml,8d70611f7ef8630ec4ac5b63fac784022f6841097c554f55d2ee310e83a40c3f,8d70611f7ef8630ec4ac5b63fac784022f6841097c554f55d2ee310e83a40c3f,true,true
configs/benchmarks/issue_6561_pedestrian_speed_activation_preflight.yaml,c2260105da166aabdce6701806cd75d983ed15fd74aa86d3a40b0f2215ad4274,c2260105da166aabdce6701806cd75d983ed15fd74aa86d3a40b0f2215ad4274,true,true
configs/benchmarks/issue_6561_pedestrian_speed_launch_packet.template.yaml,3e3e41a8c5ead50f41a7fff1c407657c326d47a63a7e17843a1e0319ef673e8f,3e3e41a8c5ead50f41a7fff1c407657c326d47a63a7e17843a1e0319ef673e8f,true,true
configs/benchmarks/issue_6561_pedestrian_speed_protocol.yaml,e844126371c2ba017b13c3a570b79d63eee93c87b943f27298f281287533df29,e844126371c2ba017b13c3a570b79d63eee93c87b943f27298f281287533df29,true,true
configs/benchmarks/issue_6642_radius_sweep_arm_0p5m.yaml,bbf309868951cff5f4bb299acbcc3b01f2e37bd54ef72fb138e5b7d99073883f,bbf309868951cff5f4bb299acbcc3b01f2e37bd54ef72fb138e5b7d99073883f,true,true
configs/benchmarks/issue_6642_radius_sweep_arm_0p8m.yaml,ac4006522e77a02306cb34064bc11a151e56fcd2f1f9409bcdb50440c436dda3,ac4006522e77a02306cb34064bc11a151e56fcd2f1f9409bcdb50440c436dda3,true,true
configs/benchmarks/issue_6642_radius_sweep_arm_1p0m.yaml,b4855e6ec51729a35ee87af487ad8c3154ccb32a0691b0e1f9d92d5186321a5b,b4855e6ec51729a35ee87af487ad8c3154ccb32a0691b0e1f9d92d5186321a5b,true,true
configs/benchmarks/issue_6642_radius_sweep_manifest_v1.yaml,44a2ee100e0660ac128f5e84a5f6328d2acdef057c0d8c280cfceabcf09d40d4,44a2ee100e0660ac128f5e84a5f6328d2acdef057c0d8c280cfceabcf09d40d4,true,true
configs/benchmarks/issue_6644_narrow_doorway_geometry_family_v1.yaml,5cce80b4983ec73f8bd74f9c4f0e5468d1c361da03d7483193d3a32ccec241bb,5cce80b4983ec73f8bd74f9c4f0e5468d1c361da03d7483193d3a32ccec241bb,true,true
configs/benchmarks/issue_6942_orca_adapter_hedge_preregistration.yaml,a4fbc455ed73ea0bf9a2ad3d3c84ad92317053df430489e5abdf8816440671be,a4fbc455ed73ea0bf9a2ad3d3c84ad92317053df430489e5abdf8816440671be,true,true
configs/benchmarks/issue_6969_lane_formation_stage_b_preregistration.yaml,6d1322764de4ff89d27166828a50fd769999e61476c3cbd488087843fcd121f2,6d1322764de4ff89d27166828a50fd769999e61476c3cbd488087843fcd121f2,true,true
configs/benchmarks/issue_6971_safety_wrapper_paired_preregistration.yaml,42d04db0da0e35f1aca9e98c00239936b765f9b94f6928098a72d2e50da5379c,42d04db0da0e35f1aca9e98c00239936b765f9b94f6928098a72d2e50da5379c,true,true
configs/benchmarks/issue_7198_radius_sweep_admission_v1.yaml,3224cca9d1c9923701722f48a9769fb37b33b96a07b7bdbf29b3ed706556b9ab,3224cca9d1c9923701722f48a9769fb37b33b96a07b7bdbf29b3ed706556b9ab,true,true
configs/benchmarks/issue_7315_feasibility_first_smoke.yaml,318af9f512aaafca2fffad4250413452631256d529a7b7cc5584962f73617486,318af9f512aaafca2fffad4250413452631256d529a7b7cc5584962f73617486,true,true
configs/benchmarks/issue_7319_predictive_baselines_smoke.yaml,fc43d1bf40f7016b95520847eede99535a6dc61f464bcb0e323aa868fc367692,fc43d1bf40f7016b95520847eede99535a6dc61f464bcb0e323aa868fc367692,true,true
configs/benchmarks/issue_7340_feasibility_first_real_manifest_v1.yaml,74024ae340837ad874c952a43f8276f319bd4357b027a324376d4e1f9a9ae718,74024ae340837ad874c952a43f8276f319bd4357b027a324376d4e1f9a9ae718,true,true
configs/benchmarks/issue_7849_ppo_rppo_evaluation_seeds_v1.yaml,3657c20ca5120a4d54ec65989d5b9f91a1a64d348ea6aed479d4f0115fc79482,3657c20ca5120a4d54ec65989d5b9f91a1a64d348ea6aed479d4f0115fc79482,true,true
configs/benchmarks/issue_8068_goal_posterior_actor_smoke.yaml,e1f0a82a91f02695d978773fc19dcd4936eec800baefb4ee1355ad0577411bd6,e1f0a82a91f02695d978773fc19dcd4936eec800baefb4ee1355ad0577411bd6,true,true
configs/benchmarks/issue_8871_pedestrian_speed_canary_v1.yaml,3c1f5d81b71916b944dde20fc6b6d45ec24d551c2a46ecf569c17cf148b24c34,3c1f5d81b71916b944dde20fc6b6d45ec24d551c2a46ecf569c17cf148b24c34,true,true
configs/benchmarks/issue_9348_three_width_doorway_v1.yaml,de828b9132fff186a537dff2427681c9117f149fc8f9aab1156a754abd25b906,de828b9132fff186a537dff2427681c9117f149fc8f9aab1156a754abd25b906,true,true
configs/benchmarks/issue_9428_social_force_goal_approach.yaml,d87777cf124f022bc06320c562546eadb9d3df2fa7cda87f3004a6d9ffeaedca,d87777cf124f022bc06320c562546eadb9d3df2fa7cda87f3004a6d9ffeaedca,true,true
configs/benchmarks/issue_9431_trace_worked_examples_v007.yaml,9d0ddf20842e1d959a1f7428a4efb998ccab48e33d992b51bceeabb5781d90b5,9d0ddf20842e1d959a1f7428a4efb998ccab48e33d992b51bceeabb5781d90b5,true,true
configs/benchmarks/issue_9533_guarded_ppo_progress_escape.yaml,9e106cf0da01d180338e8ba88dbaad7686be9e7823b2102e8cc0802967019eab,9e106cf0da01d180338e8ba88dbaad7686be9e7823b2102e8cc0802967019eab,true,true
configs/benchmarks/issue_9666_force_validation.yaml,a5e629e326da5a26ddf06af20d79ea30ec1e10ff7f9d3d75af53515d58b71c93,a5e629e326da5a26ddf06af20d79ea30ec1e10ff7f9d3d75af53515d58b71c93,true,true
configs/benchmarks/issue_9671_trace_doorway_v007.yaml,bae73148b125af5652726a12dced5d64a3e108e9783894293da2d44e7f513fb0,bae73148b125af5652726a12dced5d64a3e108e9783894293da2d44e7f513fb0,true,true
configs/benchmarks/issue_9671_trace_headon_group_v007.yaml,fe3ee17279a74b1ef541f68f746bc265e7b32bb29a711e862081f9f5ee1e277e,fe3ee17279a74b1ef541f68f746bc265e7b32bb29a711e862081f9f5ee1e277e,true,true
configs/benchmarks/issue_9748_authored_horizons_v2.yaml,187e540234b2b44ca8ad4f2bf04c9d4007fb12d135fb70206d34d410ad9b0864,187e540234b2b44ca8ad4f2bf04c9d4007fb12d135fb70206d34d410ad9b0864,true,true
configs/benchmarks/issue_9748_hybrid_v4_dev_split_v1.yaml,7fcffe706d5a480c64df5c0596ffd3897ea64f2c23af7a0327cfac6675bf4df6,7fcffe706d5a480c64df5c0596ffd3897ea64f2c23af7a0327cfac6675bf4df6,true,true
configs/benchmarks/issue_9748_hybrid_v4_dev_split_v2.yaml,fb2aa66a17314dcdd93cc7607b3e36883ccca3ae4c33dd8e4a188b8b5962170a,fb2aa66a17314dcdd93cc7607b3e36883ccca3ae4c33dd8e4a188b8b5962170a,true,true
configs/benchmarks/lidar/observation_track_smoke_issue_1613.yaml,8ed8679d0f73e727c1647d13bd439590e74b466f98a41a081714847bad18071e,8ed8679d0f73e727c1647d13bd439590e74b466f98a41a081714847bad18071e,true,true
configs/benchmarks/lidar/planner_compatibility_issue_1614.yaml,d84108c1dea5959fe004f11d3db1eeeb78bc98d5cc71a399920281bb1ace2400,d84108c1dea5959fe004f11d3db1eeeb78bc98d5cc71a399920281bb1ace2400,true,true
configs/benchmarks/maneuver_authority_sweep_manifest_issue_3213.yaml,7cb91cec70a2353f74525bdf555c2e2ae88dab80f28a8f689b049e67b51a23f1,7cb91cec70a2353f74525bdf555c2e2ae88dab80f28a8f689b049e67b51a23f1,true,true
configs/benchmarks/multimodal_prediction_contract_issue_2476.yaml,125ae4a99ed4ba01ea14cc2024109ee4a33333bf3754090d48b620576c8ad793,125ae4a99ed4ba01ea14cc2024109ee4a33333bf3754090d48b620576c8ad793,true,true
configs/benchmarks/multimodal_prediction_smoke_issue_2496.yaml,61351d22bcfbaef4479988f95e1cbcc852d543fdd336202b2ac19af802b43fb4,61351d22bcfbaef4479988f95e1cbcc852d543fdd336202b2ac19af802b43fb4,true,true
configs/benchmarks/observation_mode_goal_parity_smoke.yaml,509582230f7bd8a7673e0802fa5d46359d40e0fb3743fb533af32cc84159dd10,509582230f7bd8a7673e0802fa5d46359d40e0fb3743fb533af32cc84159dd10,true,true
configs/benchmarks/observation_noise/issue_3300_false_positive_actor_injection_v1.yaml,6bcc6aaac2486c18bd409e52b98b73b95cf6da82458b025339825098c16aee74,6bcc6aaac2486c18bd409e52b98b73b95cf6da82458b025339825098c16aee74,true,true
configs/benchmarks/observation_noise/issue_3300_false_positive_orca_close_v1.yaml,d2c20254d2f2657c3094f7bb4289b30845ba21171a080db75955f56ddf6cff61,d2c20254d2f2657c3094f7bb4289b30845ba21171a080db75955f56ddf6cff61,true,true
configs/benchmarks/observation_noise/issue_3952_robustness_smoke_v1.yaml,09a1024b90d8c3336ba2bdaa72b77805aa00a183c244208e2d0acecba9ed18db,09a1024b90d8c3336ba2bdaa72b77805aa00a183c244208e2d0acecba9ed18db,true,true
configs/benchmarks/observation_noise/robustness_smoke_v1.yaml,8772a0004901838da5340207889be30be4d46b2690f08221bf4d93c0799dde6e,8772a0004901838da5340207889be30be4d46b2690f08221bf4d93c0799dde6e,true,true
configs/benchmarks/observation_noise_goal_smoke.yaml,9918177cd5f56084c262ef63d794d7faea65e54f6627ba7e5514581c0f536c2e,9918177cd5f56084c262ef63d794d7faea65e54f6627ba7e5514581c0f536c2e,true,true
configs/benchmarks/odd_contracts/low_speed_public_space_v1.yaml,2feb44976466a8f26ec7405d0f7472ace4166b57a2c2f7b274a05a700f9a3ce7,2feb44976466a8f26ec7405d0f7472ace4166b57a2c2f7b274a05a700f9a3ce7,true,true
configs/benchmarks/odd_hazard_coverage.v1.yaml,67f37c574083d899f65f261e6271fd94d3e4d5ddcaf82dd08834380dc0fdb98c,67f37c574083d899f65f261e6271fd94d3e4d5ddcaf82dd08834380dc0fdb98c,true,true
configs/benchmarks/paired_effect_metric_contract_v1.yaml,cc423c03fac128f21681504fdda85f18606eb66ea292f5c145181ec3c63dc309,cc423c03fac128f21681504fdda85f18606eb66ea292f5c145181ec3c63dc309,true,true
configs/benchmarks/paired_effect_metric_contract_v1_clarification.yaml,a62d08169bfd2c0f16eb7b5e825ea390a4ab9ef5e83b35e490436fcbfb9546a1,a62d08169bfd2c0f16eb7b5e825ea390a4ab9ef5e83b35e490436fcbfb9546a1,true,true
configs/benchmarks/paired_effect_native_smoke_v1.yaml,1795c5528d9a41afc76abad59d7d99abe40d3bf3cc6163fc7e07770ff4ea684b,1795c5528d9a41afc76abad59d7d99abe40d3bf3cc6163fc7e07770ff4ea684b,true,true
configs/benchmarks/paper_baseline_algorithms_v1.yaml,e2c77f87c3cafdc4da503983204b89e4170ff7988f8b3478cd1366f4c3e9f9fa,e2c77f87c3cafdc4da503983204b89e4170ff7988f8b3478cd1366f4c3e9f9fa,true,true
configs/benchmarks/paper_cross_kinematics_v1.yaml,5e1bab9636a47caa4042efbe8204ae98edcafa6170faede150192271c8b5ba14,5e1bab9636a47caa4042efbe8204ae98edcafa6170faede150192271c8b5ba14,true,true
configs/benchmarks/paper_cross_kinematics_v1_compatibility.yaml,45dffb0529107da55fc1c69a4fa6c82bb63e41e02febe105419d6da47093e26b,45dffb0529107da55fc1c69a4fa6c82bb63e41e02febe105419d6da47093e26b,true,true
configs/benchmarks/paper_experiment_matrix_7planners_v1.yaml,43eec70a34366239d18e2b5e3cb92f8deb5031990acb8ae1f7981b3aa3fed2f7,43eec70a34366239d18e2b5e3cb92f8deb5031990acb8ae1f7981b3aa3fed2f7,true,true
configs/benchmarks/paper_experiment_matrix_all_planners_v1.yaml,43319acd6b426d9b34de316487a6c1eb3ce3ea9b9c93fd07b6435a0dbc3a4057,43319acd6b426d9b34de316487a6c1eb3ce3ea9b9c93fd07b6435a0dbc3a4057,true,true
configs/benchmarks/paper_experiment_matrix_v1.yaml,0ad4d441edf57a93c02cfad5e49e466c943a55d34a48b1eb9682920d724454ee,0ad4d441edf57a93c02cfad5e49e466c943a55d34a48b1eb9682920d724454ee,true,true
configs/benchmarks/paper_experiment_matrix_v1_best_ppo_compare.yaml,a86ca47f2cd32550e0d284b4905428de7d4f9dc075e600e8246110635be05ca5,a86ca47f2cd32550e0d284b4905428de7d4f9dc075e600e8246110635be05ca5,true,true
configs/benchmarks/paper_experiment_matrix_v1_extended_seeds_s10.yaml,51325b19179d27b412da7bd0e53e4363e9a4d2a304faf98c82c31a27532d77cb,51325b19179d27b412da7bd0e53e4363e9a4d2a304faf98c82c31a27532d77cb,true,true
configs/benchmarks/paper_experiment_matrix_v1_extended_seeds_s5.yaml,d2dfb5f478fa5848cc8392110997fee88032f12315f3426442840b885ca3492a,d2dfb5f478fa5848cc8392110997fee88032f12315f3426442840b885ca3492a,true,true
configs/benchmarks/paper_experiment_matrix_v1_gap_prediction_compare.yaml,cdcb72516af5aae4f1b8e26361f3e1b34ceb4d7c0ca9dece09ea6e2caaeb89bf,cdcb72516af5aae4f1b8e26361f3e1b34ceb4d7c0ca9dece09ea6e2caaeb89bf,true,true
configs/benchmarks/paper_experiment_matrix_v1_gap_prediction_compare_schema_filtered.yaml,eafc1d1b45029460b2b568ce735293cdc63b840f26575a3761ef55abbe0b8035,eafc1d1b45029460b2b568ce735293cdc63b840f26575a3761ef55abbe0b8035,true,true
configs/benchmarks/paper_experiment_matrix_v1_guarded_ppo_compare.yaml,56e39a4924c15168c6d8fe65dd2a93ab127978dbfb74ce864c93611b80d26592,56e39a4924c15168c6d8fe65dd2a93ab127978dbfb74ce864c93611b80d26592,true,true
configs/benchmarks/paper_experiment_matrix_v1_guarded_ppo_tuning_compare.yaml,4af9bee94c4b5e2dc47f31c8befa2cbefea145527e49c986a5345ff1c1e1e8fe,4af9bee94c4b5e2dc47f31c8befa2cbefea145527e49c986a5345ff1c1e1e8fe,true,true
configs/benchmarks/paper_experiment_matrix_v1_guarded_ppo_tuning_compare_workers1.yaml,cbcda635dd7826d7f5def971768562536595d119969bd11d8ea3091a56408d15,cbcda635dd7826d7f5def971768562536595d119969bd11d8ea3091a56408d15,true,true
configs/benchmarks/paper_experiment_matrix_v1_h600_extended_roster.yaml,e55bfb05aee3c592fde95ba135a64c4ff86e40c2705d68e84fb4f6b9c82ea13c,e55bfb05aee3c592fde95ba135a64c4ff86e40c2705d68e84fb4f6b9c82ea13c,true,true
configs/benchmarks/paper_experiment_matrix_v1_h600_hybrid_roster.yaml,d4425b0e381160bc750c5341a7d4ed475eb9a202dd78aaaca7ae876343292132,d4425b0e381160bc750c5341a7d4ed475eb9a202dd78aaaca7ae876343292132,true,true
configs/benchmarks/paper_experiment_matrix_v1_h600_hybrid_vs_orca_s30.yaml,82eee7a1dca241df9bec65e18072f2dd3c46c86489b3b55816d2504af88896b6,82eee7a1dca241df9bec65e18072f2dd3c46c86489b3b55816d2504af88896b6,true,true
configs/benchmarks/paper_experiment_matrix_v1_h600_trace_capable_rerun.yaml,280bff07464103b4a2448702c5eaca036f8a01f320639df521d2350f0e6287c4,280bff07464103b4a2448702c5eaca036f8a01f320639df521d2350f0e6287c4,true,true
configs/benchmarks/paper_experiment_matrix_v1_hybrid_portfolio_compare.yaml,5c78b8750f6d0c3ca87391d63bf798f173f04ac74d96fac9e9c70a6c67afdca0,5c78b8750f6d0c3ca87391d63bf798f173f04ac74d96fac9e9c70a6c67afdca0,true,true
configs/benchmarks/paper_experiment_matrix_v1_issue_791_eval_aligned_compare.yaml,8636e183339432d088ab6a453469b2f3a9863c599f4af33122f6f5e5fd6ff748,8636e183339432d088ab6a453469b2f3a9863c599f4af33122f6f5e5fd6ff748,true,true
configs/benchmarks/paper_experiment_matrix_v1_issue_791_horizon200_probe.yaml,b5f5aaffa94d9004fcd181ba12a78b7f1ed9b5d020e15c04a4aed6460f60ef7e,b5f5aaffa94d9004fcd181ba12a78b7f1ed9b5d020e15c04a4aed6460f60ef7e,true,true
configs/benchmarks/paper_experiment_matrix_v1_issue_791_horizon300_probe.yaml,1d423d1f79b54f4317975b463d1710396b124b8c05d69b0bd6530cd72087cd5b,1d423d1f79b54f4317975b463d1710396b124b8c05d69b0bd6530cd72087cd5b,true,true
configs/benchmarks/paper_experiment_matrix_v1_issue_791_horizon400_probe.yaml,8e41806b9b7526cf21867c3c518d327d8227f1c923115d346c5258303c189c64,8e41806b9b7526cf21867c3c518d327d8227f1c923115d346c5258303c189c64,true,true
configs/benchmarks/paper_experiment_matrix_v1_issue_791_horizon600_probe.yaml,f30ef29a5c0da104b490325547205198b1600cc99d720bc3ca9fe8817779a762,f30ef29a5c0da104b490325547205198b1600cc99d720bc3ca9fe8817779a762,true,true
configs/benchmarks/paper_experiment_matrix_v1_issue_821_extended.yaml,3a2f3c478da0293ca4d4398e6f59ba6f3cd299b553738f086c4826cbf7d09e71,3a2f3c478da0293ca4d4398e6f59ba6f3cd299b553738f086c4826cbf7d09e71,true,true
configs/benchmarks/paper_experiment_matrix_v1_issue_856_all_scenarios_compare.yaml,b2fe306e20963a9f9e41cc28041687fcdae5d867c187e0d4db56298f5c381371,b2fe306e20963a9f9e41cc28041687fcdae5d867c187e0d4db56298f5c381371,true,true
configs/benchmarks/paper_experiment_matrix_v1_issue_857_horizon100.yaml,44022758f3653cf458bf01de4e45ebdb67e07ca66f881d983e088fff4132cc1f,44022758f3653cf458bf01de4e45ebdb67e07ca66f881d983e088fff4132cc1f,true,true
configs/benchmarks/paper_experiment_matrix_v1_mppi_social_compare.yaml,ced20e2e72b7cae09d3b5c932a9115f7f85949c031d23285d06fcd940dcc88e7,ced20e2e72b7cae09d3b5c932a9115f7f85949c031d23285d06fcd940dcc88e7,true,true
configs/benchmarks/paper_experiment_matrix_v1_mppi_social_compare_schema_filtered.yaml,f18dfe5bc9f4f24c9f6a302d16e7d4fafdd169855e008686c5b1122a7b67fbef,f18dfe5bc9f4f24c9f6a302d16e7d4fafdd169855e008686c5b1122a7b67fbef,true,true
configs/benchmarks/paper_experiment_matrix_v1_orca_prior_guarded_ppo_compare.yaml,8aded38de9ff640f459e46c5fe5f8c198aa859e7fac80d60f98e4caf9d5b2d0c,8aded38de9ff640f459e46c5fe5f8c198aa859e7fac80d60f98e4caf9d5b2d0c,true,true
configs/benchmarks/paper_experiment_matrix_v1_ppo_v10_carry_forward.yaml,47d913697230f5faf7c97620ada342cee98efb7a67e76c7f86ad5e5a7e22e3cc,47d913697230f5faf7c97620ada342cee98efb7a67e76c7f86ad5e5a7e22e3cc,true,true
configs/benchmarks/paper_experiment_matrix_v1_prediction_planner_probabilistic_compare.yaml,ce90698521f6a03db578ae57e046f8bf3b50c0ecfa967e6fef279dcb8d1b453b,ce90698521f6a03db578ae57e046f8bf3b50c0ecfa967e6fef279dcb8d1b453b,true,true
configs/benchmarks/paper_experiment_matrix_v1_prediction_planner_v2_compare.yaml,84e90018d5366dc4c1bc9ba94a163c7c66a0cdefe4b6710d0cf9fce3d9f2df14,84e90018d5366dc4c1bc9ba94a163c7c66a0cdefe4b6710d0cf9fce3d9f2df14,true,true
configs/benchmarks/paper_experiment_matrix_v1_predictive_mppi_compare.yaml,3586be42088723b768b8e438ac9901a5071498b9c8a2f780acdee5025f00c9cf,3586be42088723b768b8e438ac9901a5071498b9c8a2f780acdee5025f00c9cf,true,true
configs/benchmarks/paper_experiment_matrix_v1_release_smoke.yaml,60620b8f28ceb65b6468b343ab1988f87b1187c86ad534bdf2513d48d008ba5e,60620b8f28ceb65b6468b343ab1988f87b1187c86ad534bdf2513d48d008ba5e,true,true
configs/benchmarks/paper_experiment_matrix_v1_risk_dwa_compare.yaml,fa34a9abc2f8c18be83fdee8ac3b053bf270170b3948afab2ecab06bb57b3472,fa34a9abc2f8c18be83fdee8ac3b053bf270170b3948afab2ecab06bb57b3472,true,true
configs/benchmarks/paper_experiment_matrix_v1_scenario_horizons_h500.yaml,de94831c8b04633ed6d4f2989ce858e45e74d6e7202d97d4493e233900992237,de94831c8b04633ed6d4f2989ce858e45e74d6e7202d97d4493e233900992237,true,true
configs/benchmarks/paper_experiment_matrix_v1_scenario_horizons_h500_s20.yaml,249968670830c3b710e1407aecb2256d140cd1ba76294766421447bd89357f15,249968670830c3b710e1407aecb2256d140cd1ba76294766421447bd89357f15,true,true
configs/benchmarks/paper_experiment_matrix_v1_social_navigation_pyenvs_hsfm_new_guo_only.yaml,b96f02297afdf3c2bda0314c0f99dcc44ae009433953715edd471c026b77857e,b96f02297afdf3c2bda0314c0f99dcc44ae009433953715edd471c026b77857e,true,true
configs/benchmarks/paper_experiment_matrix_v1_social_navigation_pyenvs_orca_only.yaml,f32f6d48adb386424b656408b2db657ad21fa06ae34653f062d0a6633f20f865,f32f6d48adb386424b656408b2db657ad21fa06ae34653f062d0a6633f20f865,true,true
configs/benchmarks/paper_experiment_matrix_v1_social_navigation_pyenvs_socialforce_only.yaml,d2aa66a21f9f75ec857d4321a4c5c82ac12cdfb0b38b594b8d45bc941cbf8c90,d2aa66a21f9f75ec857d4321a4c5c82ac12cdfb0b38b594b8d45bc941cbf8c90,true,true
configs/benchmarks/paper_experiment_matrix_v1_stream_gap_compare.yaml,a36413fe95f94f8566b93b1dcb5e05ec0d051575fe1676e7833b0259ad293f18,a36413fe95f94f8566b93b1dcb5e05ec0d051575fe1676e7833b0259ad293f18,true,true
configs/benchmarks/paper_experiment_matrix_v2_h600_hybrid_stress_smoke.yaml,c088e62e7fb7758dc2670d81600d54c7de903ebf2d6e9310cf6e672c53400184,c088e62e7fb7758dc2670d81600d54c7de903ebf2d6e9310cf6e672c53400184,true,true
configs/benchmarks/paper_experiment_matrix_v2_h600_s30_benchmark_data_2026_08.yaml,aa3057faeeefbd2ced41e3e093da32d1705270330cb1c124bc0b3558f8f88afd,aa3057faeeefbd2ced41e3e093da32d1705270330cb1c124bc0b3558f8f88afd,true,true
configs/benchmarks/paper_experiment_matrix_v2_h600_s30_benchmark_data_template.yaml,5d805909643f1b6c5e919a891657ec86e6800f2ab602b7cfd70f1af1aec94462,5d805909643f1b6c5e919a891657ec86e6800f2ab602b7cfd70f1af1aec94462,true,true
configs/benchmarks/paper_experiment_matrix_v2_h600_s30_benchmark_data_v0_0_8_candidate.yaml,02f7d0828f77345d5a5ca2550a381611c06ebe93037c6d4a90bb0b23107144a5,02f7d0828f77345d5a5ca2550a381611c06ebe93037c6d4a90bb0b23107144a5,true,true
configs/benchmarks/paper_experiment_matrix_v2_h600_s30_benchmark_data_v0_0_8_candidate_authored.yaml,de627db9f2999b17ed56378b9d793ee13a4b1bc15d1eb442513360d45f6d76d5,de627db9f2999b17ed56378b9d793ee13a4b1bc15d1eb442513360d45f6d76d5,true,true
configs/benchmarks/paper_experiment_matrix_v2_h600_s30_extended.yaml,143ab63a235f40326c93c93044fba95e808388751f04d8ca979b89d1142ca465,143ab63a235f40326c93c93044fba95e808388751f04d8ca979b89d1142ca465,true,true
configs/benchmarks/paper_experiment_matrix_v2_h600_s30_extended_post1.yaml,c43d7bc24a182dcc56082f4da11d76e09a66d8b1cc0d0dc84b29536726022701,c43d7bc24a182dcc56082f4da11d76e09a66d8b1cc0d0dc84b29536726022701,true,true
configs/benchmarks/paper_experiment_matrix_v2_h600_s30_runtime_smoke.yaml,c3671790d0beb12511223efa86e2cf26245692566b2c849dba956b6e36bdf64a,c3671790d0beb12511223efa86e2cf26245692566b2c849dba956b6e36bdf64a,true,true
configs/benchmarks/paper_experiment_matrix_v2_h600_s30_runtime_smoke_v0_3.yaml,fbd900243f5a004cc07f7d10c672126f46ec583eb6f108ec7a0e8fce9daa7ad4,fbd900243f5a004cc07f7d10c672126f46ec583eb6f108ec7a0e8fce9daa7ad4,true,true
configs/benchmarks/paper_experiment_matrix_v2_h600_s30_runtime_smoke_v0_4.yaml,698b4bc44455a3fd4485b5b25b0bca16e47ca7d6ceaf62fd918aaba05df177d4,698b4bc44455a3fd4485b5b25b0bca16e47ca7d6ceaf62fd918aaba05df177d4,true,true
configs/benchmarks/paper_experiment_matrix_v2_h600_s30_runtime_smoke_v0_5.yaml,a546df04e8f69896f001792d22931c184dd54d440f2828898049e57bdf92419b,a546df04e8f69896f001792d22931c184dd54d440f2828898049e57bdf92419b,true,true
configs/benchmarks/paper_experiment_matrix_v2_h600_s30_runtime_smoke_v0_6.yaml,6471bc36db5806badd527701ca30b2f63f425dd3830d6b2b86cfa00ade1f5c46,6471bc36db5806badd527701ca30b2f63f425dd3830d6b2b86cfa00ade1f5c46,true,true
configs/benchmarks/paper_experiment_matrix_v2_h600_s30_three_width_doorway_v1.yaml,9e815e03f5280c5b8366d7179a4f93d61acc914505f1379660c6467849a26e7c,9e815e03f5280c5b8366d7179a4f93d61acc914505f1379660c6467849a26e7c,true,true
configs/benchmarks/paper_experiment_matrix_v2_h600_s30_three_width_doorway_v2.yaml,e3a26ccfb9df1cea343fba9f83aba1e9505494cbead7121132922bffb5c75039,e3a26ccfb9df1cea343fba9f83aba1e9505494cbead7121132922bffb5c75039,true,true
configs/benchmarks/paper_seed_variability_pilot_v1.yaml,18999ae9340a1971ed3646689e4e995cb787a502234fc2957e845b21cdf12250,18999ae9340a1971ed3646689e4e995cb787a502234fc2957e845b21cdf12250,true,true
configs/benchmarks/perception_degradation/issue_4455_ladder_v1.yaml,e6a8f046f21cf5b704b67513981e017a4a1bac567580787ebe79a193c2886190,e6a8f046f21cf5b704b67513981e017a4a1bac567580787ebe79a193c2886190,true,true
configs/benchmarks/perception_degradation_profiles_v1.yaml,0264ac50f246f9b4bb98df98b7708d9f488bb10fe169201cf6f47cbb84efb436,0264ac50f246f9b4bb98df98b7708d9f488bb10fe169201cf6f47cbb84efb436,true,true
configs/benchmarks/perf_baseline_classic_cold_warm_medium_v1.json,90890b680ef29ba850e39e7b02d69dbf77a94f4297deeaf1f033b102ac24f2b0,90890b680ef29ba850e39e7b02d69dbf77a94f4297deeaf1f033b102ac24f2b0,true,true
configs/benchmarks/perf_baseline_classic_cold_warm_v1.json,f4f3d4ba9499faf92166ccc700f630b264d0f6556699b1f0da99c0c8c32061de,f4f3d4ba9499faf92166ccc700f630b264d0f6556699b1f0da99c0c8c32061de,true,true
configs/benchmarks/perf_trend_matrix_classic_v1.yaml,1ba1f3abb9f86447781c75696831affd655ae06540bef42babd4c6a283938d1e,1ba1f3abb9f86447781c75696831affd655ae06540bef42babd4c6a283938d1e,true,true
configs/benchmarks/planner_quality_audit_v1.yaml,7cd37469b7789af37e68f53bb406653d4a30b55a00e39cde6cbdd47fcdc292a1,7cd37469b7789af37e68f53bb406653d4a30b55a00e39cde6cbdd47fcdc292a1,true,true
configs/benchmarks/planner_readiness_matrix_v1.yaml,9001aeb4190166bf461d43835b2751f71af78c0ca96cb7e31411f3c2896faf36,9001aeb4190166bf461d43835b2751f71af78c0ca96cb7e31411f3c2896faf36,true,true
configs/benchmarks/planner_sanity_matrix_v1.yaml,6b50a0c0a1aa97cb84eb25d179df0058a6c33e070d642faed620eab2181582d6,6b50a0c0a1aa97cb84eb25d179df0058a6c33e070d642faed620eab2181582d6,true,true
configs/benchmarks/portfolio_sweep_grid_v1.yaml,066686131d8a824fa482abe3b9088da2d12d3ce874505719b7676a4314d374a9,066686131d8a824fa482abe3b9088da2d12d3ce874505719b7676a4314d374a9,true,true
configs/benchmarks/portfolio_sweep_grid_v2_iter1.yaml,490c675beaa15900f89eda09ea5dd7d5e524a88c71a5163ce5f35022c9890f9e,490c675beaa15900f89eda09ea5dd7d5e524a88c71a5163ce5f35022c9890f9e,true,true
configs/benchmarks/portfolio_sweep_grid_v3_iter2.yaml,445c83ee5ebc41ff477cad2e3fb10fe5b9c3f0808c74b30061165dd0c4804911,445c83ee5ebc41ff477cad2e3fb10fe5b9c3f0808c74b30061165dd0c4804911,true,true
configs/benchmarks/portfolio_sweep_grid_v4_aggressive.yaml,9199d4c224c8e400eaad583beb1ad39f280bceba5337d003643f1b195aef77d7,9199d4c224c8e400eaad583beb1ad39f280bceba5337d003643f1b195aef77d7,true,true
configs/benchmarks/portfolio_sweep_grid_v5_hybrid_focus.yaml,4f80468b9edcfde111989053544d3d4d058cf81179029b18a6abb4112620c93e,4f80468b9edcfde111989053544d3d4d058cf81179029b18a6abb4112620c93e,true,true
configs/benchmarks/pr_promoted_planner_smoke_baseline.json,9c11576813ed99a07c542991c27b99574be6f282048573546c82f0d8d3689a7c,9c11576813ed99a07c542991c27b99574be6f282048573546c82f0d8d3689a7c,true,true
configs/benchmarks/predictive_hard_seeds_s20_v1.yaml,e8df71b2f1c08f3dbf54cd609b2303bde1698386854f5710eb884e68d7603694,e8df71b2f1c08f3dbf54cd609b2303bde1698386854f5710eb884e68d7603694,true,true
configs/benchmarks/predictive_hard_seeds_s30_v1.yaml,17354e41881f0d9524bad03bb9810c4a7988213a83e5dd50a85b15e6703204f7,17354e41881f0d9524bad03bb9810c4a7988213a83e5dd50a85b15e6703204f7,true,true
configs/benchmarks/predictive_hard_seeds_v1.yaml,535dfc5e2382a75140e128c98a32d898ab6655ab2925c45b565512924ca5c575,535dfc5e2382a75140e128c98a32d898ab6655ab2925c45b565512924ca5c575,true,true
configs/benchmarks/predictive_hardcase_authority_grid_issue_3213.yaml,02037593d8ea2a9f7aa3112c8245c237176af77cb73adfe86b900eb96c5f1c90,02037593d8ea2a9f7aa3112c8245c237176af77cb73adfe86b900eb96c5f1c90,true,true
configs/benchmarks/predictive_hardcase_robust_a.yaml,c633ad587d480d60e110c285e24b21205a3092a06f9fa41b37c8c2c56a78bfe1,c633ad587d480d60e110c285e24b21205a3092a06f9fa41b37c8c2c56a78bfe1,true,true
configs/benchmarks/predictive_hardcase_robust_b.yaml,16e34ca1e5a956cbdda239b8115e13daf5bdaa97379e4d7399590319d4c9c714,16e34ca1e5a956cbdda239b8115e13daf5bdaa97379e4d7399590319d4c9c714,true,true
configs/benchmarks/predictive_scenario_family_oracle_arm_issue_3215.yaml,f250860ba4faf9b4a69b62e5c32f8b10fc2b9029118fb559866283a27c8bc3b2,f250860ba4faf9b4a69b62e5c32f8b10fc2b9029118fb559866283a27c8bc3b2,true,true
configs/benchmarks/predictive_sweep_planner_grid_v1.yaml,0cd1998d4471e0f637ba7d9b16ec4a271ce7afb588d59879469182fd91504c2f,0cd1998d4471e0f637ba7d9b16ec4a271ce7afb588d59879469182fd91504c2f,true,true
configs/benchmarks/predictive_sweep_planner_grid_v2_coupling_gate.yaml,20f726900b777bbc78a1298b152a264398284a3ffad71c167464f0188ab938da,20f726900b777bbc78a1298b152a264398284a3ffad71c167464f0188ab938da,true,true
configs/benchmarks/promoted_config_surfaces.yaml,07e04db1dd37386e963d3ef5f42e467f809697f4886ab377238a68e31e2af54a,07e04db1dd37386e963d3ef5f42e467f809697f4886ab377238a68e31e2af54a,true,true
configs/benchmarks/python_rvo2_orca_probe.yaml,d691e216b197f1e409caf65c45dd76f0f916f74d4b903ed72a5b68d86f26eadb,d691e216b197f1e409caf65c45dd76f0f916f74d4b903ed72a5b68d86f26eadb,true,true
configs/benchmarks/rare_event/issue_4163_crossing_smoke.yaml,433275049da1d9e607953b2914fa86f46501d9d4bc5c2295da2ea608a5667e41,433275049da1d9e607953b2914fa86f46501d9d4bc5c2295da2ea608a5667e41,true,true
configs/benchmarks/rare_event/issue_4163_static_constriction_smoke.yaml,e2f3092de286e3af6417ca10233e1e6a09455bc6099b6e3e83d9d8f1cb08bb60,e2f3092de286e3af6417ca10233e1e6a09455bc6099b6e3e83d9d8f1cb08bb60,true,true
configs/benchmarks/reactivity_replay_rank_study_issue_3637_launch_packet.yaml,e80e4670a8c4751eab02f0324b62b5422eeb81b2cfbcaa7bcace406f94ffce39,e80e4670a8c4751eab02f0324b62b5422eeb81b2cfbcaa7bcace406f94ffce39,true,true
configs/benchmarks/release_gate_current_roster_social_proxemic_issue_4400.yaml,7f7b8086477b159534f8a9ca0ed0c010434abed6a2d7fce61fb836d3c88d64bd,7f7b8086477b159534f8a9ca0ed0c010434abed6a2d7fce61fb836d3c88d64bd,true,true
configs/benchmarks/release_gates/camera_ready_current_roster_gates.yaml,9689a1a3236fce2fe0f735f8e68c64bbd62f214edd2fea1abea57a941b46f759,9689a1a3236fce2fe0f735f8e68c64bbd62f214edd2fea1abea57a941b46f759,true,true
configs/benchmarks/release_gates/default_safety_comfort_gates.yaml,5abed9ba523bc5cd1a1fd556089c1e7a8cfe1657fcdde9b6b6b55c3b1edc53a0,5abed9ba523bc5cd1a1fd556089c1e7a8cfe1657fcdde9b6b6b55c3b1edc53a0,true,true
configs/benchmarks/release_gates/issue_4207_certification_transfer_gates.yaml,385739fe40258d99c68654b7deee1665c8ff4ed9cbd0c64bcfd6d4c192cbd559,385739fe40258d99c68654b7deee1665c8ff4ed9cbd0c64bcfd6d4c192cbd559,true,true
configs/benchmarks/release_gates/issue_4207_interacting_smoke_gates.yaml,03e036c2cf7eea467e19870a04649764beb57432c0fcf6290933f7d7c5e71d4d,03e036c2cf7eea467e19870a04649764beb57432c0fcf6290933f7d7c5e71d4d,true,true
configs/benchmarks/release_row_anomalies_0_0_8.template.json,a9b0d1cc1fa4a30edb40209d61304980ef63996007e83e58213c0c38378e4568,a9b0d1cc1fa4a30edb40209d61304980ef63996007e83e58213c0c38378e4568,true,true
configs/benchmarks/release_row_anomalies_v1.json,c9b0e5876ee30144a0d3b64d286a3513963131cf257eb742b28acecc52f1cbdb,c9b0e5876ee30144a0d3b64d286a3513963131cf257eb742b28acecc52f1cbdb,true,true
configs/benchmarks/releases/benchmark_data_release_s30_h600.template.yaml,9dc0657b6168e2fc9d80b39ecf0c1079deb00996676d5b4882db90a6cb8e1eea,957fd00493ed5f6e525591805484255d42c729517548c975cb4372fb0f364d21,false,true
configs/benchmarks/releases/benchmark_data_release_s30_h600.yaml,6b2fd25d185e01c28a9883ccec6b3716ee996a052b44dd89cc89c16f6c80a182,6b2fd25d185e01c28a9883ccec6b3716ee996a052b44dd89cc89c16f6c80a182,true,true
configs/benchmarks/releases/benchmark_data_release_s30_h600_2026_09_erratum_1.json,94a572c4e61174b952501c6ea836c3b41b18425f29f2c693fe43a6a711402bfc,94a572c4e61174b952501c6ea836c3b41b18425f29f2c693fe43a6a711402bfc,true,true
configs/benchmarks/releases/benchmark_data_release_s30_h600_2026_09_erratum_1_zenodo_metadata.json,0a86f188c44d83949715e2d457c3b6154a511fbf041527a3e669d4995bdc6b2b,0a86f188c44d83949715e2d457c3b6154a511fbf041527a3e669d4995bdc6b2b,true,true
configs/benchmarks/releases/benchmark_data_release_s30_h600_zenodo_metadata.json,b1fa7120abec8dcef09b2a6718e8e30fd39056687399e995df43a0ed800c27c3,b1fa7120abec8dcef09b2a6718e8e30fd39056687399e995df43a0ed800c27c3,true,true
configs/benchmarks/releases/benchmark_data_release_s30_h600_zenodo_metadata.template.json,cbef0c0ca80ac3b8b25337edecad04456d65c0bd24f5f41744dfa74133cf175f,a281197a1eccd1f292a4fc90ea9ec1f006c1423c03859b4df7710307dfba9624,false,true
configs/benchmarks/releases/benchmark_v0_1_publication_prerequisites.yaml,81e9e119338086320eee96fa83cabaa837923a967e6a8c9b3d03d4b4a506e824,81e9e119338086320eee96fa83cabaa837923a967e6a8c9b3d03d4b4a506e824,true,true
configs/benchmarks/releases/benchmark_v0_1_release_suites.yaml,5e81e33164798ca45a384f5546347eb9cb8d46b5f09b1e09993c8b88499d1b8d,5e81e33164798ca45a384f5546347eb9cb8d46b5f09b1e09993c8b88499d1b8d,true,true
configs/benchmarks/releases/hierarchical_paired_release_analysis_issue_5351.yaml,273e851639c4a59ec175e23f9746338260ec5d67500f08642520dfc7b815853b,273e851639c4a59ec175e23f9746338260ec5d67500f08642520dfc7b815853b,true,true
configs/benchmarks/releases/issue_7086_trace_dossier_diagnostic_v0_1.yaml,1472cc5d38cfa947f07c3a092e6792909731ee4cec64a936f384b58cdefd42f1,1472cc5d38cfa947f07c3a092e6792909731ee4cec64a936f384b58cdefd42f1,true,true
configs/benchmarks/releases/issue_9860_corrected_diagnostic_v1.yaml,9b4020d6fed428c8c1045a45e20e97eef1e8f51a497f5e8323ea25590dca9516,9b4020d6fed428c8c1045a45e20e97eef1e8f51a497f5e8323ea25590dca9516,true,true
configs/benchmarks/releases/issue_9860_unsafe_probe_diagnostic_v1.yaml,c031a3dc3933f6562a74a731eed4ede31ed860af861981c504483ceec3fc58ed,c031a3dc3933f6562a74a731eed4ede31ed860af861981c504483ceec3fc58ed,true,true
configs/benchmarks/releases/paper_experiment_matrix_7planners_v1_release_v0_0_2_scoped.yaml,4023114499a446c75ac794934dac20c8f627af4a325373ad1dc2fc8567186105,4023114499a446c75ac794934dac20c8f627af4a325373ad1dc2fc8567186105,true,true
configs/benchmarks/releases/paper_experiment_matrix_all_planners_v1_release_v0_0_2.yaml,91697df4ec10dc5d61e8b0a6e2a267f44f220505375a5180c35729f685eb48b5,91697df4ec10dc5d61e8b0a6e2a267f44f220505375a5180c35729f685eb48b5,true,true
configs/benchmarks/releases/paper_experiment_matrix_v1_release_smoke_v0_1.yaml,ea0896e209828efd0edf3e8e50c8a7295594b393cb498f6e96cb23bb82a71701,ea0896e209828efd0edf3e8e50c8a7295594b393cb498f6e96cb23bb82a71701,true,true
configs/benchmarks/releases/paper_experiment_matrix_v1_release_v0_1.yaml,e6c43c10b3f1e17bc4bc6b6983f50983dc8dca00114ac46d551cc95be84b1c93,e6c43c10b3f1e17bc4bc6b6983f50983dc8dca00114ac46d551cc95be84b1c93,true,true
configs/benchmarks/releases/paper_experiment_matrix_v1_release_v0_1_suite_policy.yaml,b5eb0a0cd6e07c7ef285781adcda207457e423f3bfb381cc78cd313c62dd6395,b5eb0a0cd6e07c7ef285781adcda207457e423f3bfb381cc78cd313c62dd6395,true,true
configs/benchmarks/releases/paper_experiment_matrix_v2_h600_s30_hybrid_stress_smoke_v0_1.yaml,02ddb15b0fb542bf4ab2a1acc25988cb1b2b3d4cf22736e6cce32cd735a714c8,02ddb15b0fb542bf4ab2a1acc25988cb1b2b3d4cf22736e6cce32cd735a714c8,true,true
configs/benchmarks/releases/paper_experiment_matrix_v2_h600_s30_release_v0_0_3.yaml,6b5df4170a2fa83a6a97666a269d81364b0e4bcc60977e08472e46378f34d304,6b5df4170a2fa83a6a97666a269d81364b0e4bcc60977e08472e46378f34d304,true,true
configs/benchmarks/releases/paper_experiment_matrix_v2_h600_s30_release_v0_0_3_post1.yaml,fe6e696606956570b40150bfa46b73e83df7ef4b7e15187149b011fb7e2f351a,fe6e696606956570b40150bfa46b73e83df7ef4b7e15187149b011fb7e2f351a,true,true
configs/benchmarks/releases/paper_experiment_matrix_v2_h600_s30_runtime_smoke_v0_2.yaml,09b385898729a4f6fa2585501b748cb8884ca5bd6ab9119e53f67c57953b61ab,09b385898729a4f6fa2585501b748cb8884ca5bd6ab9119e53f67c57953b61ab,true,true
configs/benchmarks/releases/paper_experiment_matrix_v2_h600_s30_runtime_smoke_v0_3.yaml,d6f3047adaacfb8cad2cc12430ee5ce7331f11b0777ac522209fd1e5af019241,d6f3047adaacfb8cad2cc12430ee5ce7331f11b0777ac522209fd1e5af019241,true,true
configs/benchmarks/releases/paper_experiment_matrix_v2_h600_s30_runtime_smoke_v0_4.yaml,aded0ca71e40bdc8f7193282bb8d28420a9b627f93d47a43034703a45d613197,aded0ca71e40bdc8f7193282bb8d28420a9b627f93d47a43034703a45d613197,true,true
configs/benchmarks/releases/paper_experiment_matrix_v2_h600_s30_runtime_smoke_v0_5.yaml,59fb1604b523b3a96f2e404b3e7e8774a69424770cc78305229fe456f59840f6,59fb1604b523b3a96f2e404b3e7e8774a69424770cc78305229fe456f59840f6,true,true
configs/benchmarks/releases/paper_experiment_matrix_v2_h600_s30_runtime_smoke_v0_6.yaml,a3a626ce801ac5d24c26d8945c0cb5f655ce1508c319579301652040f8f35160,a3a626ce801ac5d24c26d8945c0cb5f655ce1508c319579301652040f8f35160,true,true
configs/benchmarks/releases/recovery/job_15180_59577bad_recovery_v1.json,00d046f727a587a3541e91ace136b4c20cf9e238937de7ba2ec8c47474128693,00d046f727a587a3541e91ace136b4c20cf9e238937de7ba2ec8c47474128693,true,true
configs/benchmarks/releases/release_0_0_5_preflight_checklist.yaml,02cbbc2569ab30ce24708b742b66b0034c85036ddd37a914a48cec8a7abaff4d,02cbbc2569ab30ce24708b742b66b0034c85036ddd37a914a48cec8a7abaff4d,true,true
configs/benchmarks/releases/release_0_0_5_surface_preflight_checklist.yaml,73602a89e0e749fab751f7c5bbb9a5b94e847124d3df6476c42b88efac33684d,73602a89e0e749fab751f7c5bbb9a5b94e847124d3df6476c42b88efac33684d,true,true
configs/benchmarks/releases/release_july_2026_preflight_issue_3081.yaml,2fd9f170d18c87bb531478f16a2d680b16cb1dcc6281ec8cb2ed744f3d9d5fd0,2fd9f170d18c87bb531478f16a2d680b16cb1dcc6281ec8cb2ed744f3d9d5fd0,true,true
configs/benchmarks/releases/three_width_doorway_release_0_0_8_v1.template.yaml,cb9dd1cdd7c7bc0098e0ce5746bff2867487ce5728cbed9124b1c78b824053f0,b11e74821ff83ed714687902532b10644b6f1f5abba13b3046a116201d7d057a,false,true
configs/benchmarks/releases/three_width_doorway_release_0_0_8_v1.yaml,1d71f06d1203d287d5955004db87a481918758f9c23af756ca7bfea7958700e9,1d71f06d1203d287d5955004db87a481918758f9c23af756ca7bfea7958700e9,true,true
configs/benchmarks/releases/three_width_doorway_release_0_0_8_v1_zenodo_metadata.template.json,f3806581db53a826857ca9091e9fbc27f15303a37f3a154d313dab66f1c134dd,d247482fb1d22e64dc77e4e215eb618fd3c3c58574c8c423a3aa66ae4ff47b7a,false,true
configs/benchmarks/research_campaign_manifest.example.yaml,9475a8e49971c2daad911463b665678d1748930d64053384b5b91b795c6f6c7d,9475a8e49971c2daad911463b665678d1748930d64053384b5b91b795c6f6c7d,true,true
configs/benchmarks/route_clearance_certifications_v1.yaml,8923d0560d17e92133e74792931539bd9a650629ae94d57798adb809046c567a,8923d0560d17e92133e74792931539bd9a650629ae94d57798adb809046c567a,true,true
configs/benchmarks/s20_s30_seed_budget_issue_1554_launch_packet.yaml,0992ae9b7a2566590304d1bbaef7e54246910f8317bf0b10a6aeb23fa5b22118,0992ae9b7a2566590304d1bbaef7e54246910f8317bf0b10a6aeb23fa5b22118,true,true
configs/benchmarks/sanity_v1_smoke.yaml,1cc216578ee59b65f192e0bc0960537bc4f24a3915a3a1ac61c1d33f596e6474,1cc216578ee59b65f192e0bc0960537bc4f24a3915a3a1ac61c1d33f596e6474,true,true
configs/benchmarks/scenario_belief_drop_vs_retain_issue_3556.yaml,ccce2ce449353a0614f6eb63a6dab4acc32098064893909bfa9acd58d07e84fb,ccce2ce449353a0614f6eb63a6dab4acc32098064893909bfa9acd58d07e84fb,true,true
configs/benchmarks/scenario_belief_drop_vs_retain_issue_3556_near_safe.yaml,f3107080dfa78ed26d3d5fda3bfaf0feaa65d7502fbe0ce5237d3f4f03d3f597,f3107080dfa78ed26d3d5fda3bfaf0feaa65d7502fbe0ce5237d3f4f03d3f597,true,true
configs/benchmarks/scenario_belief_episode_safety_issue_3471.yaml,b0cfb8f4a21a823c183cc35689863d6c94c2974b754e8055be432ffa2ed7c817,b0cfb8f4a21a823c183cc35689863d6c94c2974b754e8055be432ffa2ed7c817,true,true
configs/benchmarks/scenario_generation_adaptive_proposal_selector.yaml,e0e24ee43ca53af08704c5a6ac13533ab08e10596160a6024d9d9846716b6fba,e0e24ee43ca53af08704c5a6ac13533ab08e10596160a6024d9d9846716b6fba,true,true
configs/benchmarks/scenario_generation_mvp.yaml,8c9f88e9572a51519c822a767564a86d8b065cdfc5a2109b0736bfad6e81f56d,8c9f88e9572a51519c822a767564a86d8b065cdfc5a2109b0736bfad6e81f56d,true,true
configs/benchmarks/scenario_generation_rare_event_sampler.yaml,a461c6814ec3c61fe6cf6473ceaaf84495c01d06b12bbc1f1e8724c5b073866f,a461c6814ec3c61fe6cf6473ceaaf84495c01d06b12bbc1f1e8724c5b073866f,true,true
configs/benchmarks/seed_list_v1.yaml,4d1c53cc2a179828c717557eb3fd4527aa3a691a4305fb03f36a3739b6b816a4,4d1c53cc2a179828c717557eb3fd4527aa3a691a4305fb03f36a3739b6b816a4,true,true
configs/benchmarks/seed_sets_0_0_8.yaml,a8803bade9f39d504d508ba530208ca66acc343376304afd586b82d3308ce706,a8803bade9f39d504d508ba530208ca66acc343376304afd586b82d3308ce706,true,true
configs/benchmarks/seed_sets_v1.yaml,3aaab9171517b8d33bafc679d4a2c740864db0f96650e24d75c4c7e927d239e6,3aaab9171517b8d33bafc679d4a2c740864db0f96650e24d75c4c7e927d239e6,true,true
configs/benchmarks/signalized_pedestrian_crossing_issue_2474.yaml,b75bee24a18fb80e03081efaf8000f96867b741629aefa9960fdd331c988b9bc,b75bee24a18fb80e03081efaf8000f96867b741629aefa9960fdd331c988b9bc,true,true
configs/benchmarks/signalized_runtime_smoke_issue_2799.yaml,7477e6d50505e03a7849aa3bc69321121e9ac131ce633345256c9e675b02a25e,7477e6d50505e03a7849aa3bc69321121e9ac131ce633345256c9e675b02a25e,true,true
configs/benchmarks/snqi_baseline_camera_ready_v1.json,f9444a341694584c11761f5640520f627cb7808eebdca7a919b6a4e7b7005d49,f9444a341694584c11761f5640520f627cb7808eebdca7a919b6a4e7b7005d49,true,true
configs/benchmarks/snqi_baseline_camera_ready_v2.json,69e659cd6a446d2f766cd0b4ee10982af4decb1433223531538fd18f599b1b6e,69e659cd6a446d2f766cd0b4ee10982af4decb1433223531538fd18f599b1b6e,true,true
configs/benchmarks/snqi_baseline_camera_ready_v3.json,329ca5766491e1587979d0a435c7ba676e148ccdff97040a36546bbb9414035a,329ca5766491e1587979d0a435c7ba676e148ccdff97040a36546bbb9414035a,true,true
configs/benchmarks/snqi_v2/anchors.v2.0.json,bb1a526c818efca16c6d4237127c27dc7812947758f78a18c8f1d28c2a65fa4c,bb1a526c818efca16c6d4237127c27dc7812947758f78a18c8f1d28c2a65fa4c,true,true
configs/benchmarks/snqi_v2/calibration.dev1001_1002_scheduled_acquisition.yaml,fe55f5efb6fd885ae86fc978dffc01afd5928fba75128442a6dcd88ae9e94ff3,fe55f5efb6fd885ae86fc978dffc01afd5928fba75128442a6dcd88ae9e94ff3,true,true
configs/benchmarks/snqi_v2/family.v2.0.yaml,6ba0e5f4c1e1d5530e4ae773e22f811e2af9ee39f975c4e42554ca167ea09942,6ba0e5f4c1e1d5530e4ae773e22f811e2af9ee39f975c4e42554ca167ea09942,true,true
configs/benchmarks/snqi_v2/weights.v2.0.json,684db941093dbd05dc87f3e59e9492494e6f2876f2d05997341a4291de033a25,684db941093dbd05dc87f3e59e9492494e6f2876f2d05997341a4291de033a25,true,true
configs/benchmarks/snqi_weight_sets_camera_ready.yaml,965ed0cc95bd9683fa4484ff3cf211c6156abf04de41705f40dd667c7201e610,965ed0cc95bd9683fa4484ff3cf211c6156abf04de41705f40dd667c7201e610,true,true
configs/benchmarks/snqi_weights_camera_ready_v1.json,d5827460ed28cc5d65e9eacba996c40d6fdccbc7fca54d392a799400a9a286f2,d5827460ed28cc5d65e9eacba996c40d6fdccbc7fca54d392a799400a9a286f2,true,true
configs/benchmarks/snqi_weights_camera_ready_v2.json,57ae70c1125e64d0ef13f65a63f87dcd2ba96c68356370aa3d27ae039a854c99,57ae70c1125e64d0ef13f65a63f87dcd2ba96c68356370aa3d27ae039a854c99,true,true
configs/benchmarks/snqi_weights_camera_ready_v3.json,71a67c3c02faff166f8c96bef8bcf898533981ca2b2c4493829988520fb1aeb2,71a67c3c02faff166f8c96bef8bcf898533981ca2b2c4493829988520fb1aeb2,true,true
configs/benchmarks/social_compliance_metric_contract_v1.yaml,8ae6979b8290e5942c0b27deb5b2c49e1936865096b4042f3f25d55bfe3a980d,8ae6979b8290e5942c0b27deb5b2c49e1936865096b4042f3f25d55bfe3a980d,true,true
configs/benchmarks/social_mini_game_metric_contract_v1.yaml,49e2dca48c943ee68703ad9972101f831728ebca1f7306562c24c1d1442b32a0,49e2dca48c943ee68703ad9972101f831728ebca1f7306562c24c1d1442b32a0,true,true
configs/benchmarks/social_navigation_pyenvs_force_models_probe.yaml,196662890ed60bba91358660e2bb78271bc112f201fc5289bc5f07b132f602a3,196662890ed60bba91358660e2bb78271bc112f201fc5289bc5f07b132f602a3,true,true
configs/benchmarks/social_navigation_pyenvs_hsfm_probe.yaml,4be03a5b90cedf3fb333b0bdee3ab73be64f4d72b679eda79a4dd39258d9865e,4be03a5b90cedf3fb333b0bdee3ab73be64f4d72b679eda79a4dd39258d9865e,true,true
configs/benchmarks/social_navigation_pyenvs_orca_probe.yaml,f07a3a6d20eb372a029d7e44e444b22afee4d60903b157c9a69021f5f5f201a0,f07a3a6d20eb372a029d7e44e444b22afee4d60903b157c9a69021f5f5f201a0,true,true
configs/benchmarks/socnav_bench_reentry_probe.yaml,f76c6fa418eded197497088e42d34b1569b9242468857f462722692ca2250d95,f76c6fa418eded197497088e42d34b1569b9242468857f462722692ca2250d95,true,true
configs/benchmarks/splits/paper_experiment_matrix_v1_h600_hybrid_vs_orca_s30/paper_experiment_matrix_v1_h600_hybrid_vs_orca_s30__arm_hybrid_rule_v3_fast_progress_static_escape.yaml,8b3d3da8c3ac774b119ce4a579f2eb73a8e2fc4d522629100e659dc4798d5b4f,8b3d3da8c3ac774b119ce4a579f2eb73a8e2fc4d522629100e659dc4798d5b4f,true,true
configs/benchmarks/splits/paper_experiment_matrix_v1_h600_hybrid_vs_orca_s30/paper_experiment_matrix_v1_h600_hybrid_vs_orca_s30__arm_hybrid_rule_v3_fast_progress_static_escape_continuous.yaml,ecf439f3148a30bb1e1d22005d09de36dbc1cf042fe01c51490bbcab167fe883,ecf439f3148a30bb1e1d22005d09de36dbc1cf042fe01c51490bbcab167fe883,true,true
configs/benchmarks/splits/paper_experiment_matrix_v1_h600_hybrid_vs_orca_s30/paper_experiment_matrix_v1_h600_hybrid_vs_orca_s30__arm_orca.yaml,c89cebd1885ffc2cd065df3866c475a7515f56720100a9d63d9cb4525f2fd246,c89cebd1885ffc2cd065df3866c475a7515f56720100a9d63d9cb4525f2fd246,true,true
configs/benchmarks/splits/paper_experiment_matrix_v1_h600_hybrid_vs_orca_s30/paper_experiment_matrix_v1_h600_hybrid_vs_orca_s30__arm_ppo.yaml,ad6b7ad3239325984d7b9cd880e9164688e30c368cf9faa98f9c91202c8b6667,ad6b7ad3239325984d7b9cd880e9164688e30c368cf9faa98f9c91202c8b6667,true,true
configs/benchmarks/splits/paper_experiment_matrix_v1_h600_hybrid_vs_orca_s30/paper_experiment_matrix_v1_h600_hybrid_vs_orca_s30__arm_scenario_adaptive_hybrid_orca_v1.yaml,bdb366962fc181cadecc123e1e6f89dc974b5ae5912ee12f168970642e2801dd,bdb366962fc181cadecc123e1e6f89dc974b5ae5912ee12f168970642e2801dd,true,true
configs/benchmarks/splits/paper_experiment_matrix_v1_h600_hybrid_vs_orca_s30/paper_experiment_matrix_v1_h600_hybrid_vs_orca_s30__arm_scenario_adaptive_hybrid_orca_v2_collision_guard.yaml,6e522e1004956a4e1cf659d5dc2a71d3fea3d33e9c036a5b94312d0d88a5a691,6e522e1004956a4e1cf659d5dc2a71d3fea3d33e9c036a5b94312d0d88a5a691,true,true
configs/benchmarks/splits/paper_experiment_matrix_v1_h600_hybrid_vs_orca_s30/split_manifest.json,bc5cfde140d05f1bf3f630be038b6b8513c4dd234942e2ce1efad2ede3c1bd3c,bc5cfde140d05f1bf3f630be038b6b8513c4dd234942e2ce1efad2ede3c1bd3c,true,true
configs/benchmarks/splits/paper_experiment_matrix_v1_scenario_horizons_h500_s20/paper_experiment_matrix_v1_scenario_horizons_h500_s20__arm_goal.yaml,51b9511c6e8ddf082e449621965a5056bd24672b1f2f7ceb1cfa7e62f32b4cb1,51b9511c6e8ddf082e449621965a5056bd24672b1f2f7ceb1cfa7e62f32b4cb1,true,true
configs/benchmarks/splits/paper_experiment_matrix_v1_scenario_horizons_h500_s20/paper_experiment_matrix_v1_scenario_horizons_h500_s20__arm_hybrid_rule_v3_fast_progress_static_escape.yaml,d46b1c807db82f9ddb6c2ac8d0b68d47b4ba90accae4917ad9babfd56cf282cf,d46b1c807db82f9ddb6c2ac8d0b68d47b4ba90accae4917ad9babfd56cf282cf,true,true
configs/benchmarks/splits/paper_experiment_matrix_v1_scenario_horizons_h500_s20/paper_experiment_matrix_v1_scenario_horizons_h500_s20__arm_orca.yaml,1704afa991595958bb538dd354487e9ba25d72adfbc69d0e06e42a12ac2e6960,1704afa991595958bb538dd354487e9ba25d72adfbc69d0e06e42a12ac2e6960,true,true
configs/benchmarks/splits/paper_experiment_matrix_v1_scenario_horizons_h500_s20/paper_experiment_matrix_v1_scenario_horizons_h500_s20__arm_ppo.yaml,f9871fdb72c94bdd8214ae7a969e512d3119169533fab1534f7503c35b2ebb54,f9871fdb72c94bdd8214ae7a969e512d3119169533fab1534f7503c35b2ebb54,true,true
configs/benchmarks/splits/paper_experiment_matrix_v1_scenario_horizons_h500_s20/paper_experiment_matrix_v1_scenario_horizons_h500_s20__arm_prediction_planner.yaml,e44f6a630b5de980ee8926c53c6977e8c3b6db17c5930a6cf78f6867b4289332,e44f6a630b5de980ee8926c53c6977e8c3b6db17c5930a6cf78f6867b4289332,true,true
configs/benchmarks/splits/paper_experiment_matrix_v1_scenario_horizons_h500_s20/paper_experiment_matrix_v1_scenario_horizons_h500_s20__arm_sacadrl.yaml,08277e417679e0a5bedcb3d4e695c11fa97275a3bbdb0e64e4a3fafb750ea53d,08277e417679e0a5bedcb3d4e695c11fa97275a3bbdb0e64e4a3fafb750ea53d,true,true
configs/benchmarks/splits/paper_experiment_matrix_v1_scenario_horizons_h500_s20/paper_experiment_matrix_v1_scenario_horizons_h500_s20__arm_scenario_adaptive_hybrid_orca_v1.yaml,048dd88b6b5782b845166a369b85ef22bea46b47b1935b64b16a574c23eeceda,048dd88b6b5782b845166a369b85ef22bea46b47b1935b64b16a574c23eeceda,true,true
configs/benchmarks/splits/paper_experiment_matrix_v1_scenario_horizons_h500_s20/paper_experiment_matrix_v1_scenario_horizons_h500_s20__arm_social_force.yaml,beb0fb13f1d7bf54c2649ce8c13b386169c22cb8a04e998f46eb2a0848b04dcd,beb0fb13f1d7bf54c2649ce8c13b386169c22cb8a04e998f46eb2a0848b04dcd,true,true
configs/benchmarks/splits/paper_experiment_matrix_v1_scenario_horizons_h500_s20/paper_experiment_matrix_v1_scenario_horizons_h500_s20__arm_socnav_sampling.yaml,34fc1151809bb04982f6886ab360ab580d77d71b2c89254c49fa1df4fc27be84,34fc1151809bb04982f6886ab360ab580d77d71b2c89254c49fa1df4fc27be84,true,true
configs/benchmarks/splits/paper_experiment_matrix_v1_scenario_horizons_h500_s20/split_manifest.json,6ef01c3f2de60bb0f09bcb86764629d246d3726eb63da0be925c6bf772dfd727,6ef01c3f2de60bb0f09bcb86764629d246d3726eb63da0be925c6bf772dfd727,true,true
configs/benchmarks/splits/paper_experiment_matrix_v2_h600_s30_extended/paper_experiment_matrix_v2_h600_s30_extended__arm_goal.yaml,144978a02ffcf1e1d014054e1d15ec6200f41164913988a66116afb386394efb,144978a02ffcf1e1d014054e1d15ec6200f41164913988a66116afb386394efb,true,true
configs/benchmarks/splits/paper_experiment_matrix_v2_h600_s30_extended/paper_experiment_matrix_v2_h600_s30_extended__arm_guarded_ppo.yaml,fa005ecb7bafe9480c6bc2ee376876d6bd3facdbb42605326ffd15dd9ff3fccc,fa005ecb7bafe9480c6bc2ee376876d6bd3facdbb42605326ffd15dd9ff3fccc,true,true
configs/benchmarks/splits/paper_experiment_matrix_v2_h600_s30_extended/paper_experiment_matrix_v2_h600_s30_extended__arm_hybrid_rule_v3_fast_progress_static_escape.yaml,d50ca61ea00fa6c3ebd15feb67319b0af2e49214931f6fce91d6393732acf8dc,d50ca61ea00fa6c3ebd15feb67319b0af2e49214931f6fce91d6393732acf8dc,true,true
configs/benchmarks/splits/paper_experiment_matrix_v2_h600_s30_extended/paper_experiment_matrix_v2_h600_s30_extended__arm_hybrid_rule_v3_fast_progress_static_escape_continuous.yaml,5ad6f65a018f7b13014962d2e8476fb7e711452776223e1519038226878a80ed,5ad6f65a018f7b13014962d2e8476fb7e711452776223e1519038226878a80ed,true,true
configs/benchmarks/splits/paper_experiment_matrix_v2_h600_s30_extended/paper_experiment_matrix_v2_h600_s30_extended__arm_orca.yaml,20b74c376eef8ffa8dbcda5c0ff436e6d47d2df80803a9ad904c93ddb5ec362e,20b74c376eef8ffa8dbcda5c0ff436e6d47d2df80803a9ad904c93ddb5ec362e,true,true
configs/benchmarks/splits/paper_experiment_matrix_v2_h600_s30_extended/paper_experiment_matrix_v2_h600_s30_extended__arm_ppo.yaml,792f6793d47bfcf7658a700545e6e8f572b52ba0add306cce2841fdac78b7270,792f6793d47bfcf7658a700545e6e8f572b52ba0add306cce2841fdac78b7270,true,true
configs/benchmarks/splits/paper_experiment_matrix_v2_h600_s30_extended/paper_experiment_matrix_v2_h600_s30_extended__arm_prediction_planner.yaml,8fc9ea75eae0ab585a65012775bf245c2cb6deefed6ffc0089532fd257533889,8fc9ea75eae0ab585a65012775bf245c2cb6deefed6ffc0089532fd257533889,true,true
configs/benchmarks/splits/paper_experiment_matrix_v2_h600_s30_extended/paper_experiment_matrix_v2_h600_s30_extended__arm_predictive_mppi.yaml,b7554d416e3996471166c5917996f0323c064cc7d0eca7a7f96c9445a9d6cba9,b7554d416e3996471166c5917996f0323c064cc7d0eca7a7f96c9445a9d6cba9,true,true
configs/benchmarks/splits/paper_experiment_matrix_v2_h600_s30_extended/paper_experiment_matrix_v2_h600_s30_extended__arm_risk_dwa.yaml,a6b08b94e66880c3e9ba66e0869fc807c9e7bb20d9595c0b57e4a81c9154012a,a6b08b94e66880c3e9ba66e0869fc807c9e7bb20d9595c0b57e4a81c9154012a,true,true
configs/benchmarks/splits/paper_experiment_matrix_v2_h600_s30_extended/paper_experiment_matrix_v2_h600_s30_extended__arm_sacadrl.yaml,100247e93b2f61e5d5440010fbc7f7978db6b05555710417a12d93424ab3c8e7,100247e93b2f61e5d5440010fbc7f7978db6b05555710417a12d93424ab3c8e7,true,true
configs/benchmarks/splits/paper_experiment_matrix_v2_h600_s30_extended/paper_experiment_matrix_v2_h600_s30_extended__arm_scenario_adaptive_hybrid_orca_v1.yaml,b865b71862fe28a1042aaead10a9c949c5c3ec8a6a8c8f8611b6d51b2fa6da41,b865b71862fe28a1042aaead10a9c949c5c3ec8a6a8c8f8611b6d51b2fa6da41,true,true
configs/benchmarks/splits/paper_experiment_matrix_v2_h600_s30_extended/paper_experiment_matrix_v2_h600_s30_extended__arm_scenario_adaptive_hybrid_orca_v2_collision_guard.yaml,56bcb65071c507f82697528533ad26f144c78d404c453bc09a62e6fdef52f7ee,56bcb65071c507f82697528533ad26f144c78d404c453bc09a62e6fdef52f7ee,true,true
configs/benchmarks/splits/paper_experiment_matrix_v2_h600_s30_extended/paper_experiment_matrix_v2_h600_s30_extended__arm_social_force.yaml,27f5fe3ac0abecfa3b7b93c31b963f2cc63f5d9a31c02ffbf8e151216b5b41c6,27f5fe3ac0abecfa3b7b93c31b963f2cc63f5d9a31c02ffbf8e151216b5b41c6,true,true
configs/benchmarks/splits/paper_experiment_matrix_v2_h600_s30_extended/paper_experiment_matrix_v2_h600_s30_extended__arm_socnav_sampling.yaml,c97d5ccf2e5c4359e415bdc27962218495f7c5a3eae6471b6131f4c61fb7a0ea,c97d5ccf2e5c4359e415bdc27962218495f7c5a3eae6471b6131f4c61fb7a0ea,true,true
configs/benchmarks/splits/paper_experiment_matrix_v2_h600_s30_extended/split_manifest.json,8e42590fbf143d3dc142a86079882b445f0331d8b6d254a319628f306de95be3,8e42590fbf143d3dc142a86079882b445f0331d8b6d254a319628f306de95be3,true,true
configs/benchmarks/trajectory_verifier_default.yaml,159baaa0bca15b2da185e20c425639850eab4a2f034eb7c357bd51822539f398,159baaa0bca15b2da185e20c425639850eab4a2f034eb7c357bd51822539f398,true,true
configs/benchmarks/tuning_effort_history_v1.yaml,8be08f70fa75e4dec06de1b1e2884f8de62d036486895b42ee2ae0531bcd9c8b,8be08f70fa75e4dec06de1b1e2884f8de62d036486895b42ee2ae0531bcd9c8b,true,true
configs/bootstrap_recipes/README.md,017594273060d52219fdae79ae9e4634a9d73f452c5f960efb5f1008f27bab3b,017594273060d52219fdae79ae9e4634a9d73f452c5f960efb5f1008f27bab3b,true,true
configs/bootstrap_recipes/carla_platform.v1.json,a3d45236426f1f96809cbd8a3dfd85dd3cae8d6efbabf27ec6f88bc238990eb6,a3d45236426f1f96809cbd8a3dfd85dd3cae8d6efbabf27ec6f88bc238990eb6,true,true
configs/bootstrap_recipes/cpu_batch.v1.json,1dd92f055a2cb54f07b312ef207119e7c1d61f784dd1cfe52c25da5936f711ae,1dd92f055a2cb54f07b312ef207119e7c1d61f784dd1cfe52c25da5936f711ae,true,true
configs/bootstrap_recipes/gpu_training.v1.json,8ff56008772b14f770d3cf8b9d824eae2f487e3dcf6c5d985043a349efb67ca9,8ff56008772b14f770d3cf8b9d824eae2f487e3dcf6c5d985043a349efb67ca9,true,true
configs/bootstrap_recipes/local_analysis.v1.json,aff5468ae412fdd11271eb78f578b333831a9dde765fbb3a773f73de4e8030ae,aff5468ae412fdd11271eb78f578b333831a9dde765fbb3a773f73de4e8030ae,true,true
configs/bootstrap_recipes/private_overlay.example.json,d3c7ff834af40a92c07363314973e1f68e2dba7df67aa528ad351a84a470e4bf,d3c7ff834af40a92c07363314973e1f68e2dba7df67aa528ad351a84a470e4bf,true,true
configs/bundles/README.md,c87e4973fd1028579f4cec4ec0fdd1fd9b354633f6be22ccd5f9b0c7457d0576,c87e4973fd1028579f4cec4ec0fdd1fd9b354633f6be22ccd5f9b0c7457d0576,true,true
configs/bundles/sanity-smoke-v1.yaml,1788dca607be43f7bfb13377a1d6c53a6febbcff20411c5c2e55a8d2587ee984,1788dca607be43f7bfb13377a1d6c53a6febbcff20411c5c2e55a8d2587ee984,true,true
configs/data/issue_4013_eth_biwi_real_trajectory_manifest.yaml,3eef5bf83ab8945890dd4361c75e349c0bf349094aa9bd4f74c240ecf4278c74,3eef5bf83ab8945890dd4361c75e349c0bf349094aa9bd4f74c240ecf4278c74,true,true
configs/data/real_trajectory_manifest.example.yaml,527a0252544b3bf0ab8840e992a2c43f4c4290951be98b08b46fbf28775800d3,527a0252544b3bf0ab8840e992a2c43f4c4290951be98b08b46fbf28775800d3,true,true
configs/data/sdd_staging_manifest.yaml,9e402feaa408e18e1d044beb940441ffdab0c78ff715f943b04cd826f49e0041,9e402feaa408e18e1d044beb940441ffdab0c78ff715f943b04cd826f49e0041,true,true
configs/dependency_profiles/README.md,b8a13b8dc98096cbac1c8c3370e00fb7f52a542f823add7a361923c6be9aaa75,b8a13b8dc98096cbac1c8c3370e00fb7f52a542f823add7a361923c6be9aaa75,true,true
configs/dependency_profiles/all_extras_linux_x86_64.json,5d507e0db86e2bea96938cbc0c73bea3f6e6b265fe52b66fe8ff85a2e94cb1c8,5d507e0db86e2bea96938cbc0c73bea3f6e6b265fe52b66fe8ff85a2e94cb1c8,true,true
configs/diagnostics/footprint_orientation_v1.yaml,77ff54e70518cf01e3870f58f2d276bd786b873050f48a8933a6280048d7af37,77ff54e70518cf01e3870f58f2d276bd786b873050f48a8933a6280048d7af37,true,true
configs/diagnostics/social_preference_labels.yaml,27f1846bbd90c83393aa668e645c31844e87e27da2154dd627f04154505d56ca,27f1846bbd90c83393aa668e645c31844e87e27da2154dd627f04154505d56ca,true,true
configs/failure_records/examples/ammv_sidewalk_blocked_path.yaml,78294c174f8d6bc3ad965d78fef45e1a286be3e27b3a501cbef1837cce407ddc,78294c174f8d6bc3ad965d78fef45e1a286be3e27b3a501cbef1837cce407ddc,true,true
configs/failure_records/examples/event_disruption_waymo_style.yaml,84c8f8590eb5634012d3655645144b27a79853f2fc6b2964227771d2454fe958,84c8f8590eb5634012d3655645144b27a79853f2fc6b2964227771d2454fe958,true,true
configs/forecast/heavy_model_cpu_budget.yaml,f924eb7af3bf7e00e66fc46733ae44e52ac89a7e4f260acb3f7150ae6d8ae76c,f924eb7af3bf7e00e66fc46733ae44e52ac89a7e4f260acb3f7150ae6d8ae76c,true,true
configs/forecast/heavy_model_holdout.yaml,e7c349afbd4e78d5e90bc392b62721b510a8f557be1e779f35ea9c7c3b2e6f8f,e7c349afbd4e78d5e90bc392b62721b510a8f557be1e779f35ea9c7c3b2e6f8f,true,true
configs/maps/geojson_import_provenance.example.yaml,b6aad60ea59c81b5d4ae688dd73f1787373b254f3cb23b8f3668cb60ea5e6345,b6aad60ea59c81b5d4ae688dd73f1787373b254f3cb23b8f3668cb60ea5e6345,true,true
configs/maps/socnavbench_import_batches.yaml,638cbaf779113c8497a6edfeadd25adf3d6f760ecdc48571c51e1bc48d38c5c5,638cbaf779113c8497a6edfeadd25adf3d6f760ecdc48571c51e1bc48d38c5c5,true,true
configs/multi_robot/issue_3069_smoke.yaml,e107abe89d4a017c74e92fcf4ac5bd125bbf000a6e7d3068a4b7486c2b9b93e2,e107abe89d4a017c74e92fcf4ac5bd125bbf000a6e7d3068a4b7486c2b9b93e2,true,true
configs/planners/proxemic_costmap_v1.yaml,0b38c3bff442a0d478256d1335376aad5f20f3a03ed775a57b711738fb0f7abd,0b38c3bff442a0d478256d1335376aad5f20f3a03ed775a57b711738fb0f7abd,true,true
configs/policy_search/ablation_manifests/issue_2104_component_ablation_pilot.yaml,15e2f13cb0596da3991fd5eb934d70b6072e0c6d47c24194e72ae90eec7305d1,15e2f13cb0596da3991fd5eb934d70b6072e0c6d47c24194e72ae90eec7305d1,true,true
configs/policy_search/ablation_manifests/issue_2170_one_factor_hybrid_component_manifest.yaml,abad4861c3bcf2cd1e8b673a5673f76bdafe0eaa2046a4740a50d367106bf976,abad4861c3bcf2cd1e8b673a5673f76bdafe0eaa2046a4740a50d367106bf976,true,true
configs/policy_search/baselines.yaml,71dec218397e844ed6602ed10d3df8c04155c593c19097e0b75b39eff2eecf38,71dec218397e844ed6602ed10d3df8c04155c593c19097e0b75b39eff2eecf38,true,true
configs/policy_search/candidate_sets/h500_collision_repair_micro.txt,5ec4230bafcd0b13fe5e9a94904bc18f632885d72d4bb7e333e54f893ece7894,5ec4230bafcd0b13fe5e9a94904bc18f632885d72d4bb7e333e54f893ece7894,true,true
configs/policy_search/candidate_sets/h500_collision_repair_repair_only.txt,b92934bbbbf539d1d01bc7af24761f2a95336b10419d14ef0c24544d99ac7812,b92934bbbbf539d1d01bc7af24761f2a95336b10419d14ef0c24544d99ac7812,true,true
configs/policy_search/candidate_sets/h500_leader_clean_rerun.txt,43540f08f02a42ad7788ff863ea398523fa4c168ca964d200d1457ac7433deb6,43540f08f02a42ad7788ff863ea398523fa4c168ca964d200d1457ac7433deb6,true,true
configs/policy_search/candidate_sets/issue1474_shielded_ppo_nominal_sanity.txt,abc73d9403aad2d9c6013dc78910bd795583cf506d6849ce27d4e5c5ef50556c,abc73d9403aad2d9c6013dc78910bd795583cf506d6849ce27d4e5c5ef50556c,true,true
configs/policy_search/candidate_sets/issue2029_shielded_ppo_smoke_replay.txt,abc73d9403aad2d9c6013dc78910bd795583cf506d6849ce27d4e5c5ef50556c,abc73d9403aad2d9c6013dc78910bd795583cf506d6849ce27d4e5c5ef50556c,true,true
configs/policy_search/candidates/actuation_aware_hybrid_rule_v0.yaml,59b7204b41bf84f4205ec8b87514fe6ca66c0fed9b5f1e1042a5782da22451d8,59b7204b41bf84f4205ec8b87514fe6ca66c0fed9b5f1e1042a5782da22451d8,true,true
configs/policy_search/candidates/adaptive_proxemic_selector_v0.yaml,bad70118e26f844bfe340c45d6c8fc21614045612fd758957e548cbe5ddc61cb,bad70118e26f844bfe340c45d6c8fc21614045612fd758957e548cbe5ddc61cb,true,true
configs/policy_search/candidates/adaptive_proxemic_selector_v1.yaml,1485f09ebb65dc7fa1a3bfe5423007a57710c523275f5ad9ffe51d60e1f27ae4,1485f09ebb65dc7fa1a3bfe5423007a57710c523275f5ad9ffe51d60e1f27ae4,true,true
configs/policy_search/candidates/hybrid_orca_sampler_v1.yaml,60a8e7aca5a3bf72a5f11b126f57fec1e74ce537753bb9545985b7e324345799,60a8e7aca5a3bf72a5f11b126f57fec1e74ce537753bb9545985b7e324345799,true,true
configs/policy_search/candidates/hybrid_rule_route_reacquire_recenter_probe.yaml,96c6fa90ec056273c67cc4b38b051a9efb84d359d333d411e07da2ccbf6b9c1a,96c6fa90ec056273c67cc4b38b051a9efb84d359d333d411e07da2ccbf6b9c1a,true,true
configs/policy_search/candidates/hybrid_rule_v0_minimal.yaml,82e212ffcc3456610016a3ce88183cf4ab7b513de3dab273a75adb5bc4376fff,82e212ffcc3456610016a3ce88183cf4ab7b513de3dab273a75adb5bc4376fff,true,true
configs/policy_search/candidates/hybrid_rule_v3_dynamic_relaxed.yaml,0128da9bfad265128186a13f814271cf7138a698a2a312855dba9c9c90ab371e,0128da9bfad265128186a13f814271cf7138a698a2a312855dba9c9c90ab371e,true,true
configs/policy_search/candidates/hybrid_rule_v3_fast_progress.yaml,cff2c371eb971a0eb721e5b25b493550d8bf8d4c00d493f4001cf30f2eb09e5b,cff2c371eb971a0eb721e5b25b493550d8bf8d4c00d493f4001cf30f2eb09e5b,true,true
configs/policy_search/candidates/hybrid_rule_v3_fast_progress_static_escape.yaml,cf2e6844b3c8e8315c31e6cf115f66ea2c7051526ff2e1f9cfe3a1c5a3f23cc4,cf2e6844b3c8e8315c31e6cf115f66ea2c7051526ff2e1f9cfe3a1c5a3f23cc4,true,true
configs/policy_search/candidates/hybrid_rule_v3_fast_progress_static_escape_continuous.yaml,3952b569bb8b5dbb2f4f895b393532b5fc58db2954282af7c68c894e04da4507,3952b569bb8b5dbb2f4f895b393532b5fc58db2954282af7c68c894e04da4507,true,true
configs/policy_search/candidates/hybrid_rule_v3_fast_progress_static_escape_continuous_s30_h600_release.yaml,8ed0a4048cba78f70abf37effaf8b93fe7cbb9de25897d4f65008adcb6e91ecd,8ed0a4048cba78f70abf37effaf8b93fe7cbb9de25897d4f65008adcb6e91ecd,true,true
configs/policy_search/candidates/hybrid_rule_v3_fast_progress_static_escape_s30_h600_release.yaml,905ec25e24b3d5cedee1508ac6ad20a09f913d368c99d4329c839bc359640935,905ec25e24b3d5cedee1508ac6ad20a09f913d368c99d4329c839bc359640935,true,true
configs/policy_search/candidates/hybrid_rule_v3_progress_2p4.yaml,57586753383da14c49694e10a27030d52924cf2d42e121a112a465bf614607c3,57586753383da14c49694e10a27030d52924cf2d42e121a112a465bf614607c3,true,true
configs/policy_search/candidates/hybrid_rule_v3_progress_2p4_static_escape_probe.yaml,f9060a5c6f8ca645ed7cc96e81795711b56e41100b26c34a405b6d5deeb1c78a,f9060a5c6f8ca645ed7cc96e81795711b56e41100b26c34a405b6d5deeb1c78a,true,true
configs/policy_search/candidates/hybrid_rule_v3_static_margin0.yaml,054dfcc60e6e014ce90026b835403d13b78669f56cca4c104b018780084d0cda,054dfcc60e6e014ce90026b835403d13b78669f56cca4c104b018780084d0cda,true,true
configs/policy_search/candidates/hybrid_rule_v3_static_margin0_comfort.yaml,b53f8ff546cd6ff97dd90294e2f7a2fc3c12fa090bb9240e9e50f358423eb194,b53f8ff546cd6ff97dd90294e2f7a2fc3c12fa090bb9240e9e50f358423eb194,true,true
configs/policy_search/candidates/hybrid_rule_v3_static_margin0_waypoint2.yaml,398a5796143fd9fe69c5b07c4b1ec32633d4bc77379ee697f4078840529b6d0d,398a5796143fd9fe69c5b07c4b1ec32633d4bc77379ee697f4078840529b6d0d,true,true
configs/policy_search/candidates/hybrid_rule_v3_static_margin0_waypoint3.yaml,404a39ea011fc524fe4bdd73992a60d716a95891e1266d4205bd18997c3ed563,404a39ea011fc524fe4bdd73992a60d716a95891e1266d4205bd18997c3ed563,true,true
configs/policy_search/candidates/hybrid_rule_v3_teb_like_rollout.yaml,1319f9e687936d807c51080cba91070ed3eb776610c1fda37ad118bad26d051f,1319f9e687936d807c51080cba91070ed3eb776610c1fda37ad118bad26d051f,true,true
configs/policy_search/candidates/hybrid_rule_v3_waypoint2_dynamic_clearance.yaml,872f5a508420ffb04bd68fc1e950413dd7f8ecfd4d708119dfaf0fd63c19770b,872f5a508420ffb04bd68fc1e950413dd7f8ecfd4d708119dfaf0fd63c19770b,true,true
configs/policy_search/candidates/hybrid_rule_v3_waypoint2_mild_comfort.yaml,581b024a18f84c82aef511f1c51f859acaa61d147e68b65ad2afe524df1cd7f3,581b024a18f84c82aef511f1c51f859acaa61d147e68b65ad2afe524df1cd7f3,true,true
configs/policy_search/candidates/hybrid_rule_v3_waypoint2_progress.yaml,022c07e755787191ca811673921dc247a894d76d7c654ee85e4c3933a1434b38,022c07e755787191ca811673921dc247a894d76d7c654ee85e4c3933a1434b38,true,true
configs/policy_search/candidates/hybrid_rule_v3_waypoint2_route_commit.yaml,069b8687a91338d2bf8b63689092d379921b27ee7c5109180a4de2a4726c9c27,069b8687a91338d2bf8b63689092d379921b27ee7c5109180a4de2a4726c9c27,true,true
configs/policy_search/candidates/hybrid_rule_v3_waypoint2_route_lookahead6.yaml,fc2e00761765560a2ff045523a5315a13088d31a76209614c590f26db6569ed8,fc2e00761765560a2ff045523a5315a13088d31a76209614c590f26db6569ed8,true,true
configs/policy_search/candidates/hybrid_rule_v3_waypoint2_route_lookahead8.yaml,5457eb7069ce245127e727a77ee81a103fa156443e289c2cc4ba88a7e202de6e,5457eb7069ce245127e727a77ee81a103fa156443e289c2cc4ba88a7e202de6e,true,true
configs/policy_search/candidates/hybrid_rule_v3_waypoint2_route_lookahead8_clearance1.yaml,5d27b230542e2c378fe34367674e2edd448fc5d27823dad6e8353805a7c81120,5d27b230542e2c378fe34367674e2edd448fc5d27823dad6e8353805a7c81120,true,true
configs/policy_search/candidates/hybrid_rule_v3_waypoint2_route_lookahead8_inflation4.yaml,1abb2c318bd1ea97194d097f43c3b8647b51ff0f1f8379193f3cb8c4b62e7304,1abb2c318bd1ea97194d097f43c3b8647b51ff0f1f8379193f3cb8c4b62e7304,true,true
configs/policy_search/candidates/hybrid_rule_v3_waypoint2_route_lookahead8_static02.yaml,fb7527a399db8c48f1d39c4c10cd7b16678fd64c19ba2031eb4844b843ed2002,fb7527a399db8c48f1d39c4c10cd7b16678fd64c19ba2031eb4844b843ed2002,true,true
configs/policy_search/candidates/hybrid_rule_v3_waypoint2_route_lookahead8_static05.yaml,4993fceed1ad9dbefe8656bed4cdc75baff86029fe5158e870ffeb5af3197299,4993fceed1ad9dbefe8656bed4cdc75baff86029fe5158e870ffeb5af3197299,true,true
configs/policy_search/candidates/hybrid_rule_v3_waypoint2_speed2p2.yaml,1227cdbffaddb7d818e48dbea196a7cbfed548cb5f5e023e13ab09845fcfcd17,1227cdbffaddb7d818e48dbea196a7cbfed548cb5f5e023e13ab09845fcfcd17,true,true
configs/policy_search/candidates/hybrid_rule_v3_waypoint2_static_escape.yaml,4cb844300ea1b3fde1e9631e3b1c2bfd105ef0c2ba166789c319e7d2051e00fc,4cb844300ea1b3fde1e9631e3b1c2bfd105ef0c2ba166789c319e7d2051e00fc,true,true
configs/policy_search/candidates/hybrid_rule_v4_fast_progress_static_escape_continuous_s30_h600_release.yaml,d4fbb7a9186b8950249cc2b4a24aec49dc49f0bb0829cce89b8ebab8508045e3,d4fbb7a9186b8950249cc2b4a24aec49dc49f0bb0829cce89b8ebab8508045e3,true,true
configs/policy_search/candidates/hybrid_rule_v4_fast_progress_static_escape_continuous_s30_h600_release_0_0_8_frozen.yaml,044931a38f31a7b7c01ba8a750a1d34a79a58200309806e538761a94eff94888,044931a38f31a7b7c01ba8a750a1d34a79a58200309806e538761a94eff94888,true,true
configs/policy_search/candidates/hybrid_rule_v4_fast_progress_static_escape_s30_h600_release.yaml,0a4bc7115294c71094d42b799d1d56c8ddb4884aca69e3cea3a63f26f521ba5d,0a4bc7115294c71094d42b799d1d56c8ddb4884aca69e3cea3a63f26f521ba5d,true,true
configs/policy_search/candidates/hybrid_rule_v4_fast_progress_static_escape_s30_h600_release_0_0_8_frozen.yaml,1329d3934decb0bf50a803071af69b99e3f12e534083fc3d82e20d4706c76811,1329d3934decb0bf50a803071af69b99e3f12e534083fc3d82e20d4706c76811,true,true
configs/policy_search/candidates/hybrid_rule_v4_recovery_aware.yaml,e27d1fab584511a5c1541d86f98669994ae5be901c455bc0519aa6cbc279093f,e27d1fab584511a5c1541d86f98669994ae5be901c455bc0519aa6cbc279093f,true,true
configs/policy_search/candidates/issue_2170_continuous_static_checks_only.yaml,bd3320d2fd3d44f6c82d9350260f778d2c68f783f0b68c1858fad2085adf54a8,bd3320d2fd3d44f6c82d9350260f778d2c68f783f0b68c1858fad2085adf54a8,true,true
configs/policy_search/candidates/issue_2170_scenario_adaptive_orca_selector_only.yaml,f7571ca91a75b2caf0c60057d349ab8c572e466ee5d9c2a0cba88e6adbb4798f,f7571ca91a75b2caf0c60057d349ab8c572e466ee5d9c2a0cba88e6adbb4798f,true,true
configs/policy_search/candidates/issue_2170_static_escape_only.yaml,0a3c2ad23b02de65e23a7ad4531daba06776117ad428552b1d8a70dea775fdeb,0a3c2ad23b02de65e23a7ad4531daba06776117ad428552b1d8a70dea775fdeb,true,true
configs/policy_search/candidates/issue_2170_static_escape_recenter_no_transit.yaml,9064d11b4d207164beb884e5f390d851a7415cd7ffa1e84a34cb35e1c00493d6,9064d11b4d207164beb884e5f390d851a7415cd7ffa1e84a34cb35e1c00493d6,true,true
configs/policy_search/candidates/issue_2170_static_recenter_only.yaml,03dc69a059b9f0ed5d3140ff431b4d832cabdd6142073932da0e2f48c8f2a3cd,03dc69a059b9f0ed5d3140ff431b4d832cabdd6142073932da0e2f48c8f2a3cd,true,true
configs/policy_search/candidates/mpc_clearance_guarded_v1.yaml,986639cdf39dd78019c45dba2de595d1684b55c74ad461b03c430c7e58023e13,986639cdf39dd78019c45dba2de595d1684b55c74ad461b03c430c7e58023e13,true,true
configs/policy_search/candidates/mpc_clearance_sampler_v1.yaml,162c71086ee49234d98f7c73986d22515bea8b8df4130b2bc76d652662477b96,162c71086ee49234d98f7c73986d22515bea8b8df4130b2bc76d652662477b96,true,true
configs/policy_search/candidates/orca_primary_guarded_ppo_v1.yaml,67ebdb5ea4e0e37313147a767abe1369214da50dfeee4c6bb668b274bd76ed59,67ebdb5ea4e0e37313147a767abe1369214da50dfeee4c6bb668b274bd76ed59,true,true
configs/policy_search/candidates/orca_prior_guarded_ppo_v1.yaml,b35d81f45442ac5589317c287c10746ab6c1c6696eaf5f427f3df4c560a8c9ee,b35d81f45442ac5589317c287c10746ab6c1c6696eaf5f427f3df4c560a8c9ee,true,true
configs/policy_search/candidates/orca_prior_guarded_ppo_v2_static_global.yaml,74119543d7de65c1024b24a7abdef584bb6cd8917f5720983b4d3c508adfb64b,74119543d7de65c1024b24a7abdef584bb6cd8917f5720983b4d3c508adfb64b,true,true
configs/policy_search/candidates/orca_residual_guarded_ppo_progress_v1.yaml,e28985ca07120f12ee2af46962819509d90dace9bca3d45e4e0e3139db7d94ad,e28985ca07120f12ee2af46962819509d90dace9bca3d45e4e0e3139db7d94ad,true,true
configs/policy_search/candidates/orca_residual_guarded_ppo_v0.yaml,6d0d1de742aa973c70cbe9d49c0f1de330962f5d2d093dc68df384c58c9d8941,6d0d1de742aa973c70cbe9d49c0f1de330962f5d2d093dc68df384c58c9d8941,true,true
configs/policy_search/candidates/planner_selector_v1.yaml,5865308e264c55cc5b74bc0b0643505bea32524328a1cb63a29e1c79f9d3bc9c,5865308e264c55cc5b74bc0b0643505bea32524328a1cb63a29e1c79f9d3bc9c,true,true
configs/policy_search/candidates/planner_selector_v2_diagnostic.yaml,16c637ea907a0e0c98d1f6abd35d0bb816f69ba7ee010c92f5f95b73985ae96f,16c637ea907a0e0c98d1f6abd35d0bb816f69ba7ee010c92f5f95b73985ae96f,true,true
configs/policy_search/candidates/ppo_issue791_best_v1.yaml,a383f7d66359552e55d877a6192eb384c39729bb40132c06ee667d3358c55371,a383f7d66359552e55d877a6192eb384c39729bb40132c06ee667d3358c55371,true,true
configs/policy_search/candidates/proxemic_profile_conservative_issue_1676.yaml,97adcb67614e16ef2a985ed5bb2e65a0f6444786caf1c82a20f853e127704a52,97adcb67614e16ef2a985ed5bb2e65a0f6444786caf1c82a20f853e127704a52,true,true
configs/policy_search/candidates/proxemic_profile_neutral_issue_1676.yaml,7b44e5324ba2192a09638582cbe23fd66a18c20adad9d4ebef1d0a44614886f2,7b44e5324ba2192a09638582cbe23fd66a18c20adad9d4ebef1d0a44614886f2,true,true
configs/policy_search/candidates/proxemic_profile_open_issue_1676.yaml,deb26edb3895d4ca0c9994fec8c4f96a6a520b8c2a6f24e5dfe4ac510e6e6db5,deb26edb3895d4ca0c9994fec8c4f96a6a520b8c2a6f24e5dfe4ac510e6e6db5,true,true
configs/policy_search/candidates/risk_dwa_camera_ready.yaml,c527d77e5cc3ad90ab53a3f1e407cccad9a6d3bdda8b63e19e2ca98269ea3eda,c527d77e5cc3ad90ab53a3f1e407cccad9a6d3bdda8b63e19e2ca98269ea3eda,true,true
configs/policy_search/candidates/risk_guarded_ppo_v1.yaml,69030a865be80be5e3ba98db447551c3707f966de8ac5f216e66044d9ea50735,69030a865be80be5e3ba98db447551c3707f966de8ac5f216e66044d9ea50735,true,true
configs/policy_search/candidates/risk_surface_dwa_v0.yaml,010656626695e4f63ab1636c20512c421549c18e5df40616e5b79270febfd8a1,010656626695e4f63ab1636c20512c421549c18e5df40616e5b79270febfd8a1,true,true
configs/policy_search/candidates/scenario_adaptive_hybrid_orca_v1.yaml,3129fed61da9b5edf571a76c4024ce18a1cc2b7e1ee2c026e45605531f1a3541,3129fed61da9b5edf571a76c4024ce18a1cc2b7e1ee2c026e45605531f1a3541,true,true
configs/policy_search/candidates/scenario_adaptive_hybrid_orca_v1_s30_h600_release.yaml,e3ddcdd559e27861e58d7f2a6f1f4adbb8a87fe5ba5bf8d9db6fd170c2c8cd87,e3ddcdd559e27861e58d7f2a6f1f4adbb8a87fe5ba5bf8d9db6fd170c2c8cd87,true,true
configs/policy_search/candidates/scenario_adaptive_hybrid_orca_v2_bottleneck_yield_s30_h600_release.yaml,895cd46ff26c0b03fd51d5e5fb6e77f16ad2c6f6cd1fcead7089c8dda8c7966d,895cd46ff26c0b03fd51d5e5fb6e77f16ad2c6f6cd1fcead7089c8dda8c7966d,true,true
configs/policy_search/candidates/scenario_adaptive_hybrid_orca_v2_bottleneck_yield_v4_s30_h600_release.yaml,fee4b1af18a57c08b60a886c16de8e57b29438cbb412cbb33bb1d09dd08b55c5,fee4b1af18a57c08b60a886c16de8e57b29438cbb412cbb33bb1d09dd08b55c5,true,true
configs/policy_search/candidates/scenario_adaptive_hybrid_orca_v2_bottleneck_yield_v4_s30_h600_release_0_0_8_frozen.yaml,28aafe6352543e4c4d24a146bd3ba7260105362052505af9308f6d45d9d94458,28aafe6352543e4c4d24a146bd3ba7260105362052505af9308f6d45d9d94458,true,true
configs/policy_search/candidates/scenario_adaptive_hybrid_orca_v2_collision_guard.yaml,d7cb7eef4d3a02a06bb283f870e1279152058c9b91dd3774d029f1a37f0c2afe,d7cb7eef4d3a02a06bb283f870e1279152058c9b91dd3774d029f1a37f0c2afe,true,true
configs/policy_search/candidates/scenario_adaptive_hybrid_orca_v2_collision_guard_s30_h600_release.yaml,90bc08cffe40e7f5b38c371db7c2a22790970c6817792dc7865686686c0a7dc3,90bc08cffe40e7f5b38c371db7c2a22790970c6817792dc7865686686c0a7dc3,true,true
configs/policy_search/candidates/scenario_adaptive_hybrid_orca_v2_collision_guard_v4_s30_h600_release.yaml,d03fb2593ad7fa891692f869ddb37feb29c6d4c0ac09018a2c6d3679d8fec758,d03fb2593ad7fa891692f869ddb37feb29c6d4c0ac09018a2c6d3679d8fec758,true,true
configs/policy_search/candidates/scenario_adaptive_hybrid_orca_v2_collision_guard_v4_s30_h600_release_0_0_8_frozen.yaml,54435e7fd39e592d4684fe40f804ab1c080f39925dceb0781dd68c1ce172ef94,54435e7fd39e592d4684fe40f804ab1c080f39925dceb0781dd68c1ce172ef94,true,true
configs/policy_search/candidates/scenario_adaptive_orca_v1.yaml,2a130d331df6778f73d13d5cb12c811e8b6290fbba1fbc8595e019cbcd500401,2a130d331df6778f73d13d5cb12c811e8b6290fbba1fbc8595e019cbcd500401,true,true
configs/policy_search/candidates/shielded_ppo_issue1474_collision20_v1.yaml,5b30c120039ad5741bc33822647ae0f2407e4c2c6573a1b1dedefb8e679fd43f,5b30c120039ad5741bc33822647ae0f2407e4c2c6573a1b1dedefb8e679fd43f,true,true
configs/policy_search/candidates/tentabot_value_scorer_v0.yaml,87b8992bc69e328de37bedda91dfcbd3f767773057ffbc966646f97ce77c64dc,87b8992bc69e328de37bedda91dfcbd3f767773057ffbc966646f97ce77c64dc,true,true
configs/policy_search/candidates/tentabot_value_scorer_v1_static_gated.yaml,4473196a712a62ca3ca8d9a47531aa412c1bb14dbe6f025245d0762a9abb4d3d,4473196a712a62ca3ca8d9a47531aa412c1bb14dbe6f025245d0762a9abb4d3d,true,true
configs/policy_search/candidates/tentabot_value_scorer_v2_route_arc.yaml,b3e2814f69198ae4cb0944b1fe0e34960cd2b6b049c3e1e55b177173ff9cb484,b3e2814f69198ae4cb0944b1fe0e34960cd2b6b049c3e1e55b177173ff9cb484,true,true
configs/policy_search/candidates/tentabot_value_scorer_v3_trace_recovery.yaml,569abe0943cecca6c4c90f695eeee5dc6eea4330e2ea049602bd40eb300c09e3,569abe0943cecca6c4c90f695eeee5dc6eea4330e2ea049602bd40eb300c09e3,true,true
configs/policy_search/candidates/topology_guided_hybrid_rule_v0.yaml,9f286841020a426d8fb04dfbc7a2be251b6c3485c8bf089c4cfea534e238f551,9f286841020a426d8fb04dfbc7a2be251b6c3485c8bf089c4cfea534e238f551,true,true
configs/policy_search/candidates/topology_guided_hybrid_rule_v0_progress_gated_reselection.yaml,ef9a071ed67e8835e275919f88e74432e117040be6fa3d6e9a234fb6316c4187,ef9a071ed67e8835e275919f88e74432e117040be6fa3d6e9a234fb6316c4187,true,true
configs/policy_search/candidates/topology_guided_hybrid_rule_v0_progress_gated_reselection_monotone.yaml,430cabf6809979064f7d7e03bdddbb3fbfaf21a87aac54f5920f8a28aa4db3e8,430cabf6809979064f7d7e03bdddbb3fbfaf21a87aac54f5920f8a28aa4db3e8,true,true
configs/policy_search/candidates/topology_guided_hybrid_rule_v0_reuse_penalty.yaml,be8f35923d87951413ed5d67a211d156ef1e71b4d9c2e8391c24d4e42e07c1c0,be8f35923d87951413ed5d67a211d156ef1e71b4d9c2e8391c24d4e42e07c1c0,true,true
configs/policy_search/funnel.yaml,97088f19efffc0841b825af82a1e38115ff239b7fa18b4b48be2aac30f6ad175,97088f19efffc0841b825af82a1e38115ff239b7fa18b4b48be2aac30f6ad175,true,true
configs/policy_search/issue_3201_observation_noise_funnel.yaml,b5b017354c08f3d4532d436e1ace341027ebab64289202dd76e8ae2f8b581d15,b5b017354c08f3d4532d436e1ace341027ebab64289202dd76e8ae2f8b581d15,true,true
configs/policy_search/issue_9748_v4_tuning_search_v1.yaml,ba58ce1c5598604eec733c37fee3a703418a876deac14b738d3cc39d714d9e28,ba58ce1c5598604eec733c37fee3a703418a876deac14b738d3cc39d714d9e28,true,true
configs/policy_search/leader_collision_slice_h500_seeds.yaml,dde54726926ed42a21489033b715cf622d53a9ccdd8af0ec583dae72d15885ab,dde54726926ed42a21489033b715cf622d53a9ccdd8af0ec583dae72d15885ab,true,true
configs/policy_search/nominal_sanity_matrix.yaml,c75aa3789910c8f4295ff56a0f933a466f527a68ae03cafbea028b6c179e0a5a,c75aa3789910c8f4295ff56a0f933a466f527a68ae03cafbea028b6c179e0a5a,true,true
configs/policy_search/nominal_sanity_seeds.yaml,32ffd117639c7fd2fa04c5bbbb2d0b9d2f7b5552b5e1d9ccc84c7b72f20cd3af,32ffd117639c7fd2fa04c5bbbb2d0b9d2f7b5552b5e1d9ccc84c7b72f20cd3af,true,true
configs/policy_search/planner_optimizer_issue9650.yaml,065ff22b29560dc6a2f64142d1ba4c8e5c975bcff803954ff3863f66917b57b6,065ff22b29560dc6a2f64142d1ba4c8e5c975bcff803954ff3863f66917b57b6,true,true
configs/policy_search/promotion_gates.yaml,3cf223bac61ec8df071d3105618ab0955a7f4ab9d6d247905617e8e29dffa638,3cf223bac61ec8df071d3105618ab0955a7f4ab9d6d247905617e8e29dffa638,true,true
configs/policy_search/release_0_0_8_placeholders/hybrid_rule_v4_fast_progress_static_escape.unfrozen.yaml,6c60719a8b59a4eef1651dc94779cffa754c392dcf8641de31f96b9a7f675694,6c60719a8b59a4eef1651dc94779cffa754c392dcf8641de31f96b9a7f675694,true,true
configs/policy_search/release_0_0_8_placeholders/hybrid_rule_v4_fast_progress_static_escape_continuous.unfrozen.yaml,4812a9cecf2a75c9d4b82ad9cf377f4e9406aa09dcd15897caa43932309d2887,4812a9cecf2a75c9d4b82ad9cf377f4e9406aa09dcd15897caa43932309d2887,true,true
configs/policy_search/release_0_0_8_placeholders/scenario_adaptive_hybrid_orca_v2_bottleneck_yield_v4.unfrozen.yaml,bfee5ca060ca8c00e5d84b46c1b7b183e66eb9f372a84486042d0d0b21e7d2ef,bfee5ca060ca8c00e5d84b46c1b7b183e66eb9f372a84486042d0d0b21e7d2ef,true,true
configs/policy_search/release_0_0_8_placeholders/scenario_adaptive_hybrid_orca_v2_collision_guard_v4.unfrozen.yaml,7c5b4b1a51f7622368cd35926f2452cde0bdc6bac43b0c0d0bde1b45069acb65,7c5b4b1a51f7622368cd35926f2452cde0bdc6bac43b0c0d0bde1b45069acb65,true,true
configs/policy_search/robustness_extension_seeds.yaml,89b5e50ed5d092c6d673c96bc9e922156f666167f777b05acc27a40e9948f523,89b5e50ed5d092c6d673c96bc9e922156f666167f777b05acc27a40e9948f523,true,true
configs/policy_search/scenario_horizons_h500.yaml,4da9f6eb78c98d1afdf9ac43fde1cbfcac9447edb8491520e8c51d85d3b14fce,4da9f6eb78c98d1afdf9ac43fde1cbfcac9447edb8491520e8c51d85d3b14fce,true,true
configs/policy_search/seed_schedules.yaml,80c7d44c5ae78d3cd0292e5c57420d9b7b464179d8ad8316802ff329e2ac01fc,80c7d44c5ae78d3cd0292e5c57420d9b7b464179d8ad8316802ff329e2ac01fc,true,true
configs/policy_search/stress_slice_matrix.yaml,16ff9a3bd43661a0a1be4c6c65b4b7965cf3cb26e904395fa86e2b6c17d7b1c6,16ff9a3bd43661a0a1be4c6c65b4b7965cf3cb26e904395fa86e2b6c17d7b1c6,true,true
configs/policy_search/stress_slice_seeds.yaml,01ec829d82b890e92340d40adc66c3e721c77a418bc4331d307dc60e57eecd91,01ec829d82b890e92340d40adc66c3e721c77a418bc4331d307dc60e57eecd91,true,true
configs/policy_search/sweeps/full_matrix_h500_gt20_2026-05-05_candidates.txt,760e1e9931f1af42f8d5e045730966cce6203e53d8b411fb49f7ac0d9961bce0,760e1e9931f1af42f8d5e045730966cce6203e53d8b411fb49f7ac0d9961bce0,true,true
configs/policy_search/topology_reselection_cross_slice_issue_2716.yaml,591f7642a370597084b439acdd39f402d1f3a301000c29a144ccf7ebd82e30f9,591f7642a370597084b439acdd39f402d1f3a301000c29a144ccf7ebd82e30f9,true,true
configs/policy_search/topology_reselection_cross_slice_issue_2742.yaml,04edcc6408054695b45edb228abb8789e0af452e50898dc6d6fb297f85da9f39,04edcc6408054695b45edb228abb8789e0af452e50898dc6d6fb297f85da9f39,true,true
configs/policy_search/topology_reselection_cross_slice_issue_3463.yaml,e74b8f6e102bb7255ff90a04ffc3d1ad6ccdd3f9c8af6b5b8c156003c3215067,e74b8f6e102bb7255ff90a04ffc3d1ad6ccdd3f9c8af6b5b8c156003c3215067,true,true
configs/policy_search/transfer/issue_2221_static_recenter_heldout_smoke.yaml,4b5484d92a9c2501bede00902a11ce4597d2465716c284a82827baad8aacb041,4b5484d92a9c2501bede00902a11ce4597d2465716c284a82827baad8aacb041,true,true
configs/policy_search/transfer/issue_2588_static_deadlock_controlled_trace.yaml,82d2fda8c63d98077a0823e3e3716ba31335ac4c46aeec93003eae49ccebbf78,82d2fda8c63d98077a0823e3e3716ba31335ac4c46aeec93003eae49ccebbf78,true,true
configs/policy_search/transfer/issue_2590_escape_recenter_static_deadlock_controlled_trace.yaml,f5d7055ab49126511e71338b35411d93c4899d62e38d0620aee3b3d013276285,f5d7055ab49126511e71338b35411d93c4899d62e38d0620aee3b3d013276285,true,true
configs/policy_search/transfer/issue_2592_static_deadlock_active_row_h500.yaml,8ae54f06365004c5b59763298f460785a9e39baf3e39de8d5310e1a34e1719a0,8ae54f06365004c5b59763298f460785a9e39baf3e39de8d5310e1a34e1719a0,true,true
configs/policy_search/transfer/issue_2594_static_deadlock_broader_h500.yaml,46ddd85c9a8e67698fd0fbf312dfc65ae3fad7a54bb8d7cb336cca413762ee16,46ddd85c9a8e67698fd0fbf312dfc65ae3fad7a54bb8d7cb336cca413762ee16,true,true
configs/policy_search/transfer/issue_2653_static_deadlock_activation_capable_h500.yaml,fb4d60a0cca8d86b2ccb5df5484c9f32512c0d3efb8aed4326103cf1e02c2168,fb4d60a0cca8d86b2ccb5df5484c9f32512c0d3efb8aed4326103cf1e02c2168,true,true
configs/publication/dissertation_coverage_v1.yaml,4e6cc0ea1c1cf5da0db1607d1bdfa5779a40ac051f8b7d43d8b21cf16cd01f4c,4e6cc0ea1c1cf5da0db1607d1bdfa5779a40ac051f8b7d43d8b21cf16cd01f4c,true,true
configs/recipes/benchmark-mini-run.yaml,d24e8e0b6a820557a53a0db537b2d010db681afa626a93a9e2b39c286d6932a8,d24e8e0b6a820557a53a0db537b2d010db681afa626a93a9e2b39c286d6932a8,true,true
configs/recipes/custom-svg-map.yaml,6ad8681708021db8d7cc1061ef52cbd4f2ea750ae7613b27cde0c120b2b41c33,6ad8681708021db8d7cc1061ef52cbd4f2ea750ae7613b27cde0c120b2b41c33,true,true
configs/recipes/first-demo.yaml,ad6f4d04d08f4f44f9879b65e98cc67fe193cda836efad79bc16f48cbcba21a6,ad6f4d04d08f4f44f9879b65e98cc67fe193cda836efad79bc16f48cbcba21a6,true,true
configs/recipes/map-validation.yaml,9f4f10b4f00f633768c04f544a3e094f2f3176d5a68590ac57aff439f21f4fe3,9f4f10b4f00f633768c04f544a3e094f2f3176d5a68590ac57aff439f21f4fe3,true,true
configs/recipes/orca-smoke.yaml,bb6c4d39afb70f1702cfb8167b8d215db3e263032863c91a1f976845161ba51f,bb6c4d39afb70f1702cfb8167b8d215db3e263032863c91a1f976845161ba51f,true,true
configs/recipes/planner-comparison.yaml,7756685199ceef23b63cc13bc976ff9f7e6ef57a7e8fc9242dc2357f3c1dc462,7756685199ceef23b63cc13bc976ff9f7e6ef57a7e8fc9242dc2357f3c1dc462,true,true
configs/recipes/ppo-smoke.yaml,b890da1872f517529e14c91f0757e0df4b0d16d1237c73f4f4669823036de5b9,b890da1872f517529e14c91f0757e0df4b0d16d1237c73f4f4669823036de5b9,true,true
configs/recipes/scenario-thumbnail-generation.yaml,06794fcd33b646fa6dc43d5d2e072aeafc146158ec5fe372aa0e246871dd5d1d,06794fcd33b646fa6dc43d5d2e072aeafc146158ec5fe372aa0e246871dd5d1d,true,true
configs/recipes/telemetry-headless-demo.yaml,a4ce9c6f0e09df58dde097594bfbe912377ca0d3dc627d7b4faecc9f5c24b7ad,a4ce9c6f0e09df58dde097594bfbe912377ca0d3dc627d7b4faecc9f5c24b7ad,true,true
configs/recipes/trace-viewer-demo.yaml,d7115f538c3e74ae1712def12d0160f8459ca286572ce717886d6252ba7778ce,d7115f538c3e74ae1712def12d0160f8459ca286572ce717886d6252ba7778ce,true,true
configs/releases/release_0_0_2_checksum_manifest.yaml,7139c7f1e937b72511695105216487c7caebad4a44e02d5a11fbad351f1df46e,7139c7f1e937b72511695105216487c7caebad4a44e02d5a11fbad351f1df46e,true,true
configs/releases/release_0_0_5_checksum_manifest.yaml,13df47b3b7092a6efb47942c97fe362c38428e9604d21740fbcb5d7526ade741,13df47b3b7092a6efb47942c97fe362c38428e9604d21740fbcb5d7526ade741,true,true
configs/releases/release_0_0_5_preparation.yaml,87363cff9d4ff1162853fa69628258b68f3b56ab4a49a828f1698133f0ec371b,87363cff9d4ff1162853fa69628258b68f3b56ab4a49a828f1698133f0ec371b,true,true
configs/releases/release_0_0_5_surface_disposition.yaml,1c1dff3ee16ef1d3c4d7f623cd176569615e24b15e54413787ba72552f33194c,1c1dff3ee16ef1d3c4d7f623cd176569615e24b15e54413787ba72552f33194c,true,true
configs/releases/release_0_0_6_preparation.yaml,8be0f496882301b9cdb5c8e51cb719ed0714a57de4c4241525ddbe977ec47827,8be0f496882301b9cdb5c8e51cb719ed0714a57de4c4241525ddbe977ec47827,true,true
configs/representation/scenario_belief_contract_issue_2477.yaml,092d432c9973e032bf8493df3d8dd087967d433ece62b2cd2134e4040ec4e682,092d432c9973e032bf8493df3d8dd087967d433ece62b2cd2134e4040ec4e682,true,true
configs/representation/scenario_belief_uncertainty_issue_2478.yaml,38dd8079c3a1309bfa385b46bc5659f93492e67adff2be380891d741810d499e,38dd8079c3a1309bfa385b46bc5659f93492e67adff2be380891d741810d499e,true,true
configs/research/amv_command_response_trace_manifest_issue_2415.yaml,a6b3f365a934789e841e0c686a7236ec84abae219509f27655ba1dd1da2b8577,a6b3f365a934789e841e0c686a7236ec84abae219509f27655ba1dd1da2b8577,true,true
configs/research/authored_prior_summary_stats.yaml,9ffe4478a0923a93d9193a178e30595f40aa5aa15292264f9a6d26c09534a703,9ffe4478a0923a93d9193a178e30595f40aa5aa15292264f9a6d26c09534a703,true,true
configs/research/collision_risk_baseline.yaml,859a9ec75510d1364e6d304428cf05aed5d14cb4f7110f3fbec219bfffd9a20b,859a9ec75510d1364e6d304428cf05aed5d14cb4f7110f3fbec219bfffd9a20b,true,true
configs/research/example_ablation.yaml,d36a908376c87dd1f48009f1275e90dec612802f52970abc9594d9fee2fa30bc,d36a908376c87dd1f48009f1275e90dec612802f52970abc9594d9fee2fa30bc,true,true
configs/research/external_prior_reference_stats.yaml,954346e1d3a9d987c67db81b71810ff41ad6479877f4fdd4ed4d6a181f6e09e3,954346e1d3a9d987c67db81b71810ff41ad6479877f4fdd4ed4d6a181f6e09e3,true,true
configs/research/fidelity_sensitivity_v1.yaml,bf8bc5da6d09ad096579123327864db34f5dc85e4ce2966a52d94612bdfb7cfa,bf8bc5da6d09ad096579123327864db34f5dc85e4ce2966a52d94612bdfb7cfa,true,true
configs/research/forecast_baseline_comparison_issue_2915.yaml,605404730fc7c46ebbd8234148c29153c11e6c0f4506316ae9c52e4629d1e80f,605404730fc7c46ebbd8234148c29153c11e6c0f4506316ae9c52e4629d1e80f,true,true
configs/research/forecast_risk_coupling_issue_2916.yaml,355aaff806d0b5e52fe8ad0aa0c4104bbb5a2e912dd5d18c54a9f4af2df002eb,355aaff806d0b5e52fe8ad0aa0c4104bbb5a2e912dd5d18c54a9f4af2df002eb,true,true
configs/research/hsfm_ttc_predictive_forces_issue_3481.yaml,ad4d659d3d6e5fa4864653639c5729ef8f21dc091471e7a7f9febe0350e3d1e8,ad4d659d3d6e5fa4864653639c5729ef8f21dc091471e7a7f9febe0350e3d1e8,true,true
configs/research/issue_2924_counterfactual_pair.yaml,e81376fd622dd1ab07c136926b1de3d06b4035315466776ee664d371453d9192,e81376fd622dd1ab07c136926b1de3d06b4035315466776ee664d371453d9192,true,true
configs/research/issue_3207_fidelity_sensitivity_full_fixed_scope.yaml,37dd6342e028e9716959b9932f889fd4f8125941db3421089bcbbcbf691f54fb,37dd6342e028e9716959b9932f889fd4f8125941db3421089bcbbcbf691f54fb,true,true
configs/research/issue_4142_dpcbf_dense_comparison_v1.yaml,27da97a6cb867ecd28c04e5410ded8cb7f2c56fc4ba009a4adbe3f5ce01091b4,27da97a6cb867ecd28c04e5410ded8cb7f2c56fc4ba009a4adbe3f5ce01091b4,true,true
configs/research/issue_4205_static_constriction_codesign_loop_v1.yaml,02c1e81f70748f353b16ed7ca046d42194d65d1d6b0c10a5bab8f40410b29a3c,02c1e81f70748f353b16ed7ca046d42194d65d1d6b0c10a5bab8f40410b29a3c,true,true
configs/research/issue_4973_zanlungo_corridor_acceptance.yaml,e7e51295dbaadc60ce83149c3df4245f0d8cf454866f82e2412008703a870f9f,e7e51295dbaadc60ce83149c3df4245f0d8cf454866f82e2412008703a870f9f,true,true
configs/research/issue_6318_open_dreamer_model_quality.yaml,ebe8726055d5052dbbf5c8aa48d6e2221351893ac51413e0ad361cb092cc7b54,ebe8726055d5052dbbf5c8aa48d6e2221351893ac51413e0ad361cb092cc7b54,true,true
configs/research/pedestrian_archetypes_v1.yaml,438695a935a49da1ebe46701f2d6ac57491eed1bd3c65b0740e21fbe10d7ba09,438695a935a49da1ebe46701f2d6ac57491eed1bd3c65b0740e21fbe10d7ba09,true,true
configs/research/pedestrian_prior_extraction_manifest_issue_2918_example.yaml,0cde407c0f588249124acc9711eb3edef2a4f45a37e599487b8a96cfd5eb41d1,0cde407c0f588249124acc9711eb3edef2a4f45a37e599487b8a96cfd5eb41d1,true,true
configs/research/prediction_mpc_factorial_v1.yaml,0e93669079fd13f2dcdaa187e4baa86ab2992bbc5f59c2c0c74060119b26d248,0e93669079fd13f2dcdaa187e4baa86ab2992bbc5f59c2c0c74060119b26d248,true,true
configs/research/predictive_checkpoint_proxy_v1.yaml,26c86acdaefbeaf4852928ad095b20bb2d17e2502978f16fffc9b093d932e442,26c86acdaefbeaf4852928ad095b20bb2d17e2502978f16fffc9b093d932e442,true,true
configs/research/research_package_registry_issue_3057.yaml,d25dd162f0749ab2133e63d5722706d6dfec961c6ca577cc34422694899b4255,d25dd162f0749ab2133e63d5722706d6dfec961c6ca577cc34422694899b4255,true,true
configs/research/robot_speed_band_v1.yaml,b90bed156c5cb3041511c9340f6aa3410201bff9b149c837a340a06b85e7078a,b90bed156c5cb3041511c9340f6aa3410201bff9b149c837a340a06b85e7078a,true,true
configs/research/safety_wrapper_ablation_v1.yaml,635262978e20bf1427b4545dff7d1e6e9f315b2d19cc5b0c9b38cdb90836fef3,635262978e20bf1427b4545dff7d1e6e9f315b2d19cc5b0c9b38cdb90836fef3,true,true
configs/research/scenario_distribution_prior_issue_2479.yaml,bab33588a526457318ce320bc85b798871528d335eaca939e01ec0fdca1833f9,bab33588a526457318ce320bc85b798871528d335eaca939e01ec0fdca1833f9,true,true
configs/research/scenario_prior_cards_issue_2917.yaml,b5e3313fc257b2765db392800789a45f2dde7927da7a96cc988aca32ee101a69,b5e3313fc257b2765db392800789a45f2dde7927da7a96cc988aca32ee101a69,true,true
configs/research/scenario_prior_staging_contract_issue_3161.yaml,a6ae99a1231e00b43102dcca40e42d7e7443fcc3a78d677c5f765a837139c797,a6ae99a1231e00b43102dcca40e42d7e7443fcc3a78d677c5f765a837139c797,true,true
configs/research/zanlungo_collision_prediction_issue_4973.yaml,48086897853ecac485843be0735dcb60f12629f981a674f8d8d8406abfc7bf5d,48086897853ecac485843be0735dcb60f12629f981a674f8d8d8406abfc7bf5d,true,true
configs/robots/t60_bicycle_30deg_v1.yaml,f2087a2d3ee0afd9713f74322edd8ee44c422e9915b645e08629d643990cacc5,f2087a2d3ee0afd9713f74322edd8ee44c422e9915b645e08629d643990cacc5,true,true
configs/robots/t60_bicycle_45deg_v1.yaml,f347e26e31b3078f006b49a18fcb9a9ac95f56236aed52711534afb110c526dd,f347e26e31b3078f006b49a18fcb9a9ac95f56236aed52711534afb110c526dd,true,true
configs/scenarios/README.md,82116e808069105450867b8ae33cee538bc275de0529ba89a360fec99a0fc473,82116e808069105450867b8ae33cee538bc275de0529ba89a360fec99a0fc473,true,true
configs/scenarios/archetype_validation_waivers.yaml,5bd911fa35aab0751c6e479014771e086547b3d0bcf84b0abcd355de5df93cc4,5bd911fa35aab0751c6e479014771e086547b3d0bcf84b0abcd355de5df93cc4,true,true
configs/scenarios/archetypes/classic_bottleneck.yaml,74882625aaa863ef6e9d4e9a57f7709e00c57d483344f91025ce79c8b91017ac,74882625aaa863ef6e9d4e9a57f7709e00c57d483344f91025ce79c8b91017ac,true,true
configs/scenarios/archetypes/classic_cross_trap.yaml,2a49503a93741009dc2a1462b7641c77ec1128420cacd8861cf64b0e44a6d060,2a49503a93741009dc2a1462b7641c77ec1128420cacd8861cf64b0e44a6d060,true,true
configs/scenarios/archetypes/classic_crossing.yaml,b1b0aaf551d7e5e58c47ccc9ce188a5275e1dce687bbfe6e4de97e04cfff326c,b1b0aaf551d7e5e58c47ccc9ce188a5275e1dce687bbfe6e4de97e04cfff326c,true,true
configs/scenarios/archetypes/classic_density_tier_index.yaml,e8dc30ca416ef7f10296545490429cfb524eab9eb19c8d3572ebf38bdd2484c2,e8dc30ca416ef7f10296545490429cfb524eab9eb19c8d3572ebf38bdd2484c2,true,true
configs/scenarios/archetypes/classic_doorway.yaml,2b68b827ba83bbe56e7ddfe3e34cb642ee67202097c970cb7eadc466cc7ff7b0,2b68b827ba83bbe56e7ddfe3e34cb642ee67202097c970cb7eadc466cc7ff7b0,true,true
configs/scenarios/archetypes/classic_group_crossing.yaml,370cd23bad5e4e5644c60ebb7bf9b4c3554bc3bbc15f380f7517a13cdcd154f8,370cd23bad5e4e5644c60ebb7bf9b4c3554bc3bbc15f380f7517a13cdcd154f8,true,true
configs/scenarios/archetypes/classic_head_on_corridor.yaml,e70c3b18e085f09b1d08f80ae747e8a9967e247a9161ab88a9d145cd14fefca8,e70c3b18e085f09b1d08f80ae747e8a9967e247a9161ab88a9d145cd14fefca8,true,true
configs/scenarios/archetypes/classic_merging.yaml,eb1c80372a6c0d96fdfe36d5523980bb5461475abbca8db0d7f8a04b0cfd9023,eb1c80372a6c0d96fdfe36d5523980bb5461475abbca8db0d7f8a04b0cfd9023,true,true
configs/scenarios/archetypes/classic_overtaking.yaml,fdd789f19e833039cee0bd4f5fceeb2f273dedb9925c58f41b26246cdfee9f74,fdd789f19e833039cee0bd4f5fceeb2f273dedb9925c58f41b26246cdfee9f74,true,true
configs/scenarios/archetypes/classic_realworld_bottleneck.yaml,b6210d3a11fd2270ae1e8729b1d4e5b9045cc5e036249f822f4b34ea445fee34,b6210d3a11fd2270ae1e8729b1d4e5b9045cc5e036249f822f4b34ea445fee34,true,true
configs/scenarios/archetypes/classic_station_platform.yaml,7f093fdb6406f4043e07b4a8d4113defd4cb17ec4bc793bf3583f12960b77228,7f093fdb6406f4043e07b4a8d4113defd4cb17ec4bc793bf3583f12960b77228,true,true
configs/scenarios/archetypes/classic_t_intersection.yaml,97d7f9a95c57ac58814df6271d518aec84d4233fb027c1ca397250b06b0fecde,97d7f9a95c57ac58814df6271d518aec84d4233fb027c1ca397250b06b0fecde,true,true
configs/scenarios/archetypes/classic_urban_crossing.yaml,ea65d720fd8765bb725fedba0f50ccc9bbd1e609aa24a80c8ad9711666550161,ea65d720fd8765bb725fedba0f50ccc9bbd1e609aa24a80c8ad9711666550161,true,true
configs/scenarios/archetypes/issue_4974_field_observed_ped_robot.yaml,216978d35c58eed4bb94a5a455256ca37c70b423762053102035086a1a22ce6e,216978d35c58eed4bb94a5a455256ca37c70b423762053102035086a1a22ce6e,true,true
configs/scenarios/archetypes/issue_596_dynamic.yaml,59d49cef23b58fb040dbc5a7e4dd230b19b2e9f0ec1ac3bcaa7e958aa50c35c7,59d49cef23b58fb040dbc5a7e4dd230b19b2e9f0ec1ac3bcaa7e958aa50c35c7,true,true
configs/scenarios/archetypes/issue_596_frame_consistency.yaml,a62f3f2fe934b1db7292b7bde8f99de48a2a9d633f8014f76e7550a0e7375da5,a62f3f2fe934b1db7292b7bde8f99de48a2a9d633f8014f76e7550a0e7375da5,true,true
configs/scenarios/archetypes/issue_596_robustness.yaml,67263401d630e2f265918a8b7da3dd673c4a32e5318dbd4881bfd73bf305a840,67263401d630e2f265918a8b7da3dd673c4a32e5318dbd4881bfd73bf305a840,true,true
configs/scenarios/archetypes/issue_596_static_obstacles.yaml,439f649de47c4d0f6b744632ba0c453f9ce4a5f3fd8d07c0c8916a74e6ca70b3,439f649de47c4d0f6b744632ba0c453f9ce4a5f3fd8d07c0c8916a74e6ca70b3,true,true
configs/scenarios/archetypes/issue_596_topology.yaml,a5884e7f0367de7c153529ffa245908832c05500472c24737fb4050dd69f54db,a5884e7f0367de7c153529ffa245908832c05500472c24737fb4050dd69f54db,true,true
configs/scenarios/archetypes/social_mini_games.yaml,426c9aceb104f73055843e6f28e1975518ab4c6b5482cbde0a4ef4e9e6c59eec,426c9aceb104f73055843e6f28e1975518ab4c6b5482cbde0a4ef4e9e6c59eec,true,true
configs/scenarios/archetypes/temporary_construction_corridor.yaml,6250ee2ac08d643ecfd5423dee687e123651a384694510d512701c40dc5709f8,6250ee2ac08d643ecfd5423dee687e123651a384694510d512701c40dc5709f8,true,true
configs/scenarios/benchmark_map_redundancy_3maps.yaml,b979c17ff5d3b86fc54fcda9ddce116bd88fe3820bff7c70d2909fc69d9d971f,b979c17ff5d3b86fc54fcda9ddce116bd88fe3820bff7c70d2909fc69d9d971f,true,true
configs/scenarios/canary_corridor.yaml,aaf94b6ea8b7aa7675fa87611e3f1b1e43317690ed5ebec4fec2c6d66d61b11b,aaf94b6ea8b7aa7675fa87611e3f1b1e43317690ed5ebec4fec2c6d66d61b11b,true,true
configs/scenarios/classic_interactions.yaml,5fd4d57c29e4a895e6a85889567c91f24ca7f16f02fafa2373bdf4cb9171bdc5,5fd4d57c29e4a895e6a85889567c91f24ca7f16f02fafa2373bdf4cb9171bdc5,true,true
configs/scenarios/classic_interactions_francis2023.yaml,d9e148e4b544b4c7e2b6ba98e599aef47046d114e0e25645f021946674cb9dc5,d9e148e4b544b4c7e2b6ba98e599aef47046d114e0e25645f021946674cb9dc5,true,true
configs/scenarios/classic_interactions_francis2023_goal_zone_entry_kernel_wrapped_v2.yaml,214d0ce7830ab263a73d94525e7530cc015a7a2e87dd0cbc28680acdde1e4719,214d0ce7830ab263a73d94525e7530cc015a7a2e87dd0cbc28680acdde1e4719,true,true
configs/scenarios/classic_interactions_francis2023_goal_zone_entry_route_width_v4.yaml,8a8aa9adb2b098f039a3e92a4849e16eb8d3665e928211f08e0c689584c9f389,8a8aa9adb2b098f039a3e92a4849e16eb8d3665e928211f08e0c689584c9f389,true,true
configs/scenarios/classic_interactions_francis2023_goal_zone_entry_v1.yaml,03fc83302f707dd1b27c0fa81c4e45e36e8354a4413171d09365926f62bb5c2c,03fc83302f707dd1b27c0fa81c4e45e36e8354a4413171d09365926f62bb5c2c,true,true
configs/scenarios/classic_interactions_francis2023_goal_zone_entry_v2.yaml,288167cafd18c6ec2c3835fe794ede9a4a1aeb9416ae17a129a64da0ac830419,288167cafd18c6ec2c3835fe794ede9a4a1aeb9416ae17a129a64da0ac830419,true,true
configs/scenarios/classic_interactions_francis2023_goal_zone_entry_v3.yaml,e2a3dd66c02f05ed3b82c0960fecd31ac62f6ed47bc60f9ef254002c07130162,e2a3dd66c02f05ed3b82c0960fecd31ac62f6ed47bc60f9ef254002c07130162,true,true
configs/scenarios/classic_interactions_francis2023_goal_zone_entry_v3_feasible_doorway_v1.yaml,c4aa035f16532b810c146cd5d830bc7599f7d6db7a9f83b5b65b2e348958e573,c4aa035f16532b810c146cd5d830bc7599f7d6db7a9f83b5b65b2e348958e573,true,true
configs/scenarios/classic_interactions_francis2023_release_0_0_8_v1.yaml,af4e9a7a22f9d5f373eb4a3323984e0de6d79edd4263f1c023e9efddff2fd25f,af4e9a7a22f9d5f373eb4a3323984e0de6d79edd4263f1c023e9efddff2fd25f,true,true
configs/scenarios/collision_sanity.yaml,6ce54f1a622fbdc83623ef6c7c9804e5cd0a3294234df5b86929e1fdefce1d76,6ce54f1a622fbdc83623ef6c7c9804e5cd0a3294234df5b86929e1fdefce1d76,true,true
configs/scenarios/confirmation_v1.yaml,dbcdc2484e6032d0d6da8665920a1598d02800c824afd9b8ac2cb659625dcf42,dbcdc2484e6032d0d6da8665920a1598d02800c824afd9b8ac2cb659625dcf42,true,true
configs/scenarios/contracts/intent_conditioned_behavior_issue2472_contracts.yaml,f6435e2e066c563a4de2b42902dda29a19ba079e692f1198b486b3db177f86dd,f6435e2e066c563a4de2b42902dda29a19ba079e692f1198b486b3db177f86dd,true,true
configs/scenarios/contracts/issue_2164_amv_cross_trap_contracts.yaml,40ad14f7132598bbe7a2232c8a15172bcdabbfce8acf69fd0c058e3a91ef0c89,40ad14f7132598bbe7a2232c8a15172bcdabbfce8acf69fd0c058e3a91ef0c89,true,true
configs/scenarios/contracts/issue_3813_sustained_flow_contracts.yaml,e276768fb3a7e2f6d8f992feed3a1da673c2807dec720485605c51bf33da75d6,e276768fb3a7e2f6d8f992feed3a1da673c2807dec720485605c51bf33da75d6,true,true
configs/scenarios/contracts/issue_6054_regulation_source_example.yaml,7c8303c93d38358b22f70039661f56e8f0d6a2708b7aa7e22bbe04231f316b33,7c8303c93d38358b22f70039661f56e8f0d6a2708b7aa7e22bbe04231f316b33,true,true
configs/scenarios/contracts/station_platform_candidate_pack_issue736_contracts.yaml,de78e540dac67b962ba472ee1211d4eff3954d98c7f4a4900a8cc19a7c843f98,de78e540dac67b962ba472ee1211d4eff3954d98c7f4a4900a8cc19a7c843f98,true,true
configs/scenarios/debug_scenario.bash,f645cc1f57cc4f8903d28ed23a40a4225cccdd1a3315f7d4bc469053b7922dbd,f645cc1f57cc4f8903d28ed23a40a4225cccdd1a3315f7d4bc469053b7922dbd,true,true
configs/scenarios/debug_scenario.yaml,70af4a132954de9dc0f4fa2e968af5e424b8c312665f90c025063afbd4a652de,70af4a132954de9dc0f4fa2e968af5e424b8c312665f90c025063afbd4a652de,true,true
configs/scenarios/event_disruption.yaml,e1fab624ef5a821b5ab6138fdd1953a37210ae9f0d6cb63ee3f4cd07aeee1f46,e1fab624ef5a821b5ab6138fdd1953a37210ae9f0d6cb63ee3f4cd07aeee1f46,true,true
configs/scenarios/francis2023.yaml,f60ccf7235d1c965e2d1989ae157024734366d0ed6f4db5acdc83127f0325f56,f60ccf7235d1c965e2d1989ae157024734366d0ed6f4db5acdc83127f0325f56,true,true
configs/scenarios/francis2023_narrow_doorway_three_width_release_0_0_8_v1.yaml,9de1d058c6a9145f76c84be63787d5c704be1db288b47fd9c1d31f3f56367778,9de1d058c6a9145f76c84be63787d5c704be1db288b47fd9c1d31f3f56367778,true,true
configs/scenarios/generated/generated-2931e2af37766dfe.yaml,4cf7a6bd57988643980cf4fc1abf595a6c6661f3c61b6c143c8adcd6f1ef5724,4cf7a6bd57988643980cf4fc1abf595a6c6661f3c61b6c143c8adcd6f1ef5724,true,true
configs/scenarios/generated/generated-c64c6ffba1e4a51f.yaml,21bc7cef8c2cd1a1bc2d639ab833d1fbea0e79dba7cd0d0f1481fbd1f261414a,21bc7cef8c2cd1a1bc2d639ab833d1fbea0e79dba7cd0d0f1481fbd1f261414a,true,true
configs/scenarios/generated/issue_4932_rare_event_demo_archive.yaml,2ec1dc97f298323622c8b07b57be6dc95b2915e83e2fdb7f05f970bb0a010c4a,2ec1dc97f298323622c8b07b57be6dc95b2915e83e2fdb7f05f970bb0a010c4a,true,true
configs/scenarios/generated/issue_5264_generated_replay_catalog.yaml,80dc2302cbc730d8fa69d354003e2d308d69c01c5ed2c95767d8a53bac917971,80dc2302cbc730d8fa69d354003e2d308d69c01c5ed2c95767d8a53bac917971,true,true
configs/scenarios/generated/issue_5264_review_manifest.yaml,43c134c89a52dafad02d15e820dc47ee2ce2ad1fe745ebe97d13bde1013fb59e,43c134c89a52dafad02d15e820dc47ee2ce2ad1fe745ebe97d13bde1013fb59e,true,true
configs/scenarios/issue_2155_research_v1_ammv.yaml,33b48301efc67b755b57f12c3f6f615c7dd2e818084c00ef7b3c31e1fc5daacd,33b48301efc67b755b57f12c3f6f615c7dd2e818084c00ef7b3c31e1fc5daacd,true,true
configs/scenarios/issue_2168_ammv_social_force_pair.yaml,6e4ab3ea3d080d651ba0549af6074771664e0cd3ad3d3bd8b3cbd4c91fd8c8fd,6e4ab3ea3d080d651ba0549af6074771664e0cd3ad3d3bd8b3cbd4c91fd8c8fd,true,true
configs/scenarios/issue_2434_ammv_trace_selection.yaml,8b640404d8c03cf1cdc81659c53598ef3767dd5b752e7acdc90cb532f42f0f31,8b640404d8c03cf1cdc81659c53598ef3767dd5b752e7acdc90cb532f42f0f31,true,true
configs/scenarios/issue_6464_brne_corridor_diagnostic.yaml,67cf1eb61f295e91bdb63e3e4377bb06d21a1d5f9a8b84512d37eba2331295aa,67cf1eb61f295e91bdb63e3e4377bb06d21a1d5f9a8b84512d37eba2331295aa,true,true
configs/scenarios/issue_6474_social_compliance_nominal.yaml,8c87eac284b51108d992521b1cdbef3edc28d13a3e0c5c34933a76f076ce3d6f,8c87eac284b51108d992521b1cdbef3edc28d13a3e0c5c34933a76f076ce3d6f,true,true
configs/scenarios/issue_6481_social_compliance_preflight.yaml,968a3b590c9547cefac177a543022cbba3ab600f915750fc0dd04dc370505376,968a3b590c9547cefac177a543022cbba3ab600f915750fc0dd04dc370505376,true,true
configs/scenarios/issue_9764_kernel_paired_legacy_v1.yaml,142c15d3f61477644c754897bbae43732a7e7c2e1ea79b16f458307bc11c0aea,142c15d3f61477644c754897bbae43732a7e7c2e1ea79b16f458307bc11c0aea,true,true
configs/scenarios/issue_9764_kernel_paired_wrapped_v2.yaml,1014b8cbeaa529301128726637d92d2feb9fddde7baf604d43374172e11d6c62,1014b8cbeaa529301128726637d92d2feb9fddde7baf604d43374172e11d6c62,true,true
configs/scenarios/issue_9860_corrected_diagnostic_v1.yaml,89e38c84af12a467599f0b76a60e5f80f7f5946b5438116378cfc4b2dee414ad,89e38c84af12a467599f0b76a60e5f80f7f5946b5438116378cfc4b2dee414ad,true,true
configs/scenarios/lightweight_cnn_issue_835_repro.yaml,87e15d90c53fe43c595d818e7c32847860c1b59f5f6e612556e737845922578f,87e15d90c53fe43c595d818e7c32847860c1b59f5f6e612556e737845922578f,true,true
configs/scenarios/maps/issue_2926_pedestrian_only_cut.yaml,1b132c161ec15976589442a41bdd46c79a5682e52d5c581ceb4e8768c37275c4,1b132c161ec15976589442a41bdd46c79a5682e52d5c581ceb4e8768c37275c4,true,true
configs/scenarios/maps/issue_2926_signalized_crossing_wait_box.yaml,fc2af6943c0bfc4e53dc8edc35dd3608218765f5621bf8691982e41c19c47042,fc2af6943c0bfc4e53dc8edc35dd3608218765f5621bf8691982e41c19c47042,true,true
configs/scenarios/maps/issue_2926_stair_access.yaml,e8c9d660bc658cfe781d676e2c6474dfc417495b2219eb3556809ffbd5a54ed3,e8c9d660bc658cfe781d676e2c6474dfc417495b2219eb3556809ffbd5a54ed3,true,true
configs/scenarios/multi_extractor_default.yaml,3cba3fba384f9faeef631a1d685622c56b0836cf1e09485b93f67dacdbcb81fa,3cba3fba384f9faeef631a1d685622c56b0836cf1e09485b93f67dacdbcb81fa,true,true
configs/scenarios/multi_extractor_eval_193.yaml,1b5fc371a878293a6c68d975390634b2d3f79e4b804e7a80cbc181cffda52723,1b5fc371a878293a6c68d975390634b2d3f79e4b804e7a80cbc181cffda52723,true,true
configs/scenarios/multi_extractor_gpu.yaml,19aedae5bc9ab3c41e580b00f15248f299866eb6b320c1f4c2e9abdfbc2a9452,19aedae5bc9ab3c41e580b00f15248f299866eb6b320c1f4c2e9abdfbc2a9452,true,true
configs/scenarios/nominal_v1.yaml,cc3555543e7ca905cb13f8576094ef6098fea88193657f4cadf03f8c46289423,cc3555543e7ca905cb13f8576094ef6098fea88193657f4cadf03f8c46289423,true,true
configs/scenarios/perturbations/issue_1610_intersection_wait_phase_grid_v1.yaml,49aff86c6184481269f3c655f8bb3bc2770cfd2dbbdab65c8c3879868efb7864,49aff86c6184481269f3c655f8bb3bc2770cfd2dbbdab65c8c3879868efb7864,true,true
configs/scenarios/perturbations/issue_1610_ped_route_offset_pilot_v1.yaml,fb24bb4ecbfeccc95d4eb58eebab86f5168a6c512734062d30c94fbdb738915d,fb24bb4ecbfeccc95d4eb58eebab86f5168a6c512734062d30c94fbdb738915d,true,true
configs/scenarios/perturbations/issue_1610_ped_speed_pilot_v1.yaml,ccf041695d3f6b3abb3f308b6d7d657eefacf94a6994ec8b21f5fff778eac4d1,ccf041695d3f6b3abb3f308b6d7d657eefacf94a6994ec8b21f5fff778eac4d1,true,true
configs/scenarios/perturbations/issue_1610_ped_timing_phase_pilot_v1.yaml,14b0f714465bce0962f3f3a5e533a84510065fbf40047eb900ec6d51d554f4b9,14b0f714465bce0962f3f3a5e533a84510065fbf40047eb900ec6d51d554f4b9,true,true
configs/scenarios/perturbations/issue_1610_ped_wait_duration_pilot_v1.yaml,6154224952f08bae3a3dc88f2f3e77965f3d79c6b06d9700a29ab72cccb850f0,6154224952f08bae3a3dc88f2f3e77965f3d79c6b06d9700a29ab72cccb850f0,true,true
configs/scenarios/perturbations/issue_1610_pedestrian_density_offset_pilot_v1.yaml,5278f63bf0e6c6c594bfe1549b1fe50e390d1413de40b9a5b4d3a2571e32e70a,5278f63bf0e6c6c594bfe1549b1fe50e390d1413de40b9a5b4d3a2571e32e70a,true,true
configs/scenarios/perturbations/issue_1610_single_ped_trajectory_waypoint_offset_pilot_v1.yaml,2fd50e13b4bbb432302abfc904933aaaa6debb7337a85a787480a243ffd3c02f,2fd50e13b4bbb432302abfc904933aaaa6debb7337a85a787480a243ffd3c02f,true,true
configs/scenarios/perturbations/issue_1858_seed_sensitive_pilot_v1.yaml,5da32b5c2846f30ee0d0b20c4fe907d0492b2c4a988cae116cd5ad2070cad7cf,5da32b5c2846f30ee0d0b20c4fe907d0492b2c4a988cae116cd5ad2070cad7cf,true,true
configs/scenarios/perturbations/issue_3369_occluder_timing_pilot_v1.yaml,cd0a95ff4e26744e43fd2a27d0bfae2c7a2ef4a77ca46e13863049908f24dbe7,cd0a95ff4e26744e43fd2a27d0bfae2c7a2ef4a77ca46e13863049908f24dbe7,true,true
configs/scenarios/planner_sanity_matrix_v1.yaml,fc03ad80f2aa9ba13ac34263bbbd3d29503dc26524b1fb0f5c114e0ef41af3ac,fc03ad80f2aa9ba13ac34263bbbd3d29503dc26524b1fb0f5c114e0ef41af3ac,true,true
configs/scenarios/release_0_0_8_endpoint_dispositions.yaml,8e28e07b3c2cca8a822025200fdc5c9e113e2e1131dbd7380ee0b2a87944959c,8e28e07b3c2cca8a822025200fdc5c9e113e2e1131dbd7380ee0b2a87944959c,true,true
configs/scenarios/results/performance_smoke_test.json,773decff97eb11943d3f3103e058b17de5fbdbe589957c74dd4efb4449374e34,773decff97eb11943d3f3103e058b17de5fbdbe589957c74dd4efb4449374e34,true,true
configs/scenarios/route_overrides/issue_1878/classic_head_on_corridor_low_guided_1502.yaml,adaa945cc76f7637605e4f8cb4435561312a0f241e467e2ca37a6dfc3922d621,adaa945cc76f7637605e4f8cb4435561312a0f241e467e2ca37a6dfc3922d621,true,true
configs/scenarios/route_overrides/issue_3323/occluded_emergence_near_field_h1.yaml,c1f0ad5e5e8ec5950018798f2fb9671123d60c071189faf49e6290ac106c0211,c1f0ad5e5e8ec5950018798f2fb9671123d60c071189faf49e6290ac106c0211,true,true
configs/scenarios/route_overrides/issue_3977/emergency_reaction.yaml,ccf1554cc1f30877408ac45cb407602ca749143445d5c34f55348baa7e62fc36,ccf1554cc1f30877408ac45cb407602ca749143445d5c34f55348baa7e62fc36,true,true
configs/scenarios/route_overrides/issue_3977/safe_braking.yaml,ccf1554cc1f30877408ac45cb407602ca749143445d5c34f55348baa7e62fc36,ccf1554cc1f30877408ac45cb407602ca749143445d5c34f55348baa7e62fc36,true,true
configs/scenarios/route_overrides/issue_3977/visibility_and_intent.yaml,947b4d86c09d7b947b3b87c03fe60595ebda0d3e5146cbd336d5799609d69c42,947b4d86c09d7b947b3b87c03fe60595ebda0d3e5146cbd336d5799609d69c42,true,true
configs/scenarios/route_overrides/issue_596/empty_goal_east.yaml,f9cba83fd5109b36f9b9ad76ddc38a3bc338ee068bc2e4c623f9bc8891263156,f9cba83fd5109b36f9b9ad76ddc38a3bc338ee068bc2e4c623f9bc8891263156,true,true
configs/scenarios/route_overrides/issue_596/empty_goal_north.yaml,353861928dcb4579df96bd34628996fe44f88e6a24fbcc38c8f6bf3b8801e92a,353861928dcb4579df96bd34628996fe44f88e6a24fbcc38c8f6bf3b8801e92a,true,true
configs/scenarios/route_overrides/issue_596/empty_goal_northeast.yaml,e443ce0d3aeb9b1f36cbdcc28179e43f9edd48315228f574ce601f99b03072e4,e443ce0d3aeb9b1f36cbdcc28179e43f9edd48315228f574ce601f99b03072e4,true,true
configs/scenarios/route_overrides/issue_596/empty_goal_northwest.yaml,92e56523c0f7848c3384e48fd9452103e15589c8b2e830f50f53ad484ee9d8b6,92e56523c0f7848c3384e48fd9452103e15589c8b2e830f50f53ad484ee9d8b6,true,true
configs/scenarios/route_overrides/issue_596/empty_goal_south.yaml,42ee73b701cda02a136f54b7f7cddb188b0d4b66938a0d2605f591cd26a3f624,42ee73b701cda02a136f54b7f7cddb188b0d4b66938a0d2605f591cd26a3f624,true,true
configs/scenarios/route_overrides/issue_596/empty_goal_southeast.yaml,24d3671c2236c0cca5277d83c45eb0de2e1f9755470fe03c8dadbffbc6ec8347,24d3671c2236c0cca5277d83c45eb0de2e1f9755470fe03c8dadbffbc6ec8347,true,true
configs/scenarios/route_overrides/issue_596/empty_goal_southwest.yaml,803587359cdf3480f6037ae05a25f97298fe80327a15a7c872a036757b8a18ea,803587359cdf3480f6037ae05a25f97298fe80327a15a7c872a036757b8a18ea,true,true
configs/scenarios/route_overrides/issue_596/empty_goal_west.yaml,d0b1ea5ee001e7406863cbefdda048c8c7dd3d0d42d5778f3b7bfec948d2b114,d0b1ea5ee001e7406863cbefdda048c8c7dd3d0d42d5778f3b7bfec948d2b114,true,true
configs/scenarios/route_overrides/issue_596/goal_behind_robot.yaml,6f616c0e72eff1856449b2f656311985066b55b5e83e2501b48c4658a3dc0e8d,6f616c0e72eff1856449b2f656311985066b55b5e83e2501b48c4658a3dc0e8d,true,true
configs/scenarios/route_overrides/issue_596/small_angle_precision.yaml,0e067fda50aa6eee37e07e45ea3c1134556e516daf3700afe22dcdd76f86cc1f,0e067fda50aa6eee37e07e45ea3c1134556e516daf3700afe22dcdd76f86cc1f,true,true
configs/scenarios/sanity_v1.yaml,00d235f975cf8a99241e319417b6b07137b0758c734fc0c2561af2b70d2589a1,00d235f975cf8a99241e319417b6b07137b0758c734fc0c2561af2b70d2589a1,true,true
configs/scenarios/sets/atomic_navigation_minimal_full_v1.yaml,adbc3a62e4d821d8dcea77f28d76d683f685e78aaaac8263f818ee3014b58c0e,adbc3a62e4d821d8dcea77f28d76d683f685e78aaaac8263f818ee3014b58c0e,true,true
configs/scenarios/sets/atomic_navigation_validation_fixtures_v1.yaml,c6103c0229bae83483d36cd876a928ce0fbc3848b8a10358f9e32bc43ac6ab47,c6103c0229bae83483d36cd876a928ce0fbc3848b8a10358f9e32bc43ac6ab47,true,true
configs/scenarios/sets/classic_cross_trap_subset.yaml,fc5c2ccec86d2bf8eac069f04fb24ecb742705844adc11b59d34c0faad685726,fc5c2ccec86d2bf8eac069f04fb24ecb742705844adc11b59d34c0faad685726,true,true
configs/scenarios/sets/classic_crossing_subset.yaml,a5baf5cd4b6aebd333a30f76e319646dd3f3451406db1678ef55d5ea3b972db6,a5baf5cd4b6aebd333a30f76e319646dd3f3451406db1678ef55d5ea3b972db6,true,true
configs/scenarios/sets/cross_kinematics_v1.yaml,fce317fb08fc9ecb1f2eb6d54907fbe63a64834924f71beeebe6e8c26b8b5fcd,fce317fb08fc9ecb1f2eb6d54907fbe63a64834924f71beeebe6e8c26b8b5fcd,true,true
configs/scenarios/sets/issue_1318_teb_corridor_deadlock_slice.yaml,b6d012794479121ead05668176020f81e5ce95b6ebea7d8fedfcc62062786960,b6d012794479121ead05668176020f81e5ce95b6ebea7d8fedfcc62062786960,true,true
configs/scenarios/sets/issue_1878_head_on_replay.yaml,e3a9e15cb3fc8c41fb7a33c14161e26e29bd2c80937cde9f7ded22e9e40ee9be,e3a9e15cb3fc8c41fb7a33c14161e26e29bd2c80937cde9f7ded22e9e40ee9be,true,true
configs/scenarios/sets/issue_2128_heldout_family_transfer_pilot_eval.yaml,02f50c2c819af4a958db023b4f381fbe81e45907b61e20d450707330a92a00ec,02f50c2c819af4a958db023b4f381fbe81e45907b61e20d450707330a92a00ec,true,true
configs/scenarios/sets/issue_2128_heldout_family_transfer_training_pool.yaml,b01873184f883681eb03ab63336fe8830044d7b2911a132fd7d6d7a5b6951fdd,b01873184f883681eb03ab63336fe8830044d7b2911a132fd7d6d7a5b6951fdd,true,true
configs/scenarios/sets/issue_2544_static_deadlock_smoke.yaml,f1ed96a44fae2c9f41389881835e366acaf9141db14c8c218e19c464cee1fa03,f1ed96a44fae2c9f41389881835e366acaf9141db14c8c218e19c464cee1fa03,true,true
configs/scenarios/sets/issue_2588_static_deadlock_controlled_trace.yaml,d0f165d139e4d512bd0c49601b388a35bc01fa272fe6b95b6f6644867faf028d,d0f165d139e4d512bd0c49601b388a35bc01fa272fe6b95b6f6644867faf028d,true,true
configs/scenarios/sets/issue_2590_escape_recenter_static_deadlock_controlled_trace.yaml,465880ad2fc060744386b0001174469a330f3d5fa8ee6c202d439792f58d984e,465880ad2fc060744386b0001174469a330f3d5fa8ee6c202d439792f58d984e,true,true
configs/scenarios/sets/issue_2592_static_deadlock_active_row_h500.yaml,89d1f700c3616a30e7c719ccde3ecec97efa22c500eaeac9e0c0b6871c543d4a,89d1f700c3616a30e7c719ccde3ecec97efa22c500eaeac9e0c0b6871c543d4a,true,true
configs/scenarios/sets/issue_2594_static_deadlock_broader_h500.yaml,70ef3af6b92db23471121d7d2357cfb6f999bda270bac7c4d546bf49d688f175,70ef3af6b92db23471121d7d2357cfb6f999bda270bac7c4d546bf49d688f175,true,true
configs/scenarios/sets/issue_2653_static_deadlock_activation_capable_h500.yaml,6dc9a00f2b9207f418490825aebdfc68e78654efe792203990da553305c7120a,6dc9a00f2b9207f418490825aebdfc68e78654efe792203990da553305c7120a,true,true
configs/scenarios/sets/issue_2926_shared_space_infrastructure_smoke.yaml,6199a0bee60bd6851140bb81edc4ce2a230be4b7cdae13755947aa646dcc16f4,6199a0bee60bd6851140bb81edc4ce2a230be4b7cdae13755947aa646dcc16f4,true,true
configs/scenarios/sets/issue_3201_pedestrian_dominated_observation_noise.yaml,f4e742484b443c528373c5dae7722839f0a289870ecb9ac0426056797c7fc10a,f4e742484b443c528373c5dae7722839f0a289870ecb9ac0426056797c7fc10a,true,true
configs/scenarios/sets/issue_3202_ammv_anticipatory_conflict.yaml,5eab9f0080b23967d0234fc257fc6d82f08bbe8b8f03fd5da7b1d474d2735d4c,5eab9f0080b23967d0234fc257fc6d82f08bbe8b8f03fd5da7b1d474d2735d4c,true,true
configs/scenarios/sets/issue_3206_heterogeneous_pedestrian_smoke.yaml,93894f765492084359036bdf00d31b493e44c0fc9359fbdb5aaa5d02e5f6e44f,93894f765492084359036bdf00d31b493e44c0fc9359fbdb5aaa5d02e5f6e44f,true,true
configs/scenarios/sets/issue_3279_social_mini_game_families_v0.yaml,5202e066c4eb01ff5ad7b8341dbe126df97a9fe2b995f948e441cc8519ffba71,5202e066c4eb01ff5ad7b8341dbe126df97a9fe2b995f948e441cc8519ffba71,true,true
configs/scenarios/sets/issue_3300_false_positive_single_ped_smoke.yaml,cf5d1d07817b51abca9405cb0e842287d19f4a4ca3e426faf8f597e052104278,cf5d1d07817b51abca9405cb0e842287d19f4a4ca3e426faf8f597e052104278,true,true
configs/scenarios/sets/issue_3300_false_positive_stronger_structured_matrix.yaml,0cac7c7922b6bf690cf91f011b0a106d2f0618ea63f0596007bb6e0ac5c37967,0cac7c7922b6bf690cf91f011b0a106d2f0618ea63f0596007bb6e0ac5c37967,true,true
configs/scenarios/sets/issue_3320_occluded_emergence_live_replay.yaml,80712a1673ce451a97d068b8738de966418659dfa9984a5d6446c8f688e5d1d8,80712a1673ce451a97d068b8738de966418659dfa9984a5d6446c8f688e5d1d8,true,true
configs/scenarios/sets/issue_3323_occluded_emergence_near_field_live_replay.yaml,de397196bb8642a14c2092b1ec2dabfdf522dbe074573f80716f76acf3bff7f4,de397196bb8642a14c2092b1ec2dabfdf522dbe074573f80716f76acf3bff7f4,true,true
configs/scenarios/sets/issue_3556_near_safe_occlusion_bearing_crossing.yaml,1556276118d4182aac5754a57f7d96d11fd6b018a308c63f98988dca5e704420,1556276118d4182aac5754a57f7d96d11fd6b018a308c63f98988dca5e704420,true,true
configs/scenarios/sets/issue_3635_near_safe_occlusion_bearing_crossing.yaml,a2b3a8a195a2c88158f28005236050c999f9f2ef24791f380c70cb4c93e9700c,a2b3a8a195a2c88158f28005236050c999f9f2ef24791f380c70cb4c93e9700c,true,true
configs/scenarios/sets/issue_3813_sustained_flow_scaffold_v0.yaml,ee12f1c6cf319d2d250cc36404a4b6e06523f941f4f887e157c9e489c1ac29ac,ee12f1c6cf319d2d250cc36404a4b6e06523f941f4f887e157c9e489c1ac29ac,true,true
configs/scenarios/sets/issue_3977_public_requirements.yaml,b45f5a62ae45ab28f73e3033aac239f2e84bf4ba055257288d1e0a33cc7b07e5,b45f5a62ae45ab28f73e3033aac239f2e84bf4ba055257288d1e0a33cc7b07e5,true,true
configs/scenarios/sets/issue_4142_dense_dynamic_cbf_v1.yaml,70c2833f35519e50cf62d0586f2f35c6627189f951cd9a38860b71927a6faab9,70c2833f35519e50cf62d0586f2f35c6627189f951cd9a38860b71927a6faab9,true,true
configs/scenarios/sets/issue_5034_latency_sweep_cpu_v1.yaml,9d887451046741d13159252e95889d117281771f2607f89d3b1c15afe5cbd1bc,9d887451046741d13159252e95889d117281771f2607f89d3b1c15afe5cbd1bc,true,true
configs/scenarios/sets/issue_5504_mean_matched_two_geometry_smoke.yaml,a406bc12750b89317520ded9b97cb6741cd518ca8555825f53be8eee685ffe76,a406bc12750b89317520ded9b97cb6741cd518ca8555825f53be8eee685ffe76,true,true
configs/scenarios/sets/issue_5592_atomic_topology_second_matrix.yaml,6172370196b54fb5dcd2b9cab8954b86b3231560520f16a1eab036b3ee803f07,6172370196b54fb5dcd2b9cab8954b86b3231560520f16a1eab036b3ee803f07,true,true
configs/scenarios/sets/issue_6054_regulation_to_scenario.yaml,3f18964e838da749126786e29e8a6411a75c5b9d626da180aba30c55f7d1d65b,3f18964e838da749126786e29e8a6411a75c5b9d626da180aba30c55f7d1d65b,true,true
configs/scenarios/sets/issue_805_teb_topology_slice.yaml,1764d70a92e41bcfeb1f622bec2ed6ee0e7656355dc94132eb8fd561156f7d78,1764d70a92e41bcfeb1f622bec2ed6ee0e7656355dc94132eb8fd561156f7d78,true,true
configs/scenarios/sets/issue_9748_hybrid_v4_dev_variants_v1.yaml,ad73440c92103eb6a3a20aaa380f990e82972d76167231460288286b6ac7ffb1,ad73440c92103eb6a3a20aaa380f990e82972d76167231460288286b6ac7ffb1,true,true
configs/scenarios/sets/issue_9748_hybrid_v4_dev_variants_v2.yaml,61592a6eea90e169f14b01afce2147777d5ab7e206dd0b8aca3bdf9421bd9ab0,61592a6eea90e169f14b01afce2147777d5ab7e206dd0b8aca3bdf9421bd9ab0,true,true
configs/scenarios/sets/paper_cross_kinematics_v1.yaml,a099886ab4e197eda04ed580dd8415d356f2384cad9d77b3fa9be949bf8503b6,a099886ab4e197eda04ed580dd8415d356f2384cad9d77b3fa9be949bf8503b6,true,true
configs/scenarios/sets/paper_matrix_v2_h600_hybrid_stress_smoke.yaml,61e6211c8b529ee5d3fdcfc8bd31d07054ee0af6db1c7e9fe137f6d628fff5f9,61e6211c8b529ee5d3fdcfc8bd31d07054ee0af6db1c7e9fe137f6d628fff5f9,true,true
configs/scenarios/sets/paper_seed_variability_pilot_v1.yaml,0b8668fdba5f80735ed30038386bc698c6d5b1a9e1639d4348939c3cb1aa265e,0b8668fdba5f80735ed30038386bc698c6d5b1a9e1639d4348939c3cb1aa265e,true,true
configs/scenarios/sets/ppo_all_available_training_v1.yaml,4aacdc2fef506560dcfd72dae1f6d53140beae42c22ef169b19caf56e6da426e,4aacdc2fef506560dcfd72dae1f6d53140beae42c22ef169b19caf56e6da426e,true,true
configs/scenarios/sets/ppo_all_available_training_v1_h500_schedule.yaml,1c295b6bdbfa0a37eccdc925c5dc57080c46f09687628501a76d82c461b2465d,1c295b6bdbfa0a37eccdc925c5dc57080c46f09687628501a76d82c461b2465d,true,true
configs/scenarios/sets/ppo_all_available_training_v1_horizon500.yaml,9e21713882ae738e97f3fcfd761ab268eed8b627bd96544f9392ad52ac9d6d85,9e21713882ae738e97f3fcfd761ab268eed8b627bd96544f9392ad52ac9d6d85,true,true
configs/scenarios/sets/ppo_full_maintained_eval_v1.yaml,91a0f9fb70673e9bd965b344bd306926b60417df848e91b9995ecc167382581d,91a0f9fb70673e9bd965b344bd306926b60417df848e91b9995ecc167382581d,true,true
configs/scenarios/sets/ppo_full_maintained_eval_v1_horizon100.yaml,84bbb7e639ae928328e96b8f03b4a17f3a6d24ca4850751e897070d3615479c5,84bbb7e639ae928328e96b8f03b4a17f3a6d24ca4850751e897070d3615479c5,true,true
configs/scenarios/sets/predictive_hardcase_portfolio_v1.yaml,4fde34d246bcf8933bd2fd68aed5f0367185f995a3fa373d381461134d522322,4fde34d246bcf8933bd2fd68aed5f0367185f995a3fa373d381461134d522322,true,true
configs/scenarios/sets/safety_barrier_static_slice_v1.yaml,b5b4f379c1e1130278b490a0c838cbe592c7bca130252689f3245e2d576c9bcc,b5b4f379c1e1130278b490a0c838cbe592c7bca130252689f3245e2d576c9bcc,true,true
configs/scenarios/sets/social_mini_games_v0.yaml,5102764cc9a9910c4526e35240d809ee50cbc5a72734e8bd24e90dc8dcea37f3,5102764cc9a9910c4526e35240d809ee50cbc5a72734e8bd24e90dc8dcea37f3,true,true
configs/scenarios/sets/station_platform_candidate_pack_issue736.yaml,3c9d786f1f775420640f4b4e4d1346f94ec203ed5b98c9a0a8a4a253561ec64e,3c9d786f1f775420640f4b4e4d1346f94ec203ed5b98c9a0a8a4a253561ec64e,true,true
configs/scenarios/sets/temporary_construction_corridor_v1.yaml,2e1e799011ecb171daf30916d617dee65f2502c2dcbea21e07dc73b9af242d27,2e1e799011ecb171daf30916d617dee65f2502c2dcbea21e07dc73b9af242d27,true,true
configs/scenarios/sets/verified_simple_subset_v1.yaml,fa8b6ddefdfdc3d56259ccc706a661645e260e055634087b2efcb847982874c7,fa8b6ddefdfdc3d56259ccc706a661645e260e055634087b2efcb847982874c7,true,true
configs/scenarios/sets/vulnerable_user_proxy_pack_v0_deferred_issue3654.yaml,b31bda3b11051e2bd0f675a779f02d461640dd380c5f84557bac766fc89919b4,b31bda3b11051e2bd0f675a779f02d461640dd380c5f84557bac766fc89919b4,true,true
configs/scenarios/single/dense_pedestrian_stress.yaml,572b557c6b35c8d25a9bcd8c0cdf71124bc386e9c892d8739c139eb6620f055e,572b557c6b35c8d25a9bcd8c0cdf71124bc386e9c892d8739c139eb6620f055e,true,true
configs/scenarios/single/event_disruption_public_exit.yaml,a3d667ee6bbe00c69c225c44faec9ef8e08e58dabe536449ec78526e72fb61e4,a3d667ee6bbe00c69c225c44faec9ef8e08e58dabe536449ec78526e72fb61e4,true,true
configs/scenarios/single/francis2023_accompanying_peer.yaml,c5c1dc3d171e0defdce2916dc28213bf16220e98dd31657f7fab1e79cfcad4f9,c5c1dc3d171e0defdce2916dc28213bf16220e98dd31657f7fab1e79cfcad4f9,true,true
configs/scenarios/single/francis2023_blind_corner.yaml,5c5426d31859cdf69692b85fdade92c58e4379bd9d93963743d932d044c6f6fb,5c5426d31859cdf69692b85fdade92c58e4379bd9d93963743d932d044c6f6fb,true,true
configs/scenarios/single/francis2023_blind_corner_goal_zone_entry_kernel_wrapped_v2.yaml,cb58d1aa6daa77395010be39747d5675e3b6a3c664c71ad1ab7d6465029b897b,cb58d1aa6daa77395010be39747d5675e3b6a3c664c71ad1ab7d6465029b897b,true,true
configs/scenarios/single/francis2023_blind_corner_goal_zone_entry_v1.yaml,ae61216593770397fc74a2cb28c7ba0d1005e13e1e59449309155ce9fab331ca,ae61216593770397fc74a2cb28c7ba0d1005e13e1e59449309155ce9fab331ca,true,true
configs/scenarios/single/francis2023_blind_corner_release_0_0_8_v1.yaml,a08ca72f273ebd7532d9a22f1650112133c20606d5a7bc9f31535563b8ce7785,a08ca72f273ebd7532d9a22f1650112133c20606d5a7bc9f31535563b8ce7785,true,true
configs/scenarios/single/francis2023_circular_crossing.yaml,58a627b73ed74510f339a9cc8a3614701a4c5d94e237b3f8554fbdab7fd52967,58a627b73ed74510f339a9cc8a3614701a4c5d94e237b3f8554fbdab7fd52967,true,true
configs/scenarios/single/francis2023_crowd_navigation.yaml,84fcb9fb8b640f8340488b2baddc259778c7df3f0b3b8f1b182a9680b8167cef,84fcb9fb8b640f8340488b2baddc259778c7df3f0b3b8f1b182a9680b8167cef,true,true
configs/scenarios/single/francis2023_down_path.yaml,0aa47e6267475b391c80a7bf0afe0efcc02b128149cb2b9646238eabc5a8db6d,0aa47e6267475b391c80a7bf0afe0efcc02b128149cb2b9646238eabc5a8db6d,true,true
configs/scenarios/single/francis2023_entering_elevator.yaml,d9b2abd060b66eaff0ac4f84a5309b03700f7cc6850a9b3338298354fa3b82fe,d9b2abd060b66eaff0ac4f84a5309b03700f7cc6850a9b3338298354fa3b82fe,true,true
configs/scenarios/single/francis2023_entering_room.yaml,23d3a835d031007891b6ef71bca8262dbfc8ca7bfca49b8dff3343e12968da7a,23d3a835d031007891b6ef71bca8262dbfc8ca7bfca49b8dff3343e12968da7a,true,true
configs/scenarios/single/francis2023_exiting_elevator.yaml,d4b59fcc296e09352f5166fda1c03aea21caebcd78644539f738c50fe4e30a68,d4b59fcc296e09352f5166fda1c03aea21caebcd78644539f738c50fe4e30a68,true,true
configs/scenarios/single/francis2023_exiting_room.yaml,0871fd8c769b342cd7f923c90d652ff96b9afa2c64fb6955f601689f35c6bfe6,0871fd8c769b342cd7f923c90d652ff96b9afa2c64fb6955f601689f35c6bfe6,true,true
configs/scenarios/single/francis2023_following_human.yaml,82aa88231fcbd1775703950f0a3d64f205235bab1ab9bfea0e170fb8e5616655,82aa88231fcbd1775703950f0a3d64f205235bab1ab9bfea0e170fb8e5616655,true,true
configs/scenarios/single/francis2023_frontal_approach.yaml,d2d5680764c487969d4c3a623b6ace3dd69918185d77004a0c3a4e76432cb5b0,d2d5680764c487969d4c3a623b6ace3dd69918185d77004a0c3a4e76432cb5b0,true,true
configs/scenarios/single/francis2023_intersection_no_gesture.yaml,3e01b2173d2c5f567328af422c647fe931561ca0c1d7712a141cf0fdbbb7b4d7,3e01b2173d2c5f567328af422c647fe931561ca0c1d7712a141cf0fdbbb7b4d7,true,true
configs/scenarios/single/francis2023_intersection_proceed.yaml,a9a4ec7c49d1121a319a3c7c85936d1caec30de181a2f785d6860a8e2615df7b,a9a4ec7c49d1121a319a3c7c85936d1caec30de181a2f785d6860a8e2615df7b,true,true
configs/scenarios/single/francis2023_intersection_wait.yaml,608fc06727c57731febd214a9c84a3839b799701f53eaaf3d6cd9e329648ba75,608fc06727c57731febd214a9c84a3839b799701f53eaaf3d6cd9e329648ba75,true,true
configs/scenarios/single/francis2023_join_group.yaml,a1139933e4acf2b6066fe0a9d66c7e69e58ea6596ead7df92dd65e61bc15a208,a1139933e4acf2b6066fe0a9d66c7e69e58ea6596ead7df92dd65e61bc15a208,true,true
configs/scenarios/single/francis2023_leading_human.yaml,a30b54b4677086968d10742edba95db4f1ba7157e39329c5244b562f0658d7b8,a30b54b4677086968d10742edba95db4f1ba7157e39329c5244b562f0658d7b8,true,true
configs/scenarios/single/francis2023_leave_group.yaml,4427dc9f9afa38a9ae76254d9ec8dbdb44706da4fccec8c93f1bb0c8e8f6cb43,4427dc9f9afa38a9ae76254d9ec8dbdb44706da4fccec8c93f1bb0c8e8f6cb43,true,true
configs/scenarios/single/francis2023_narrow_doorway.yaml,d7b52f76128f366a74801c2441cb47e3f4af588c64566fb044eb3e2c54e43671,d7b52f76128f366a74801c2441cb47e3f4af588c64566fb044eb3e2c54e43671,true,true
configs/scenarios/single/francis2023_narrow_hallway.yaml,94662d62415766f229b8b80d09d3eea59d71977add85bd58728be47f6939f984,94662d62415766f229b8b80d09d3eea59d71977add85bd58728be47f6939f984,true,true
configs/scenarios/single/francis2023_parallel_traffic.yaml,51ab362a25e38ad20726ff50208d5fbe5e01331cbd55c5889591df40c8f9a387,51ab362a25e38ad20726ff50208d5fbe5e01331cbd55c5889591df40c8f9a387,true,true
configs/scenarios/single/francis2023_pedestrian_obstruction.yaml,b76535a0060a6c4ebd9dfa4170b61621c0459fce7d0228c734c08a04059847be,b76535a0060a6c4ebd9dfa4170b61621c0459fce7d0228c734c08a04059847be,true,true
configs/scenarios/single/francis2023_pedestrian_overtaking.yaml,f009319422d3602d918a1677d9c7efaa1377036650e6c472175d1ad271e4e0d5,f009319422d3602d918a1677d9c7efaa1377036650e6c472175d1ad271e4e0d5,true,true
configs/scenarios/single/francis2023_perpendicular_traffic.yaml,cd9dab418641d5a1dc5e0755ab405ed15f8d3e1a0858a0729c3317026f63aa8f,cd9dab418641d5a1dc5e0755ab405ed15f8d3e1a0858a0729c3317026f63aa8f,true,true
configs/scenarios/single/francis2023_robot_crowding.yaml,a6da0946bbdae3d5818efb15d7148d313252e8ff477f1bbeaa88097520223de7,a6da0946bbdae3d5818efb15d7148d313252e8ff477f1bbeaa88097520223de7,true,true
configs/scenarios/single/francis2023_robot_overtaking.yaml,92f6dadfa4ce7aba13d6f0506e6d4d189fedc2c9fb2ba8a6cde07bd12f8b17dc,92f6dadfa4ce7aba13d6f0506e6d4d189fedc2c9fb2ba8a6cde07bd12f8b17dc,true,true
configs/scenarios/single/issue_2526_cyclist_vru_smoke.yaml,8954c5315eca84c129f1642f4b8a3f814ecd9d2449d3873e98bda72f1e8e2f23,8954c5315eca84c129f1642f4b8a3f814ecd9d2449d3873e98bda72f1e8e2f23,true,true
configs/scenarios/single/issue_2527_waiting_then_crossing.yaml,ed28f7c7957ff33c17d9db32489d045940cc682ee19802d347a8de330dc97346,ed28f7c7957ff33c17d9db32489d045940cc682ee19802d347a8de330dc97346,true,true
configs/scenarios/single/issue_2727_fast_bicycle_dynamic_actor.yaml,2a43b8c22ce6de7343218f35616511df8d50a0da0ec8b4b9fea5f20954b56f13,2a43b8c22ce6de7343218f35616511df8d50a0da0ec8b4b9fea5f20954b56f13,true,true
configs/scenarios/single/issue_2728_semantic_boundaries.yaml,d639a72bc0d3d234fc463611f43a52771644ed0f1e8af315e39a4ab0d22c28a3,d639a72bc0d3d234fc463611f43a52771644ed0f1e8af315e39a4ab0d22c28a3,true,true
configs/scenarios/single/issue_2756_occluded_emergence_live.yaml,f1f40808973f8801ff0862665e692cb3e9a88cde5c0669f8948c061773bcddae,f1f40808973f8801ff0862665e692cb3e9a88cde5c0669f8948c061773bcddae,true,true
configs/scenarios/single/issue_2799_signalized_runtime_smoke.yaml,1825fe3b07486df774bfd010ca8b17d3d04e0b6190b68ce12ac9c4fa22ef4ad5,1825fe3b07486df774bfd010ca8b17d3d04e0b6190b68ce12ac9c4fa22ef4ad5,true,true
configs/scenarios/single/issue_2925_cyclist_micromobility_actor_fixtures.yaml,63ae16e50bd362b375a631e24596ab874a8892015d4f868ace96c602d20a5898,63ae16e50bd362b375a631e24596ab874a8892015d4f868ace96c602d20a5898,true,true
configs/scenarios/single/issue_3233_near_field_observation_noise.yaml,9b7d7d1aaebd300fbebb359ba761384b6cdbbb83526cd6bb5409915d5db9fb19,9b7d7d1aaebd300fbebb359ba761384b6cdbbb83526cd6bb5409915d5db9fb19,true,true
configs/scenarios/single/issue_3323_occluded_emergence_near_field_live.yaml,7317d88e43690d3c00cd58eb818ec8b0ceec2be394cf90ad534d222278d1ce7d,7317d88e43690d3c00cd58eb818ec8b0ceec2be394cf90ad534d222278d1ce7d,true,true
configs/scenarios/single/issue_3556_near_safe_occlusion_bearing_crossing.yaml,8ffc4e62fb865b96639e25738ed5327b740bf5b67fbdd4fea9440d80125e4d05,8ffc4e62fb865b96639e25738ed5327b740bf5b67fbdd4fea9440d80125e4d05,true,true
configs/scenarios/single/issue_3635_near_safe_occlusion_bearing_crossing.yaml,4eadc345c48daa377e716a8a846868fd94f5a351467bc201c8cff553cc44390b,4eadc345c48daa377e716a8a846868fd94f5a351467bc201c8cff553cc44390b,true,true
configs/scenarios/single/issue_3977_emergency_reaction.yaml,17a74d7354ef4a72b0746cc645ec28a36d0e1cbb198552b36d328ee522f9335c,17a74d7354ef4a72b0746cc645ec28a36d0e1cbb198552b36d328ee522f9335c,true,true
configs/scenarios/single/issue_3977_safe_braking.yaml,65b8eca2bf8446c51de8951c6da6b069d2797f409de603ae5c8cadce2153d21d,65b8eca2bf8446c51de8951c6da6b069d2797f409de603ae5c8cadce2153d21d,true,true
configs/scenarios/single/issue_3977_speed_limit.yaml,3385b1fb71ea9842401e0762d28221146ba516b4ff0d5eaeddac6998fcf2eccf,3385b1fb71ea9842401e0762d28221146ba516b4ff0d5eaeddac6998fcf2eccf,true,true
configs/scenarios/single/issue_3977_visibility_and_intent.yaml,74c8b891df861dbd1286bf5f26f9bf8573772cb2e34fcff32bbc9fccbb8ef483,74c8b891df861dbd1286bf5f26f9bf8573772cb2e34fcff32bbc9fccbb8ef483,true,true
configs/scenarios/single/issue_4207_interacting_smoke.yaml,af4da04c9f90bdd625a45480b1088da58e05a0e72fac6016e6f6f35794c7f817,af4da04c9f90bdd625a45480b1088da58e05a0e72fac6016e6f6f35794c7f817,true,true
configs/scenarios/single/issue_596_goal_inside_obstacle_invalid.yaml,9c81e266e554ad628ab04c13f0e89df4ad49ed7b557d97872678bfad02dec6ce,9c81e266e554ad628ab04c13f0e89df4ad49ed7b557d97872678bfad02dec6ce,true,true
configs/scenarios/single/issue_6054_regulation_to_scenario.yaml,b2879597422c7d06dbe4e3ca2ba4b6a61677d691b2cba9ed0901790f40762b0e,b2879597422c7d06dbe4e3ca2ba4b6a61677d691b2cba9ed0901790f40762b0e,true,true
configs/scenarios/single/issue_7742_classic_bottleneck_high_seed114.yaml,b46f5b7d02222569fc854a03e6358f13cd4739f14063ca4fddf4470680283436,b46f5b7d02222569fc854a03e6358f13cd4739f14063ca4fddf4470680283436,true,true
configs/scenarios/single/multi_amv_minimal_smoke.yaml,839b25f5aa2a214cffac9593ec8c30852896d59cf756374a217cc20b0e35ae84,839b25f5aa2a214cffac9593ec8c30852896d59cf756374a217cc20b0e35ae84,true,true
configs/scenarios/single/observation_visibility_blind_corner_smoke.yaml,9f72d482fa873e24e8990e4b0d112f1a1a16587819a7ca2b8090895ee3f63ba6,9f72d482fa873e24e8990e4b0d112f1a1a16587819a7ca2b8090895ee3f63ba6,true,true
configs/scenarios/single/ovgu_campus_walk.yaml,7e4d435dfd5cfedfcf5bcfb6a8a72eee6758e8079d057d99ec2a2c09bcfeb503,7e4d435dfd5cfedfcf5bcfb6a8a72eee6758e8079d057d99ec2a2c09bcfeb503,true,true
configs/scenarios/single/planner_sanity_simple.yaml,c83c05bb7c8bc90547c51453fa256b107377a8343b8c147bb0c387f15c027ab4,c83c05bb7c8bc90547c51453fa256b107377a8343b8c147bb0c387f15c027ab4,true,true
configs/scenarios/single/pr_promoted_planner_smoke.yaml,e75459dfa7d809e68f890f0348533a2f862b7a9c6a9aecbe6274f45b52ab5f19,e75459dfa7d809e68f890f0348533a2f862b7a9c6a9aecbe6274f45b52ab5f19,true,true
configs/scenarios/single/quickstart_demo.yaml,fe6fe49ebbc0103cc07de08a6c3aa96f8bec3db91aa29f88d57a256e03270585,fe6fe49ebbc0103cc07de08a6c3aa96f8bec3db91aa29f88d57a256e03270585,true,true
configs/scenarios/single/socnavbench_eth_smoke.yaml,c18bf18806f7d5655e5cc099c9831f02c5bd1b587e0455fbda6cfef69c2040ee,c18bf18806f7d5655e5cc099c9831f02c5bd1b587e0455fbda6cfef69c2040ee,true,true
configs/scenarios/single/socnavbench_eth_smoke_v2.yaml,023360ea2e021e7413fbb973c9828f3f7f50c73a29076cb07d62a0837c74a74e,023360ea2e021e7413fbb973c9828f3f7f50c73a29076cb07d62a0837c74a74e,true,true
configs/scenarios/templates/crossing_ttc.yaml,4718aa6ee78d8013f251e20f1c78173ac4052a79e63ec80e19dd2347866b4d8f,4718aa6ee78d8013f251e20f1c78173ac4052a79e63ec80e19dd2347866b4d8f,true,true
configs/training/benchmark_orca_classic_analysis_base.yaml,46281ad326d1ead5f5510e2993f846354d2cd81356f5ce999a308e67ece4a9e4,46281ad326d1ead5f5510e2993f846354d2cd81356f5ce999a308e67ece4a9e4,true,true
configs/training/benchmark_orca_classic_cross_trap_subset.yaml,b7b8c3da8e703821c3af87e92bb23293ee6998a8fb512c86d6d2454edabe7dee,b7b8c3da8e703821c3af87e92bb23293ee6998a8fb512c86d6d2454edabe7dee,true,true
configs/training/benchmark_orca_classic_crossing_subset.yaml,5dbfb22ad72aa9e4dd674c06e6cb74ce4d4bce41816239f8b12b202060c8df43,5dbfb22ad72aa9e4dd674c06e6cb74ce4d4bce41816239f8b12b202060c8df43,true,true
configs/training/comparison_matrix/issue_4244_seven_arm_preregistration.yaml,650698cce72da270d8b7872b891ae5cb69f8b5eeaa6f677e6bfc915085c31a1e,650698cce72da270d8b7872b891ae5cb69f8b5eeaa6f677e6bfc915085c31a1e,true,true
configs/training/comparison_matrix/issue_7846_ppo_rppo_contract_v1.yaml,a35aaf4ad03e1333fd0f2b1284432cdc9e18c9c7213bfd355d0a410f063da9fa,a35aaf4ad03e1333fd0f2b1284432cdc9e18c9c7213bfd355d0a410f063da9fa,true,true
configs/training/comparison_matrix/issue_7849_ppo_rppo_gpu_admission_v1.yaml,bb4c47efe9fde41fad8c1d9ee9aead9d922eb6e4f0c92599ed656380ddcc7cae,bb4c47efe9fde41fad8c1d9ee9aead9d922eb6e4f0c92599ed656380ddcc7cae,true,true
configs/training/comparison_matrix/issue_7849_ppo_rppo_gpu_admission_v2.yaml,883029d9470161df81ac6f0133d4174c1cecb2c607ce5b774731f378c219678e,883029d9470161df81ac6f0133d4174c1cecb2c607ce5b774731f378c219678e,true,true
configs/training/comparison_matrix/issue_7849_ppo_rppo_source_inventory_v1.yaml,bf7c92c6b0619b164bccd7dbf677161621a6926d124a62036dffe5c787905234,bf7c92c6b0619b164bccd7dbf677161621a6926d124a62036dffe5c787905234,true,true
configs/training/comparison_matrix/issue_7849_ppo_rppo_source_inventory_v2.yaml,b8768a0e2c75b06d6d670cd92ec0cb90031e6b5f52c051f8a59d398c04c8208a,b8768a0e2c75b06d6d670cd92ec0cb90031e6b5f52c051f8a59d398c04c8208a,true,true
configs/training/comparison_matrix/placeholders/ppo_mamba_issue_4162.yaml,27fdbf46869cd5ecd5905e54467a2cb42ae5646fc5aa62192de6fad3d4e94fcc,27fdbf46869cd5ecd5905e54467a2cb42ae5646fc5aa62192de6fad3d4e94fcc,true,true
configs/training/continual_adaptation_run_issue_6582.yaml,4af28655c0b14d6b427f3bdd4aa0de3895961595be3150a39e7d0d4a2e62df8d,4af28655c0b14d6b427f3bdd4aa0de3895961595be3150a39e7d0d4a2e62df8d,true,true
configs/training/continual_adaptation_run_issue_6655.yaml,d047aaef6e8a5e1f73f3b495e0ba9c2675d40775cbe6ad0660c3adb9e21023b6,d047aaef6e8a5e1f73f3b495e0ba9c2675d40775cbe6ad0660c3adb9e21023b6,true,true
configs/training/continual_adaptation_run_ppo_issue_6658.yaml,9e3612177bdecb354509a3aaf2f31cb3039f41b9dda108eafbd6fbcce7205148,9e3612177bdecb354509a3aaf2f31cb3039f41b9dda108eafbd6fbcce7205148,true,true
configs/training/diffusion_policy/issue_4010_smoke.yaml,dbb18a79e396525a2b31fb44104280474ddef08059358a8418d3dd478fa4358f,dbb18a79e396525a2b31fb44104280474ddef08059358a8418d3dd478fa4358f,true,true
configs/training/distributional_rl/qr_dqn_issue_4016_smoke.yaml,d073e7d897a65e86bd1e251c4e3c19e2b5c253f35f2e1075a64bba385a9d2eef,d073e7d897a65e86bd1e251c4e3c19e2b5c253f35f2e1075a64bba385a9d2eef,true,true
configs/training/learned_risk_model_issue_1395_launch_packet.yaml,040334986be74cc02bf2f3e42df160d966d635fac2c4557b735fe6651f3b81dc,040334986be74cc02bf2f3e42df160d966d635fac2c4557b735fe6651f3b81dc,true,true
configs/training/learned_risk_model_v1.yaml,02c60ad1d5fe789238b75c8d0cb1c5c9ba55555eb12a52bfbb702d5138d184f3,02c60ad1d5fe789238b75c8d0cb1c5c9ba55555eb12a52bfbb702d5138d184f3,true,true
configs/training/learned_risk_trace_manifest_issue_2312.yaml,65c8c08898560e11fc0dc34239bb34ad8133515e97cd9279c36da113770efeb3,65c8c08898560e11fc0dc34239bb34ad8133515e97cd9279c36da113770efeb3,true,true
configs/training/learned_short_horizon_predictor_issue_4013_real_trajectory.yaml,777a09dbf51587865e142859ace3bf24ccf6ab43709f981351f19fee4f9ced11,777a09dbf51587865e142859ace3bf24ccf6ab43709f981351f19fee4f9ced11,true,true
configs/training/learned_short_horizon_predictor_issue_4013_smoke.yaml,1401910aebbfe855aec3bf32a9b4cbc59f31a0cbb00235f655bfbb1699b1ec26,1401910aebbfe855aec3bf32a9b4cbc59f31a0cbb00235f655bfbb1699b1ec26,true,true
configs/training/lidar/issue_4981_vecenv_throughput_acceptance.yaml,6eacd537b2c695d112359476eccef290bbc9cdb37e7b25b13ba437b0dbcd31c0,6eacd537b2c695d112359476eccef290bbc9cdb37e7b25b13ba437b0dbcd31c0,true,true
configs/training/lidar/lidar_learned_policy_launch_packet_issue_1615.yaml,2c36567174f4ab72bec2eb579c45d85afc48ea470a7dd0d3f49f26ef232fa577,2c36567174f4ab72bec2eb579c45d85afc48ea470a7dd0d3f49f26ef232fa577,true,true
configs/training/lidar/lidar_perception_adapter_eligibility_issue_1615.yaml,397085a22c55275b96dabc28e7ed6fbceb7ee584d28d0c893a0decd58e110935,397085a22c55275b96dabc28e7ed6fbceb7ee584d28d0c893a0decd58e110935,true,true
configs/training/lidar/lidar_ppo_mlp_eligibility_issue_1615.yaml,d061a3ffdffbd891b1dc5376546f9d697c280db0d263d041f854ac5ceef74d0f,d061a3ffdffbd891b1dc5376546f9d697c280db0d263d041f854ac5ceef74d0f,true,true
configs/training/lidar/lidar_ppo_mlp_smoke_issue_1662.yaml,7549e31390de2fb7bface468c6bb7b3d1c1b5c1e7fe260cd91771f96cdf94575,7549e31390de2fb7bface468c6bb7b3d1c1b5c1e7fe260cd91771f96cdf94575,true,true
configs/training/offline_online_rl/issue_4012_sac_offline_online_arm.yaml,cf4a3bdd48c137f6edbf40b6edb347858b08937c058b000650964e87568f7798,cf4a3bdd48c137f6edbf40b6edb347858b08937c058b000650964e87568f7798,true,true
configs/training/offline_online_rl/issue_4012_sac_scratch_arm.yaml,5b34593c340aa8396ba14b5f207649757f5ab0b76e3b3ba7e45249b58911d1be,5b34593c340aa8396ba14b5f207649757f5ab0b76e3b3ba7e45249b58911d1be,true,true
configs/training/offline_online_rl/issue_4012_sac_smoke.yaml,647edeec949c7648fa916940ce12a03e0e457e14c7179d47e575015338443118,647edeec949c7648fa916940ce12a03e0e457e14c7179d47e575015338443118,true,true
configs/training/offline_online_rl/issue_4245_finetune_smoke.yaml,823ada15b8d9ed3f6e5f02ff47bbd19c842ef0d0e1bf6876b7c0f43d56aa134d,823ada15b8d9ed3f6e5f02ff47bbd19c842ef0d0e1bf6876b7c0f43d56aa134d,true,true
configs/training/offline_online_rl/issue_4245_pretrain_smoke.yaml,b70fb36b37b80604d410dbf37e253227034a14ed1e4529426ab8d73d236be5d8,b70fb36b37b80604d410dbf37e253227034a14ed1e4529426ab8d73d236be5d8,true,true
configs/training/orca_residual/issue_6951_arm_a_progress_weighted_bc.yaml,f3ea13574cc6a232dd20a7dbe882d40847a58fdbcd7ee452833b27b9fd419672,f3ea13574cc6a232dd20a7dbe882d40847a58fdbcd7ee452833b27b9fd419672,true,true
configs/training/orca_residual/issue_6951_arm_b_progress_weighted_bc.yaml,675caa9a547b027b866e7ff297137c578b7ae574a5e3ff7e9779eff384ff5e73,675caa9a547b027b866e7ff297137c578b7ae574a5e3ff7e9779eff384ff5e73,true,true
configs/training/orca_residual/orca_residual_bc_issue_1428.yaml,89302501e149573924a8b0cbca35354002564597e3e80cf72d5e54ee3d8ec27a,89302501e149573924a8b0cbca35354002564597e3e80cf72d5e54ee3d8ec27a,true,true
configs/training/orca_residual/orca_residual_bc_issue_1475_smoke_pretrain.yaml,5b5e38a997e56f70984ac41612fb52b17e04c0b5b364fa1a8f1c820fe100fd71,5b5e38a997e56f70984ac41612fb52b17e04c0b5b364fa1a8f1c820fe100fd71,true,true
configs/training/ppo/ablations/expert_ppo_issue_1024_reward_curriculum_all_available_h500_schedule_12m_base.yaml,3cb0efa1a97b0750c6047c82ec4e5b01a16d4474d020aae02a0ff91b9d87e605,3cb0efa1a97b0750c6047c82ec4e5b01a16d4474d020aae02a0ff91b9d87e605,true,true
configs/training/ppo/ablations/expert_ppo_issue_1024_reward_curriculum_all_available_h500_schedule_12m_env22.yaml,20b15478c7045e66f041e886c8c7b18a8dac3139ebef0a064253f9f2b4c77834,20b15478c7045e66f041e886c8c7b18a8dac3139ebef0a064253f9f2b4c77834,true,true
configs/training/ppo/ablations/expert_ppo_issue_1024_reward_curriculum_all_available_h500_schedule_12m_env30_l40s.yaml,75890d766c85dc9c1ef83e21bccbf2a202525767fa48b24468ed655f781850f6,75890d766c85dc9c1ef83e21bccbf2a202525767fa48b24468ed655f781850f6,true,true
configs/training/ppo/ablations/expert_ppo_issue_1474_shielded_repair_collision20_5m.yaml,964daa773efd384cab76299f2bd7c92f970c7f2b64929fbe86a804f842465fdd,964daa773efd384cab76299f2bd7c92f970c7f2b64929fbe86a804f842465fdd,true,true
configs/training/ppo/ablations/expert_ppo_issue_2557_reward_curriculum_promotion_10m_env22_eval_aligned_large_capacity_base.yaml,5f982c6e85dbc67d8eb6bbf22d1ce4ef7bb447ceb925c80b2c942f5b9dd063ee,5f982c6e85dbc67d8eb6bbf22d1ce4ef7bb447ceb925c80b2c942f5b9dd063ee,true,true
configs/training/ppo/ablations/expert_ppo_issue_2557_reward_curriculum_promotion_10m_env22_eval_aligned_large_capacity_seed501_fixed.yaml,800b96063f3b9da1437e8d5585b80f55c8c236403efea9c0321989bdfa1e9707,800b96063f3b9da1437e8d5585b80f55c8c236403efea9c0321989bdfa1e9707,true,true
configs/training/ppo/ablations/expert_ppo_issue_2557_reward_curriculum_promotion_10m_env22_eval_aligned_large_capacity_seed502_fixed.yaml,c2e1295f1bc72e244736fb3132e5d19f5a63173e37e7db78d807e407e8ba6db5,c2e1295f1bc72e244736fb3132e5d19f5a63173e37e7db78d807e407e8ba6db5,true,true
configs/training/ppo/ablations/expert_ppo_issue_2557_reward_curriculum_promotion_10m_env22_eval_aligned_large_capacity_seed503_fixed.yaml,ab71b5b6370c51bd8ca787e492522dcee593b9b069810e927d08c77f17d84d23,ab71b5b6370c51bd8ca787e492522dcee593b9b069810e927d08c77f17d84d23,true,true
configs/training/ppo/ablations/expert_ppo_issue_2557_reward_curriculum_promotion_10m_env22_eval_aligned_large_capacity_seed504_fixed.yaml,598038ba120fb67d6db97412d796128ce0711710e14c956013bedd4144787592,598038ba120fb67d6db97412d796128ce0711710e14c956013bedd4144787592,true,true
configs/training/ppo/ablations/expert_ppo_issue_2557_reward_curriculum_promotion_10m_env22_eval_aligned_large_capacity_seed505_fixed.yaml,2837efd08ee5672610806b44f0d44c61a7a862840117903c821c6020bf78adf4,2837efd08ee5672610806b44f0d44c61a7a862840117903c821c6020bf78adf4,true,true
configs/training/ppo/ablations/expert_ppo_issue_2557_reward_curriculum_promotion_10m_env22_eval_aligned_large_capacity_seed506_fixed.yaml,038282dac7aa26f257cbd197f817034bc50438fee3fa19b2ae7dbf71a08f6212,038282dac7aa26f257cbd197f817034bc50438fee3fa19b2ae7dbf71a08f6212,true,true
configs/training/ppo/ablations/expert_ppo_issue_2557_reward_curriculum_promotion_10m_env22_eval_aligned_large_capacity_seed507_fixed.yaml,e61c2e318811cf83963acf6706753215e52246f8ae99c9197180747d905448d8,e61c2e318811cf83963acf6706753215e52246f8ae99c9197180747d905448d8,true,true
configs/training/ppo/ablations/expert_ppo_issue_2557_reward_curriculum_promotion_10m_env22_eval_aligned_large_capacity_seed508_fixed.yaml,be825828bce66d67487a6848de410112f3eb50de63433b747835254ddf70f13a,be825828bce66d67487a6848de410112f3eb50de63433b747835254ddf70f13a,true,true
configs/training/ppo/ablations/expert_ppo_issue_2557_reward_curriculum_promotion_10m_env22_eval_aligned_large_capacity_seed509_fixed.yaml,52b4a460fd3d678cc3cc31d877e5856f6f52dc2444fd5410715c29bde4de0afc,52b4a460fd3d678cc3cc31d877e5856f6f52dc2444fd5410715c29bde4de0afc,true,true
configs/training/ppo/ablations/expert_ppo_issue_2557_reward_curriculum_promotion_10m_env22_eval_aligned_large_capacity_seed510_fixed.yaml,966cace99402084cc7382cb34898383e84db071e8c80957ba9b46656eb2e5e61,966cace99402084cc7382cb34898383e84db071e8c80957ba9b46656eb2e5e61,true,true
configs/training/ppo/ablations/expert_ppo_issue_2557_reward_curriculum_promotion_10m_env22_eval_aligned_large_capacity_seed511_fixed.yaml,7b0008725c59129e848b2d2cc88ecc0eac455a1030f52b9f0992034cfc81f713,7b0008725c59129e848b2d2cc88ecc0eac455a1030f52b9f0992034cfc81f713,true,true
configs/training/ppo/ablations/expert_ppo_issue_2557_reward_curriculum_promotion_10m_env22_eval_aligned_large_capacity_seed512_fixed.yaml,3c339c4edd94668e82175972255f32a548910c5988158453bdfbc42cdc7d2efa,3c339c4edd94668e82175972255f32a548910c5988158453bdfbc42cdc7d2efa,true,true
configs/training/ppo/ablations/expert_ppo_issue_2557_reward_curriculum_promotion_10m_env22_eval_aligned_large_capacity_seed513_fixed.yaml,64428a9c7057753f95868bc13998907475c32e0add0eac5a35a08f85c1975dfb,64428a9c7057753f95868bc13998907475c32e0add0eac5a35a08f85c1975dfb,true,true
configs/training/ppo/ablations/expert_ppo_issue_2557_reward_curriculum_promotion_10m_env22_eval_aligned_large_capacity_seed514_fixed.yaml,caea12176fa64ace9d00603d16dff1ee49dccf4f6d2ccaa954ccb5484fb9b2e8,caea12176fa64ace9d00603d16dff1ee49dccf4f6d2ccaa954ccb5484fb9b2e8,true,true
configs/training/ppo/ablations/expert_ppo_issue_2557_reward_curriculum_promotion_10m_env22_eval_aligned_large_capacity_seed515_fixed.yaml,ab1ca0569eaf036a7ccb15b42274934269a1f4e6edc976658349b74b01439fc5,ab1ca0569eaf036a7ccb15b42274934269a1f4e6edc976658349b74b01439fc5,true,true
configs/training/ppo/ablations/expert_ppo_issue_2557_reward_curriculum_promotion_10m_env22_eval_aligned_large_capacity_seed516_fixed.yaml,dbf2c21acb2a7f256f2a77818cda3357d73793e7749393c588142bb97000eea1,dbf2c21acb2a7f256f2a77818cda3357d73793e7749393c588142bb97000eea1,true,true
configs/training/ppo/ablations/expert_ppo_issue_2557_reward_curriculum_promotion_10m_env22_eval_aligned_large_capacity_seed517_fixed.yaml,61b5d9c4d6ce3be6c03eadf10e0003807d1f886eea6e436396f7bfd6f4808079,61b5d9c4d6ce3be6c03eadf10e0003807d1f886eea6e436396f7bfd6f4808079,true,true
configs/training/ppo/ablations/expert_ppo_issue_2557_reward_curriculum_promotion_10m_env22_eval_aligned_large_capacity_seed518_fixed.yaml,f9d217a02ceae0e959c5e8fefcdca6dc877b441a11a0a374545c777c9c14c457,f9d217a02ceae0e959c5e8fefcdca6dc877b441a11a0a374545c777c9c14c457,true,true
configs/training/ppo/ablations/expert_ppo_issue_2557_reward_curriculum_promotion_10m_env22_eval_aligned_large_capacity_seed519_fixed.yaml,58b37e1e85ffa3ae71d99c8bac66b82f402b2ea64434a1f6216b1f05e22a6ae8,58b37e1e85ffa3ae71d99c8bac66b82f402b2ea64434a1f6216b1f05e22a6ae8,true,true
configs/training/ppo/ablations/expert_ppo_issue_2557_reward_curriculum_promotion_10m_env22_eval_aligned_large_capacity_seed520_fixed.yaml,58aa6808153e34d37e1bac6e67973354fe7c3834c58af693b75c04aec07f9256,58aa6808153e34d37e1bac6e67973354fe7c3834c58af693b75c04aec07f9256,true,true
configs/training/ppo/ablations/expert_ppo_issue_2557_reward_curriculum_promotion_10m_env22_eval_aligned_large_capacity_seed521_fixed.yaml,657f46caba99dad0ca82977f027496a36bc9b6cd3da097072879c9aa3d883510,657f46caba99dad0ca82977f027496a36bc9b6cd3da097072879c9aa3d883510,true,true
configs/training/ppo/ablations/expert_ppo_issue_2557_reward_curriculum_promotion_10m_env22_eval_aligned_large_capacity_seed522_fixed.yaml,21c27df4174abd37576ea7561624479f30d85c079e5f5490378a7420289f989c,21c27df4174abd37576ea7561624479f30d85c079e5f5490378a7420289f989c,true,true
configs/training/ppo/ablations/expert_ppo_issue_2557_reward_curriculum_promotion_10m_env22_eval_aligned_large_capacity_seed523_fixed.yaml,9ffd9610259d9fc384e87d69e842f81ed7cc9de5ddff22797d62c2b219c38ee2,9ffd9610259d9fc384e87d69e842f81ed7cc9de5ddff22797d62c2b219c38ee2,true,true
configs/training/ppo/ablations/expert_ppo_issue_2557_reward_curriculum_promotion_10m_env22_eval_aligned_large_capacity_seed524_fixed.yaml,5181cf345f4da7073bbda6cc5afc2eec7084073866a3244799976c73c95e358d,5181cf345f4da7073bbda6cc5afc2eec7084073866a3244799976c73c95e358d,true,true
configs/training/ppo/ablations/expert_ppo_issue_3068_curriculum_full_surface_scout_12m_env22.yaml,323c6595be6711bd00723dbd1617013d9b1a142db9a4926fd4839f0826a5c2c0,323c6595be6711bd00723dbd1617013d9b1a142db9a4926fd4839f0826a5c2c0,true,true
configs/training/ppo/ablations/expert_ppo_issue_739_base.yaml,a1bb65da7e3be6e4056549649f990ea5996b154dbee4abb09b2d14ee4c26bb5d,a1bb65da7e3be6e4056549649f990ea5996b154dbee4abb09b2d14ee4c26bb5d,true,true
configs/training/ppo/ablations/expert_ppo_issue_739_stage1_baseline.yaml,0b20b5c075cda23b8e9dfd1bd922414c65821926798e0f66d295248f96c6daaf,0b20b5c075cda23b8e9dfd1bd922414c65821926798e0f66d295248f96c6daaf,true,true
configs/training/ppo/ablations/expert_ppo_issue_739_stage1_obs_grid_goal.yaml,9357def93cd6d5372cfaf6c9ab7af451eef8353fc9568dcb9c7eecab40dfaaab,9357def93cd6d5372cfaf6c9ab7af451eef8353fc9568dcb9c7eecab40dfaaab,true,true
configs/training/ppo/ablations/expert_ppo_issue_739_stage1_obs_selective.yaml,1097820d16b7da036883c99bceddc4e912d0f16ef3aff16fde3616aa255378b9,1097820d16b7da036883c99bceddc4e912d0f16ef3aff16fde3616aa255378b9,true,true
configs/training/ppo/ablations/expert_ppo_issue_739_stage1_reward_core.yaml,856b36903583568b80863d2dcad712680efcec15e352aa03879d36a1b4c7cbe7,856b36903583568b80863d2dcad712680efcec15e352aa03879d36a1b4c7cbe7,true,true
configs/training/ppo/ablations/expert_ppo_issue_739_stage1_reward_tuned.yaml,a8b086c73bf7449979ad057ca71eb8ef0376cc692dd03c9364c1e9fd3fe80186,a8b086c73bf7449979ad057ca71eb8ef0376cc692dd03c9364c1e9fd3fe80186,true,true
configs/training/ppo/ablations/expert_ppo_issue_739_stage2_opt_scale.yaml,8d48d23d585c90b81a4e12611ce57628e5da93a901f917efada76ec076b96880,8d48d23d585c90b81a4e12611ce57628e5da93a901f917efada76ec076b96880,true,true
configs/training/ppo/ablations/expert_ppo_issue_739_stage2_sampling.yaml,04d565cc95289dd2361175ba25d618408e2fb627f3b107b3c7d57b937dea03bb,04d565cc95289dd2361175ba25d618408e2fb627f3b107b3c7d57b937dea03bb,true,true
configs/training/ppo/ablations/expert_ppo_issue_791_all_scenarios_10m_env22_large_capacity.yaml,fb2cec6de811e7355c87c41c0c715299a3a1a9b2bc0187d3c4cdecdaa1f9e7a4,fb2cec6de811e7355c87c41c0c715299a3a1a9b2bc0187d3c4cdecdaa1f9e7a4,true,true
configs/training/ppo/ablations/expert_ppo_issue_791_all_scenarios_10m_env22_large_capacity_base.yaml,3654d70eb9fd80cbbf57b63f7fdfbb4c363fac992d532028c3b0de0c1b3a892f,3654d70eb9fd80cbbf57b63f7fdfbb4c363fac992d532028c3b0de0c1b3a892f,true,true
configs/training/ppo/ablations/expert_ppo_issue_791_all_scenarios_10m_env22_large_capacity_seed1337.yaml,9a7b12a53b27c0df853e5c81903dd3e4c623f5b14e4ca8f3742d1031d89e8973,9a7b12a53b27c0df853e5c81903dd3e4c623f5b14e4ca8f3742d1031d89e8973,true,true
configs/training/ppo/ablations/expert_ppo_issue_791_all_scenarios_10m_env22_large_capacity_seed231.yaml,9940fb7b39ec327ae3f95a1bdfe8682f2784ca24e11def46a810637fb6dcf3ea,9940fb7b39ec327ae3f95a1bdfe8682f2784ca24e11def46a810637fb6dcf3ea,true,true
configs/training/ppo/ablations/expert_ppo_issue_791_asymmetric_critic_followup_32k.yaml,815a84b9832cec63fe18fc161f3a57100aea6f7d71c863ed0703b55c32c5b9f9,815a84b9832cec63fe18fc161f3a57100aea6f7d71c863ed0703b55c32c5b9f9,true,true
configs/training/ppo/ablations/expert_ppo_issue_791_asymmetric_critic_promotion_10m_env22.yaml,83f71abe2927c2e0c28a57a8af2a71c25aeb3950092202fc4f42d2d490216a65,83f71abe2927c2e0c28a57a8af2a71c25aeb3950092202fc4f42d2d490216a65,true,true
configs/training/ppo/ablations/expert_ppo_issue_791_asymmetric_critic_promotion_10m_env22_base.yaml,eb8db3e10030146e9e1a3e2b56e73244692b735057898270ff8f6734b1e3db0d,eb8db3e10030146e9e1a3e2b56e73244692b735057898270ff8f6734b1e3db0d,true,true
configs/training/ppo/ablations/expert_ppo_issue_791_asymmetric_critic_promotion_10m_env22_eval_aligned.yaml,5716d8328be5cfaea766fe0150eec943a5b9efb937bc65671a3f97b5cab03298,5716d8328be5cfaea766fe0150eec943a5b9efb937bc65671a3f97b5cab03298,true,true
configs/training/ppo/ablations/expert_ppo_issue_791_asymmetric_critic_promotion_128k.yaml,d2b781445394f5bd5827bf24b7e2bfad5e43e834f5bc8122f647fceb63c5b4fe,d2b781445394f5bd5827bf24b7e2bfad5e43e834f5bc8122f647fceb63c5b4fe,true,true
configs/training/ppo/ablations/expert_ppo_issue_791_asymmetric_critic_promotion_1m_env22.yaml,1b0d2a81b2e89295155d276dd0e92da0a508a6a22797201d227d97c0b0af4fcb,1b0d2a81b2e89295155d276dd0e92da0a508a6a22797201d227d97c0b0af4fcb,true,true
configs/training/ppo/ablations/expert_ppo_issue_791_asymmetric_critic_promotion_256k.yaml,59dfd37498d557c17e3d2d193c0646565fef7fe4e1dbcbc7b32cc476b834d58f,59dfd37498d557c17e3d2d193c0646565fef7fe4e1dbcbc7b32cc476b834d58f,true,true
configs/training/ppo/ablations/expert_ppo_issue_791_asymmetric_critic_promotion_3m_env22.yaml,4fd82109993b47d5bdee8c91766a851e5d09216c068972de13edec73a66de0a9,4fd82109993b47d5bdee8c91766a851e5d09216c068972de13edec73a66de0a9,true,true
configs/training/ppo/ablations/expert_ppo_issue_791_asymmetric_critic_promotion_base.yaml,0519b5c901ed196d98e6c6a6b60c1928c617dc0b94f5a658c319150112a6ca5e,0519b5c901ed196d98e6c6a6b60c1928c617dc0b94f5a658c319150112a6ca5e,true,true
configs/training/ppo/ablations/expert_ppo_issue_791_asymmetric_critic_stage1.yaml,246d36c39ba40b5cbea529d931086bb50eb786490fd08fe92a6f8b67b74c9a9c,246d36c39ba40b5cbea529d931086bb50eb786490fd08fe92a6f8b67b74c9a9c,true,true
configs/training/ppo/ablations/expert_ppo_issue_791_asymmetric_critic_stage1_gpu_foresight_smoke.yaml,5b018f42937da6fe59121b6fb64d9880e28d2f032b8d2ffe767a531cfe8ff80a,5b018f42937da6fe59121b6fb64d9880e28d2f032b8d2ffe767a531cfe8ff80a,true,true
configs/training/ppo/ablations/expert_ppo_issue_791_attention_head_followup_32k.yaml,53b03bd8eb068cf75d6af7a16dbfa38612a9c3852395784ec753cf0131e6057e,53b03bd8eb068cf75d6af7a16dbfa38612a9c3852395784ec753cf0131e6057e,true,true
configs/training/ppo/ablations/expert_ppo_issue_791_attention_head_promotion_10m_env22.yaml,74a131cea5805dddf49853aef2220c297810cac99d2a463787d676a42aa87efe,74a131cea5805dddf49853aef2220c297810cac99d2a463787d676a42aa87efe,true,true
configs/training/ppo/ablations/expert_ppo_issue_791_attention_head_promotion_10m_env22_base.yaml,b279987362afc171de41f9393354d75c6214700a0e449eccdb6e6ca614dde0b8,b279987362afc171de41f9393354d75c6214700a0e449eccdb6e6ca614dde0b8,true,true
configs/training/ppo/ablations/expert_ppo_issue_791_attention_head_promotion_10m_env22_eval_aligned.yaml,ec550825c1eca98949c444d22f3e17b3190a77f7d0d5c51a4803cae405a8dda0,ec550825c1eca98949c444d22f3e17b3190a77f7d0d5c51a4803cae405a8dda0,true,true
configs/training/ppo/ablations/expert_ppo_issue_791_attention_head_promotion_128k.yaml,d4f0320de4c709888b917d92ffa3106226f9986e41b8cfa9f257d58c151b6fda,d4f0320de4c709888b917d92ffa3106226f9986e41b8cfa9f257d58c151b6fda,true,true
configs/training/ppo/ablations/expert_ppo_issue_791_attention_head_promotion_1m_env22.yaml,dc6d5d7de94e522828ae10a75a27ea542ec57b0ecd29ceb39d215c788cdf545c,dc6d5d7de94e522828ae10a75a27ea542ec57b0ecd29ceb39d215c788cdf545c,true,true
configs/training/ppo/ablations/expert_ppo_issue_791_attention_head_promotion_256k.yaml,fb12cfcdec9c58a4b4c14df282be671385e42494c975b6ffb44d21b8742435d7,fb12cfcdec9c58a4b4c14df282be671385e42494c975b6ffb44d21b8742435d7,true,true
configs/training/ppo/ablations/expert_ppo_issue_791_attention_head_promotion_3m_env22.yaml,c2a20e4a1de06f7a67fccbfba82bea4b260352a3c15b88793f72fab78e0fe8d5,c2a20e4a1de06f7a67fccbfba82bea4b260352a3c15b88793f72fab78e0fe8d5,true,true
configs/training/ppo/ablations/expert_ppo_issue_791_attention_head_promotion_base.yaml,2e0f006ca8a01ac2148b12312fbfbdd006e4130807eb02c7262948c884a9e960,2e0f006ca8a01ac2148b12312fbfbdd006e4130807eb02c7262948c884a9e960,true,true
configs/training/ppo/ablations/expert_ppo_issue_791_attention_head_promotion_env22_base.yaml,986f918f16a7867ca653b5815649a2bf19d8450df8cd86464907550c33c2b009,986f918f16a7867ca653b5815649a2bf19d8450df8cd86464907550c33c2b009,true,true
configs/training/ppo/ablations/expert_ppo_issue_791_attention_head_stage1.yaml,8126cc61843a7fcc6dccf4cbdc78123dbd947fe0866933235e785d80e81e3135,8126cc61843a7fcc6dccf4cbdc78123dbd947fe0866933235e785d80e81e3135,true,true
configs/training/ppo/ablations/expert_ppo_issue_791_baseline_promotion_10m_env22_eval_aligned.yaml,539b57d33a1aa513e33251a1a07910ed85a47d04659b9cc0b2d63ec3a1397328,539b57d33a1aa513e33251a1a07910ed85a47d04659b9cc0b2d63ec3a1397328,true,true
configs/training/ppo/ablations/expert_ppo_issue_791_baseline_promotion_10m_env22_eval_aligned_base.yaml,ad52cbfd33bc3b673157d08d3b389595ac584b9235de20f543eb203ea46132b4,ad52cbfd33bc3b673157d08d3b389595ac584b9235de20f543eb203ea46132b4,true,true
configs/training/ppo/ablations/expert_ppo_issue_791_baseline_promotion_10m_env22_eval_aligned_large_capacity.yaml,6ba931db93533275b23116d877b2cd63595cd30f8d7864dbd6aec296e16e7897,6ba931db93533275b23116d877b2cd63595cd30f8d7864dbd6aec296e16e7897,true,true
configs/training/ppo/ablations/expert_ppo_issue_791_baseline_promotion_128k.yaml,f6dbf8eceeec490105cc23bbcf7415dace6383b5394d9aa78f7f39ecaa241121,f6dbf8eceeec490105cc23bbcf7415dace6383b5394d9aa78f7f39ecaa241121,true,true
configs/training/ppo/ablations/expert_ppo_issue_791_baseline_promotion_1m_env22.yaml,257a6461743718be76123ab8597b22c4a8f61f496ae60ec17ad3ce8bf1b1ee08,257a6461743718be76123ab8597b22c4a8f61f496ae60ec17ad3ce8bf1b1ee08,true,true
configs/training/ppo/ablations/expert_ppo_issue_791_baseline_promotion_1m_env22_resume_best.yaml,20009718c9f2b8964c27fb2d7d72a730246be7db22a228567d0baacac9462a18,20009718c9f2b8964c27fb2d7d72a730246be7db22a228567d0baacac9462a18,true,true
configs/training/ppo/ablations/expert_ppo_issue_791_baseline_promotion_256k.yaml,be15c655760fddc647c0b6b18e62510e06d47982799dadc9bc0235989b36b9e8,be15c655760fddc647c0b6b18e62510e06d47982799dadc9bc0235989b36b9e8,true,true
configs/training/ppo/ablations/expert_ppo_issue_791_baseline_promotion_3m_env22.yaml,6ff8a6fb1e65a8e45f37c4152fcee615b01aac2353abc5f65834401aced41121,6ff8a6fb1e65a8e45f37c4152fcee615b01aac2353abc5f65834401aced41121,true,true
configs/training/ppo/ablations/expert_ppo_issue_791_baseline_promotion_base.yaml,8dacb124f9780d1359cc9c0bba5aa8577e7614f48bd7accc54e3bf19fc155bd2,8dacb124f9780d1359cc9c0bba5aa8577e7614f48bd7accc54e3bf19fc155bd2,true,true
configs/training/ppo/ablations/expert_ppo_issue_791_baseline_promotion_env22_base.yaml,ea6638ebd0bcf3b3290ed457dad1117d8d379bee32b8f1da430d6eddf3c0a89f,ea6638ebd0bcf3b3290ed457dad1117d8d379bee32b8f1da430d6eddf3c0a89f,true,true
configs/training/ppo/ablations/expert_ppo_issue_791_best_ckpt_all_scenarios_horizon500_20m_env22.yaml,6037d30e8fc5c5fa2a5d0b68ed0178488c5f38d2ab9ca22626462b69ad9e7aaa,6037d30e8fc5c5fa2a5d0b68ed0178488c5f38d2ab9ca22626462b69ad9e7aaa,true,true
configs/training/ppo/ablations/expert_ppo_issue_791_followup_32k_base.yaml,8ce1145067a3e3c9d65a8615d819a90415279fa6a38859af364b1a7ddb59f1d7,8ce1145067a3e3c9d65a8615d819a90415279fa6a38859af364b1a7ddb59f1d7,true,true
configs/training/ppo/ablations/expert_ppo_issue_791_promotion_shared_base.yaml,82479bcc98ae247b10de02d5b20b80c3b31ba7772da6659c6fe9bfc03db21136,82479bcc98ae247b10de02d5b20b80c3b31ba7772da6659c6fe9bfc03db21136,true,true
configs/training/ppo/ablations/expert_ppo_issue_791_reward_curriculum_followup_32k.yaml,7843dcb55f170592342f7a3a5eb593c95c2a11a74307fa55dd580e427cdb6172,7843dcb55f170592342f7a3a5eb593c95c2a11a74307fa55dd580e427cdb6172,true,true
configs/training/ppo/ablations/expert_ppo_issue_791_reward_curriculum_followup_32k_v2.yaml,e687506ba5b186625736d290c352f76f3f5558ef5aa77d7a986aa9884c8c5eab,e687506ba5b186625736d290c352f76f3f5558ef5aa77d7a986aa9884c8c5eab,true,true
configs/training/ppo/ablations/expert_ppo_issue_791_reward_curriculum_promotion_10m_env22.yaml,e475c3e2c18dd97c8506bb718340e048d8d37982b75d762536930cc399850a2b,e475c3e2c18dd97c8506bb718340e048d8d37982b75d762536930cc399850a2b,true,true
configs/training/ppo/ablations/expert_ppo_issue_791_reward_curriculum_promotion_10m_env22_base.yaml,01348efde5c9b7d9b627c32accad67cf60c57511d7826ce112205d6fffc05b6d,01348efde5c9b7d9b627c32accad67cf60c57511d7826ce112205d6fffc05b6d,true,true
configs/training/ppo/ablations/expert_ppo_issue_791_reward_curriculum_promotion_10m_env22_eval_aligned.yaml,bb81a27901e1a905151a0b55e3000f1762303fb9faa29bf57f703077f226829a,bb81a27901e1a905151a0b55e3000f1762303fb9faa29bf57f703077f226829a,true,true
configs/training/ppo/ablations/expert_ppo_issue_791_reward_curriculum_promotion_10m_env22_eval_aligned_large_capacity.yaml,e4851c198911645d54d703628adf887f340c6eda945f470cb07e295a59d42b1f,e4851c198911645d54d703628adf887f340c6eda945f470cb07e295a59d42b1f,true,true
configs/training/ppo/ablations/expert_ppo_issue_791_reward_curriculum_promotion_10m_env22_eval_aligned_large_capacity_base.yaml,76a6f8251e7ea6c61f326db88443d08e71751206f94393894b68c6655f2b799c,76a6f8251e7ea6c61f326db88443d08e71751206f94393894b68c6655f2b799c,true,true
configs/training/ppo/ablations/expert_ppo_issue_791_reward_curriculum_promotion_10m_env22_eval_aligned_large_capacity_nsteps4096.yaml,375c12727371bc93874543b3aa5a6a7fb94317ce7c6642256aaa968afd550eda,375c12727371bc93874543b3aa5a6a7fb94317ce7c6642256aaa968afd550eda,true,true
configs/training/ppo/ablations/expert_ppo_issue_791_reward_curriculum_promotion_10m_env22_eval_aligned_large_capacity_seed1337.yaml,bc2e6e4446f98ca34d30bfbf69393a4db25b1e4f596e3c41b39e13543513cdae,bc2e6e4446f98ca34d30bfbf69393a4db25b1e4f596e3c41b39e13543513cdae,true,true
configs/training/ppo/ablations/expert_ppo_issue_791_reward_curriculum_promotion_10m_env22_eval_aligned_large_capacity_seed1337_fixed.yaml,0b228855e35ecfafb00dd137e7e1924497947381e9d17300b6b52ead84f4bc04,0b228855e35ecfafb00dd137e7e1924497947381e9d17300b6b52ead84f4bc04,true,true
configs/training/ppo/ablations/expert_ppo_issue_791_reward_curriculum_promotion_10m_env22_eval_aligned_large_capacity_seed231.yaml,c923f4f5f17be65d8257380f732ec3aaf6b333f7edeca8748f2bf164ef5149b2,c923f4f5f17be65d8257380f732ec3aaf6b333f7edeca8748f2bf164ef5149b2,true,true
configs/training/ppo/ablations/expert_ppo_issue_791_reward_curriculum_promotion_10m_env22_eval_aligned_large_capacity_seed231_fixed.yaml,397689b448b1f9862d721b17e12a19ea026c704f305553702895a60cc011a8de,397689b448b1f9862d721b17e12a19ea026c704f305553702895a60cc011a8de,true,true
configs/training/ppo/ablations/expert_ppo_issue_791_reward_curriculum_promotion_10m_env22_eval_aligned_no_foresight.yaml,4588e531669e2de3d4c2141059f048389d39f6ae4318f691e0a629991d907e4b,4588e531669e2de3d4c2141059f048389d39f6ae4318f691e0a629991d907e4b,true,true
configs/training/ppo/ablations/expert_ppo_issue_791_reward_curriculum_promotion_10m_env22_eval_aligned_nsteps4096.yaml,87527a90ecd92928ce2fb41c99f1b47f9205bf8a60f88246251c6af3e2193143,87527a90ecd92928ce2fb41c99f1b47f9205bf8a60f88246251c6af3e2193143,true,true
configs/training/ppo/ablations/expert_ppo_issue_791_reward_curriculum_promotion_10m_env22_eval_aligned_nsteps4096_base.yaml,bce94f87c967f41503c7c72be2acb79d0feb37cddedf418a157cd26217779b58,bce94f87c967f41503c7c72be2acb79d0feb37cddedf418a157cd26217779b58,true,true
configs/training/ppo/ablations/expert_ppo_issue_791_reward_curriculum_promotion_10m_env22_eval_aligned_reward_strong.yaml,ef81217e6283a50bfc89bd4a9801606c6e62cb4035b536a57d3e52ed429bf5d1,ef81217e6283a50bfc89bd4a9801606c6e62cb4035b536a57d3e52ed429bf5d1,true,true
configs/training/ppo/ablations/expert_ppo_issue_791_reward_curriculum_promotion_10m_env22_horizon100.yaml,ad3f0c4d9750428a8f1b9f3fbda9e3a6a93d3165d22daf5411b5ea4c1ce65d30,ad3f0c4d9750428a8f1b9f3fbda9e3a6a93d3165d22daf5411b5ea4c1ce65d30,true,true
configs/training/ppo/ablations/expert_ppo_issue_791_reward_curriculum_promotion_10m_env22_resume_base.yaml,b94845d791e2525eb286dcd987d9f7534e55ae71719166a6e5c241b24b80e1ae,b94845d791e2525eb286dcd987d9f7534e55ae71719166a6e5c241b24b80e1ae,true,true
configs/training/ppo/ablations/expert_ppo_issue_791_reward_curriculum_promotion_10m_env22_resume_best.yaml,58aec2a06eb32fc6f73c03b942cdbb217e03c8cca9d8998fd1b1608ff5368441,58aec2a06eb32fc6f73c03b942cdbb217e03c8cca9d8998fd1b1608ff5368441,true,true
configs/training/ppo/ablations/expert_ppo_issue_791_reward_curriculum_promotion_10m_env22_resume_exploration_boost.yaml,d060f5c5bf8126a754a604236d8422be8e1bbfc3ee27f94bed81851b2a7f7c54,d060f5c5bf8126a754a604236d8422be8e1bbfc3ee27f94bed81851b2a7f7c54,true,true
configs/training/ppo/ablations/expert_ppo_issue_791_reward_curriculum_promotion_128k.yaml,57a2644e7bb3cdfe80d3f2cf56791af72d1ea9a28f1ab357fe974c47b1e3eda1,57a2644e7bb3cdfe80d3f2cf56791af72d1ea9a28f1ab357fe974c47b1e3eda1,true,true
configs/training/ppo/ablations/expert_ppo_issue_791_reward_curriculum_promotion_128k_v2.yaml,9ab133da6667ab3fe6de0c0fe7103270c2bd60632c60f538835c0a1ed3e29c0e,9ab133da6667ab3fe6de0c0fe7103270c2bd60632c60f538835c0a1ed3e29c0e,true,true
configs/training/ppo/ablations/expert_ppo_issue_791_reward_curriculum_promotion_256k.yaml,6496c77567c6e01a4e74a07e5e4837492face4c9c4995efb592a9aa95fed61f6,6496c77567c6e01a4e74a07e5e4837492face4c9c4995efb592a9aa95fed61f6,true,true
configs/training/ppo/ablations/expert_ppo_issue_791_reward_curriculum_promotion_3m_env22_eval_aligned_base.yaml,4f897408dfcf9067a6219d6770989cc118497dd0d01f7b8a4e170216969a5859,4f897408dfcf9067a6219d6770989cc118497dd0d01f7b8a4e170216969a5859,true,true
configs/training/ppo/ablations/expert_ppo_issue_791_reward_curriculum_promotion_3m_env22_eval_aligned_seed1337.yaml,4664a4e0a4cb86b9868023c2763f325d859b8f9a5f7a99d2dfe9975446847e7b,4664a4e0a4cb86b9868023c2763f325d859b8f9a5f7a99d2dfe9975446847e7b,true,true
configs/training/ppo/ablations/expert_ppo_issue_791_reward_curriculum_promotion_3m_env22_eval_aligned_seed231.yaml,26b6e249d39aaec502f71a3a6be5b249c1febb529aa3e67edd299f737c6facf8,26b6e249d39aaec502f71a3a6be5b249c1febb529aa3e67edd299f737c6facf8,true,true
configs/training/ppo/ablations/expert_ppo_issue_791_reward_curriculum_promotion_3m_env22_eval_aligned_seed992.yaml,2bd76005970308581cd799e281df035ad010a34097b61e322b2022b02861dee3,2bd76005970308581cd799e281df035ad010a34097b61e322b2022b02861dee3,true,true
configs/training/ppo/ablations/expert_ppo_issue_791_reward_curriculum_promotion_base.yaml,07de7f419044ab36ce9699c20a54963a2c238c2824b2c342d96cb07e7e6ff326,07de7f419044ab36ce9699c20a54963a2c238c2824b2c342d96cb07e7e6ff326,true,true
configs/training/ppo/ablations/expert_ppo_issue_791_reward_curriculum_stage1.yaml,0ca0a5592bed86c1103982089babc3f6625198749fe1f78a1360437de572a314,0ca0a5592bed86c1103982089babc3f6625198749fe1f78a1360437de572a314,true,true
configs/training/ppo/ablations/expert_ppo_issue_791_reward_curriculum_v2_base.yaml,a4c06a618a14a1fd01a4aeed2faac99ddc9a5a1d7775ded1595cff872082c94a,a4c06a618a14a1fd01a4aeed2faac99ddc9a5a1d7775ded1595cff872082c94a,true,true
configs/training/ppo/ablations/expert_ppo_issue_791_stage1_base.yaml,92f1c8e234993684cf84257c818871822fb86cbdc66d2a6113728fb48de5dc3a,92f1c8e234993684cf84257c818871822fb86cbdc66d2a6113728fb48de5dc3a,true,true
configs/training/ppo/ablations/expert_ppo_release_contract_a_seed1001.yaml,1400f44158d4b5c2d9d833c4ce1419caf1ce52cf61024dcfe838685ff2e5c203,1400f44158d4b5c2d9d833c4ce1419caf1ce52cf61024dcfe838685ff2e5c203,true,true
configs/training/ppo/ablations/expert_ppo_release_contract_a_seed1002.yaml,53b6abd4b3f8756fea02dffe0b0b531a77cc8adb6f46547d54515056eba19385,53b6abd4b3f8756fea02dffe0b0b531a77cc8adb6f46547d54515056eba19385,true,true
configs/training/ppo/ablations/issue_4018_density_curriculum_smoke.yaml,8e5513a3ae0d5cf8479cddbd975fc6c6ffc29eedccbe417522df899d69c5576c,8e5513a3ae0d5cf8479cddbd975fc6c6ffc29eedccbe417522df899d69c5576c,true,true
configs/training/ppo/ablations/issue_4018_fixed_density_smoke.yaml,cc6ed287aada33bbc6f9797003ab3d0678311c242d9b0824b5a771d79e9dd088,cc6ed287aada33bbc6f9797003ab3d0678311c242d9b0824b5a771d79e9dd088,true,true
configs/training/ppo/ablations/issue_4018_smoke_base.yaml,5ca21ef1e39a8fec179dd28824e749eefa209d36287a0536395ac026f3ee8a00,5ca21ef1e39a8fec179dd28824e749eefa209d36287a0536395ac026f3ee8a00,true,true
configs/training/ppo/ablations/issue_7316_parametric_curriculum_smoke.yaml,ff716727766f34ba8a077ae2827f0268b080a7245dfcf7d57dcfa20c2b96e481,ff716727766f34ba8a077ae2827f0268b080a7245dfcf7d57dcfa20c2b96e481,true,true
configs/training/ppo/ablations/single_factor/README.md,7fcc95dba1897842c93e0a5df1f6885a3722617df5fd30149159279ff13e28ae,7fcc95dba1897842c93e0a5df1f6885a3722617df5fd30149159279ff13e28ae,true,true
configs/training/ppo/ablations/single_factor/asymmetric_critic_only_10m_env22_seed123.yaml,d213cf07578b23f2e4f6e2d7b392b36b90d0b667915bbec456244de438fbfd5a,d213cf07578b23f2e4f6e2d7b392b36b90d0b667915bbec456244de438fbfd5a,true,true
configs/training/ppo/ablations/single_factor/asymmetric_critic_only_10m_env22_seed1337.yaml,b01927a86df8b26e71a70b304dd52f99118a0e25c0d100cfe946dcc5884e94e4,b01927a86df8b26e71a70b304dd52f99118a0e25c0d100cfe946dcc5884e94e4,true,true
configs/training/ppo/ablations/single_factor/asymmetric_critic_only_10m_env22_seed231.yaml,892c8e5af4ef500c0d03dd21cc7f27ef42af5c6aae0ec83772f8030f69a2cf24,892c8e5af4ef500c0d03dd21cc7f27ef42af5c6aae0ec83772f8030f69a2cf24,true,true
configs/training/ppo/ablations/single_factor/asymmetric_critic_only_1m_env22_seed123.yaml,4847f02b6a5625286a11dc4440a122f69d77b5c9a48624021eeff319cd49447e,4847f02b6a5625286a11dc4440a122f69d77b5c9a48624021eeff319cd49447e,true,true
configs/training/ppo/ablations/single_factor/asymmetric_critic_only_1m_env22_seed1337.yaml,525622fb8bb63e9418a8d0dfa6f2cf945581fd5f8ba3db824b2ac45b7e8e9c3b,525622fb8bb63e9418a8d0dfa6f2cf945581fd5f8ba3db824b2ac45b7e8e9c3b,true,true
configs/training/ppo/ablations/single_factor/asymmetric_critic_only_1m_env22_seed231.yaml,f366f02304d34662ff21056d056c27607bfab0857702220bc730a9fd89c21641,f366f02304d34662ff21056d056c27607bfab0857702220bc730a9fd89c21641,true,true
configs/training/ppo/ablations/single_factor/asymmetric_critic_only_base.yaml,5a0e400d1c9c7f31288fa6d11d680950178f71989a610724539d9914d333c325,5a0e400d1c9c7f31288fa6d11d680950178f71989a610724539d9914d333c325,true,true
configs/training/ppo/ablations/single_factor/attention_only_10m_env22_seed123.yaml,854afb5511e3f7019535bda08cc99ffd0fd6a65ad8db3ca223e31d9ee7755def,854afb5511e3f7019535bda08cc99ffd0fd6a65ad8db3ca223e31d9ee7755def,true,true
configs/training/ppo/ablations/single_factor/attention_only_10m_env22_seed1337.yaml,abe9a4249906f0264113d7d6b36e9e166f776d0c8d749c94db6adb4896719fa6,abe9a4249906f0264113d7d6b36e9e166f776d0c8d749c94db6adb4896719fa6,true,true
configs/training/ppo/ablations/single_factor/attention_only_10m_env22_seed231.yaml,c6188fc09446f3a668377d67a224f30cc08f8314d213bbd4c50a66018263da10,c6188fc09446f3a668377d67a224f30cc08f8314d213bbd4c50a66018263da10,true,true
configs/training/ppo/ablations/single_factor/attention_only_1m_env22_seed123.yaml,7dba313cb956dbdd7268240c69ce18b0e572e94b495eed217eb6d8685abce8d7,7dba313cb956dbdd7268240c69ce18b0e572e94b495eed217eb6d8685abce8d7,true,true
configs/training/ppo/ablations/single_factor/attention_only_1m_env22_seed1337.yaml,199dd2d23a3d5c5c4369be689d7af8817ab445207d5b346848223c492372e927,199dd2d23a3d5c5c4369be689d7af8817ab445207d5b346848223c492372e927,true,true
configs/training/ppo/ablations/single_factor/attention_only_1m_env22_seed231.yaml,6b01b01445cc743d90360d6ff882d3d885422cfaaa5762879d7bd6c4d969d2fe,6b01b01445cc743d90360d6ff882d3d885422cfaaa5762879d7bd6c4d969d2fe,true,true
configs/training/ppo/ablations/single_factor/attention_only_base.yaml,4d2d368c47b87a4b04c7552b071470baf3443564a28e009952adac43bc922ae0,4d2d368c47b87a4b04c7552b071470baf3443564a28e009952adac43bc922ae0,true,true
configs/training/ppo/ablations/single_factor/reward_curriculum_only_10m_env22_seed123.yaml,babae6ce0fb21db8258e9663c3e8822b9fb12cc2208b240d439b8537f51de3a8,babae6ce0fb21db8258e9663c3e8822b9fb12cc2208b240d439b8537f51de3a8,true,true
configs/training/ppo/ablations/single_factor/reward_curriculum_only_10m_env22_seed1337.yaml,da658a4e25dfbd9af9e86edf9b8b06ee2d4f0d2f8cbca0820684ad10ecfa8e28,da658a4e25dfbd9af9e86edf9b8b06ee2d4f0d2f8cbca0820684ad10ecfa8e28,true,true
configs/training/ppo/ablations/single_factor/reward_curriculum_only_10m_env22_seed231.yaml,74cd802bc764486d5bf0b84ee8f364a2e8470ddc52965c081fa4b9c2d2102b6b,74cd802bc764486d5bf0b84ee8f364a2e8470ddc52965c081fa4b9c2d2102b6b,true,true
configs/training/ppo/ablations/single_factor/reward_curriculum_only_1m_env22_seed123.yaml,07142e72de95739aa5168fb10db57fae6b93ab066da8c9b72211a676f06f0b9f,07142e72de95739aa5168fb10db57fae6b93ab066da8c9b72211a676f06f0b9f,true,true
configs/training/ppo/ablations/single_factor/reward_curriculum_only_1m_env22_seed1337.yaml,d0ff3e67ce8e51ae3f348d15ecb8702e7ed89d92fb7d24bef8e0683eb3ee1869,d0ff3e67ce8e51ae3f348d15ecb8702e7ed89d92fb7d24bef8e0683eb3ee1869,true,true
configs/training/ppo/ablations/single_factor/reward_curriculum_only_1m_env22_seed231.yaml,f1dfd06cc8f5ef2c5eab3885e190218b5adec48fb6e923152bade47e7c09583b,f1dfd06cc8f5ef2c5eab3885e190218b5adec48fb6e923152bade47e7c09583b,true,true
configs/training/ppo/ablations/single_factor/reward_curriculum_only_base.yaml,9cf7ba92189ab9732f8605c1edb68c19562efd79b3abd1b6b78adf6a14a855b6,9cf7ba92189ab9732f8605c1edb68c19562efd79b3abd1b6b78adf6a14a855b6,true,true
configs/training/ppo/benchmark_num_envs/README.md,865300ee9b224345818b25c78146687236c72d45fe48af571a990db0d2e220e3,865300ee9b224345818b25c78146687236c72d45fe48af571a990db0d2e220e3,true,true
configs/training/ppo/benchmark_num_envs/expert_ppo_issue_576_br06_v8_num_envs_benchmark_08_1m.yaml,1f2891c80f5b64b3d498d4ac5c5c50f5fd3254fb8275a4adb5136b31b4fced23,1f2891c80f5b64b3d498d4ac5c5c50f5fd3254fb8275a4adb5136b31b4fced23,true,true
configs/training/ppo/benchmark_num_envs/expert_ppo_issue_576_br06_v8_num_envs_benchmark_14_1m.yaml,ed4a5f0254092106a4d6aed6d781e4ae2c3d6f0bb38a13efc80b1f8c145fe503,ed4a5f0254092106a4d6aed6d781e4ae2c3d6f0bb38a13efc80b1f8c145fe503,true,true
configs/training/ppo/benchmark_num_envs/expert_ppo_issue_576_br06_v8_num_envs_benchmark_16_1m.yaml,a2da5f57bc360ec0393e1261daf810fdd994819b361b8a07f4183d268c5b91b6,a2da5f57bc360ec0393e1261daf810fdd994819b361b8a07f4183d268c5b91b6,true,true
configs/training/ppo/benchmark_num_envs/expert_ppo_issue_576_br06_v8_num_envs_benchmark_30_1m.yaml,d8b8c73a09eae57c3bde9cb61f510ab0166de38a8f5a29bdef33b8f2606aa9b6,d8b8c73a09eae57c3bde9cb61f510ab0166de38a8f5a29bdef33b8f2606aa9b6,true,true
configs/training/ppo/benchmark_num_envs/expert_ppo_issue_576_br06_v8_num_envs_benchmark_32_1m.yaml,87b1ec5b6bbd4538d9ced986daba4127635183c885c1df8047cb05e8762b6cc4,87b1ec5b6bbd4538d9ced986daba4127635183c885c1df8047cb05e8762b6cc4,true,true
configs/training/ppo/benchmark_num_envs/expert_ppo_issue_576_br06_v8_num_envs_benchmark_base_1m.yaml,5b6bc249318e61fb47cd7540a369325d6929d6a6a68ab014762bb5f5f228d09e,5b6bc249318e61fb47cd7540a369325d6929d6a6a68ab014762bb5f5f228d09e,true,true
configs/training/ppo/expert_ppo_issue_576_br06_base.yaml,5d1a65b83f8fd183c76ed0587bb4c3a921bbe09a6ba9cc736bfc660c93b09fdc,5d1a65b83f8fd183c76ed0587bb4c3a921bbe09a6ba9cc736bfc660c93b09fdc,true,true
configs/training/ppo/expert_ppo_issue_576_br06_predictive_sub_base.yaml,1be194491803c57ff030c175239c655131c289e584a3265f1c1d1812f3696a68,1be194491803c57ff030c175239c655131c289e584a3265f1c1d1812f3696a68,true,true
configs/training/ppo/expert_ppo_issue_576_br06_v10_predictive_foresight_success_priority_policy_analysis_select.yaml,7a86fb56e1a4d52eae65f103daf6959d70c458731f6b72785d9e0a3f83dc8507,7a86fb56e1a4d52eae65f103daf6959d70c458731f6b72785d9e0a3f83dc8507,true,true
configs/training/ppo/expert_ppo_issue_576_br06_v2_15m_all_maps.yaml,2a31de3e9992ee4698d0f09b276e4d3e7eb37cf344bfdb0ec79f5e6898ac95cf,2a31de3e9992ee4698d0f09b276e4d3e7eb37cf344bfdb0ec79f5e6898ac95cf,true,true
configs/training/ppo/expert_ppo_issue_576_br06_v2_15m_all_maps_randomized.yaml,82be025c43e35c4dfb4d104c58181d71596f2d493d7a250d36534bfdbb5257dc,82be025c43e35c4dfb4d104c58181d71596f2d493d7a250d36534bfdbb5257dc,true,true
configs/training/ppo/expert_ppo_issue_576_br06_v2_sanity_500k_all_maps.yaml,c07bff3c2f865b5c8d74da69c0547788d67b295c3c09e806820cf60b5a607593,c07bff3c2f865b5c8d74da69c0547788d67b295c3c09e806820cf60b5a607593,true,true
configs/training/ppo/expert_ppo_issue_576_br06_v3_15m_all_maps_randomized.yaml,90c29865a801c642253bb85b2eee225e61ae26d90979c362fabf431a08cea4d7,90c29865a801c642253bb85b2eee225e61ae26d90979c362fabf431a08cea4d7,true,true
configs/training/ppo/expert_ppo_issue_576_br06_v4_overnight_safety_warmstart.yaml,cfe647330e08e57c36843869a6cf3fe26d12b36230c71da591e0584dcbbc8f30,cfe647330e08e57c36843869a6cf3fe26d12b36230c71da591e0584dcbbc8f30,true,true
configs/training/ppo/expert_ppo_issue_576_br06_v4_validation_120k.yaml,3fe2038c2fdb7f18db587c6a9830b029a0e7516118412291c0275ee1cf9111fa,3fe2038c2fdb7f18db587c6a9830b029a0e7516118412291c0275ee1cf9111fa,true,true
configs/training/ppo/expert_ppo_issue_576_br06_v5_predictive_foresight.yaml,de1700a08555b9cffad5333c2bcd0cf56f5a55adcf1e812e55d1e9813364255f,de1700a08555b9cffad5333c2bcd0cf56f5a55adcf1e812e55d1e9813364255f,true,true
configs/training/ppo/expert_ppo_issue_576_br06_v6_predictive_foresight_success_aligned.yaml,beac75ac9040797effbdb96fe0bf89032b12fb8846aa44f30ee18d3411f76c12,beac75ac9040797effbdb96fe0bf89032b12fb8846aa44f30ee18d3411f76c12,true,true
configs/training/ppo/expert_ppo_issue_576_br06_v6_predictive_foresight_success_aligned_auto_envs.yaml,ad208252c4309011bcb6aa40219e576470f1284819fd3ea0f106ad44079e8c58,ad208252c4309011bcb6aa40219e576470f1284819fd3ea0f106ad44079e8c58,true,true
configs/training/ppo/expert_ppo_issue_576_br06_v7_predictive_foresight_xl_ego_success_aligned.yaml,a4774860787cff1faea302a8279036f496c93bba17f81ece5c433462c149b2e2,a4774860787cff1faea302a8279036f496c93bba17f81ece5c433462c149b2e2,true,true
configs/training/ppo/expert_ppo_issue_576_br06_v7_predictive_foresight_xl_ego_success_aligned_auto_envs.yaml,cbcd98a7b16761dcefd441aa3fdd58b9828be2c9b427b95ac61ce6f39dcf6265,cbcd98a7b16761dcefd441aa3fdd58b9828be2c9b427b95ac61ce6f39dcf6265,true,true
configs/training/ppo/expert_ppo_issue_576_br06_v8_predictive_foresight_success_priority.yaml,c91ff18f6cde3f58ef645da7af341aa11a60f8222260351338742fc522ecf471,c91ff18f6cde3f58ef645da7af341aa11a60f8222260351338742fc522ecf471,true,true
configs/training/ppo/expert_ppo_issue_576_br06_v9_predictive_foresight_xl_ego_success_priority.yaml,e66494253417260c1f44d17ac53fe80c124677150c140e75a1359eb18512a507,e66494253417260c1f44d17ac53fe80c124677150c140e75a1359eb18512a507,true,true
configs/training/ppo/expert_ppo_issue_576_br06_v9_predictive_foresight_xl_ego_success_priority_auto_envs.yaml,25f748e059e2c81a2efcaf2dbda65e6e7a86ed5366d6be965bb7dba430b18cec,25f748e059e2c81a2efcaf2dbda65e6e7a86ed5366d6be965bb7dba430b18cec,true,true
configs/training/ppo/expert_ppo_issue_708_br06_v11_predictive_foresight_success_priority_from_scratch.yaml,5cc98430897f547967d129a73e12c2c9b85635a843aff05f5fba295c492afbb7,5cc98430897f547967d129a73e12c2c9b85635a843aff05f5fba295c492afbb7,true,true
configs/training/ppo/expert_ppo_issue_739_12m_baseline_retrain.yaml,5ccd73c09cffa91f5cf92ecd855257f6f779b5f2964a85527b6eb5622e09269f,5ccd73c09cffa91f5cf92ecd855257f6f779b5f2964a85527b6eb5622e09269f,true,true
configs/training/ppo/expert_ppo_release_contract_b_seed1001.yaml,aaf6b6e2c55047116745704f88f188a982acdcd7c795136b1a8e4c41dc143fb9,aaf6b6e2c55047116745704f88f188a982acdcd7c795136b1a8e4c41dc143fb9,true,true
configs/training/ppo/expert_ppo_release_contract_b_seed1002.yaml,541d7a07b97165bafb40aac0a16e11fe7bd935f7a2c7113a73c34f8d716bb108,541d7a07b97165bafb40aac0a16e11fe7bd935f7a2c7113a73c34f8d716bb108,true,true
configs/training/ppo/feature_extractor_candidates_12m_issue193.yaml,990f90f451b893abe4217d656149982dfae49d25d14f372e5775fa47aea0bda9,990f90f451b893abe4217d656149982dfae49d25d14f372e5775fa47aea0bda9,true,true
configs/training/ppo/feature_extractor_sweep_base.yaml,18922c8ee3e877a9835205312e0d21d7af1a86dd661126910ae9acc6b230bb27,18922c8ee3e877a9835205312e0d21d7af1a86dd661126910ae9acc6b230bb27,true,true
configs/training/ppo/feature_extractor_sweep_dyn_large_med_safety_v3.yaml,5c35f2f3490a9378d308e6c1a05809c675307dd43a9730b3666a1431555728b5,5c35f2f3490a9378d308e6c1a05809c675307dd43a9730b3666a1431555728b5,true,true
configs/training/ppo/issue_4014_ppo_lstm_recurrent_smoke.yaml,0849adda83d502be6f65ad92a0937f972d8cb421a8f966064b4e53271d566581,0849adda83d502be6f65ad92a0937f972d8cb421a8f966064b4e53271d566581,true,true
configs/training/ppo/issue_4014_ppo_mamba_smoke.yaml,2875c2fd1ad963c799edd0dc60cfa69ee3bcd4e7271a20a5bf60e70f33473dec,2875c2fd1ad963c799edd0dc60cfa69ee3bcd4e7271a20a5bf60e70f33473dec,true,true
configs/training/ppo/issue_4014_ppo_mamba_smoke_matched.yaml,f48dd46a1c2e1a6134d576831c888efb0a44a33518743d5c4b09f2deba7e9692,f48dd46a1c2e1a6134d576831c888efb0a44a33518743d5c4b09f2deba7e9692,true,true
configs/training/ppo/issue_4014_ppo_smoke_base.yaml,3806fb3a3afc1a08abeeac309cc47e47e62bc13cc52193c38f5e7d72ca4106d2,3806fb3a3afc1a08abeeac309cc47e47e62bc13cc52193c38f5e7d72ca4106d2,true,true
configs/training/ppo/issue_4014_ppo_smoke_matched.yaml,117185e82ef2665d437b981c96a0de3eefd0ae4a145622669e21939276994715,117185e82ef2665d437b981c96a0de3eefd0ae4a145622669e21939276994715,true,true
configs/training/ppo/issue_4014_recurrent_ppo_lstm_base.yaml,13af335cb6f21adc054ec417afc20d94901809bbb1b35911f4e51d24124bd510,13af335cb6f21adc054ec417afc20d94901809bbb1b35911f4e51d24124bd510,true,true
configs/training/ppo/issue_4014_recurrent_ppo_lstm_smoke_matched.yaml,040834e4eaef43efc6cd26a6d35c85e7a3f0c27d58a8f1f59ad31d0433200ec8,040834e4eaef43efc6cd26a6d35c85e7a3f0c27d58a8f1f59ad31d0433200ec8,true,true
configs/training/ppo/issue_4017_constrained_rl_smoke_base.yaml,b9de951fe4bbd0f1c358d6b2a4b30204639e8997eab26508383e624e321337a6,b9de951fe4bbd0f1c358d6b2a4b30204639e8997eab26508383e624e321337a6,true,true
configs/training/ppo/issue_4017_constrained_smoke.yaml,e5ac02ecd2d4cdeaf2c8a052f7879c737c716c196252bdefa4fb1f2a4d84954e,e5ac02ecd2d4cdeaf2c8a052f7879c737c716c196252bdefa4fb1f2a4d84954e,true,true
configs/training/ppo/issue_4017_unconstrained_smoke.yaml,16c22c0ef97674aae71157e552042371f889d8389ce3b6e55d17828b86aca9e1,16c22c0ef97674aae71157e552042371f889d8389ce3b6e55d17828b86aca9e1,true,true
configs/training/ppo/issue_4982_multi_map_train_test_protocol.yaml,55f1a1d6d32bf8c0d1373e0bc22be345c0c844a024700fbd102688147866313a,55f1a1d6d32bf8c0d1373e0bc22be345c0c844a024700fbd102688147866313a,true,true
configs/training/ppo/issue_7849_ppo_full_v1.yaml,9f74f7a99830c6ba9c576bb0d78db60a17d69a9fc2d861f35dbde1d7fa6dca2e,9f74f7a99830c6ba9c576bb0d78db60a17d69a9fc2d861f35dbde1d7fa6dca2e,true,true
configs/training/ppo/issue_7849_ppo_full_v2.yaml,f83d66ded3a22b2f5e7c2fa8fe894b663769e49586ca42d47cd8f41abfb74103,f83d66ded3a22b2f5e7c2fa8fe894b663769e49586ca42d47cd8f41abfb74103,true,true
configs/training/ppo/issue_7849_ppo_gate1_canary_v1.yaml,e27c5ee24c066e56aa787fa278e08a8befaf4f941b5876e794d6f30b010c50fa,e27c5ee24c066e56aa787fa278e08a8befaf4f941b5876e794d6f30b010c50fa,true,true
configs/training/ppo/issue_7849_ppo_gate1_canary_v2.yaml,a151561ed17afa59ec870e687a6015aad8718a8847aba33f99aacbd0bd659f24,a151561ed17afa59ec870e687a6015aad8718a8847aba33f99aacbd0bd659f24,true,true
configs/training/ppo/issue_7849_recurrent_ppo_full_v1.yaml,2602223fd6e08c84ab50e92af1b54662d68a06f7427753773846c5cd5c6aa5d8,2602223fd6e08c84ab50e92af1b54662d68a06f7427753773846c5cd5c6aa5d8,true,true
configs/training/ppo/issue_7849_recurrent_ppo_full_v2.yaml,7d1de6452d47a88b2b40fec39ced8017cee37fb23bb17138c87b2cef9d4ca865,7d1de6452d47a88b2b40fec39ced8017cee37fb23bb17138c87b2cef9d4ca865,true,true
configs/training/ppo/issue_7849_recurrent_ppo_gate1_canary_v1.yaml,0ff090b58a0db47c31446200ff724f932e2c3a78c9167b772d6b3d8f62714f90,0ff090b58a0db47c31446200ff724f932e2c3a78c9167b772d6b3d8f62714f90,true,true
configs/training/ppo/issue_7849_recurrent_ppo_gate1_canary_v2.yaml,0ebb99246b388575887f7ac0479d089778e69b1d5872b55a51cf2b9bb19a5f0d,0ebb99246b388575887f7ac0479d089778e69b1d5872b55a51cf2b9bb19a5f0d,true,true
configs/training/ppo/ppo_release_contract_dev_eval_seeds.yaml,0d72a61fa4dc0a1ababdd1799d74e3b05dbe7cf4b94a72604d2c3c4c458eab79,0d72a61fa4dc0a1ababdd1799d74e3b05dbe7cf4b94a72604d2c3c4c458eab79,true,true
configs/training/ppo_curriculum_issue_3068_launch_packet.yaml,9853eeb2b7ce7c288d0ec80bcad8d6a28154256e8b10d5614a41d2e1aaf4ac68,9853eeb2b7ce7c288d0ec80bcad8d6a28154256e8b10d5614a41d2e1aaf4ac68,true,true
configs/training/ppo_imitation/README.md,658ee440bddbf17e4f50532de7a3116c4b732fe3da6ff189630a9cae0306731b,658ee440bddbf17e4f50532de7a3116c4b732fe3da6ff189630a9cae0306731b,true,true
configs/training/ppo_imitation/bc_pretrain.yaml,fa2d6bb29bc1fdc90809436375906d391063bc20d67e133d29bcf87e366d23e2,fa2d6bb29bc1fdc90809436375906d391063bc20d67e133d29bcf87e366d23e2,true,true
configs/training/ppo_imitation/bc_pretrain_issue_1496_comparison.yaml,7a866235acdf36a628c4327964edb6f8749756ba2d0851848fb3d2c46540b06d,7a866235acdf36a628c4327964edb6f8749756ba2d0851848fb3d2c46540b06d,true,true
configs/training/ppo_imitation/bc_pretrain_issue_749_v10_warm_start.yaml,a54fe28ec26f1e0b4009caeced530071ebfb2a22908845c6de47476b425271f2,a54fe28ec26f1e0b4009caeced530071ebfb2a22908845c6de47476b425271f2,true,true
configs/training/ppo_imitation/expert_ppo.yaml,086aad00ee3a6f731aba1e6978fa7f30461f5999e3130d55a485e02737155b28,086aad00ee3a6f731aba1e6978fa7f30461f5999e3130d55a485e02737155b28,true,true
configs/training/ppo_imitation/expert_ppo_issue_403_grid.yaml,9b1bb11fae34a57897841b106b3aa3bb7be4d30d76ae5f292103fe1387f97db3,9b1bb11fae34a57897841b106b3aa3bb7be4d30d76ae5f292103fe1387f97db3,true,true
configs/training/ppo_imitation/expert_ppo_issue_403_grid_base.yaml,0d74831e29d4b8a40dc0592b226df8f1584f68c2acc3a8cdd5f0a17fd54fe6c9,0d74831e29d4b8a40dc0592b226df8f1584f68c2acc3a8cdd5f0a17fd54fe6c9,true,true
configs/training/ppo_imitation/expert_ppo_issue_403_grid_diffdrive.yaml,a38f3e0a4ae7852c730c37aea29edf1cdbfb33c2a457a06d745c66ca98bbcd41,a38f3e0a4ae7852c730c37aea29edf1cdbfb33c2a457a06d745c66ca98bbcd41,true,true
configs/training/ppo_imitation/expert_ppo_issue_403_grid_diffdrive_reverse.yaml,1483c82274fad823e15e29597a7ce153ecd4eeee40bfc6c7d61adaf7c7cc862f,1483c82274fad823e15e29597a7ce153ecd4eeee40bfc6c7d61adaf7c7cc862f,true,true
configs/training/ppo_imitation/expert_ppo_issue_403_grid_diffdrive_reverse_no_holdout_15m.yaml,a3c270428daacd0b0843f9b79a7137ad53c57ba068cdab27799f440712a8648b,a3c270428daacd0b0843f9b79a7137ad53c57ba068cdab27799f440712a8648b,true,true
configs/training/ppo_imitation/expert_ppo_issue_403_grid_diffdrive_reverse_no_holdout_15m_random.yaml,de412f4228a36c4d996770a88370584ff93cfa9175b05356c3dddb4a35742490,de412f4228a36c4d996770a88370584ff93cfa9175b05356c3dddb4a35742490,true,true
configs/training/ppo_imitation/expert_ppo_issue_403_grid_radius_0_6.yaml,5c3964d89259a03634ac13c658c54c92129daa735b9cef316bf58e6a0b11797c,5c3964d89259a03634ac13c658c54c92129daa735b9cef316bf58e6a0b11797c,true,true
configs/training/ppo_imitation/optuna_expert_ppo.yaml,3ab7eea765b7a96bd7d0ebd423c9a3007688dd0d07c75645ce755a9b1aef35b6,3ab7eea765b7a96bd7d0ebd423c9a3007688dd0d07c75645ce755a9b1aef35b6,true,true
configs/training/ppo_imitation/optuna_expert_ppo_issue_4019_demo.yaml,ee6f53b3e8b5d6f7d79d2653531217c3dd3e4e3999bde06a366007dc01c290e7,ee6f53b3e8b5d6f7d79d2653531217c3dd3e4e3999bde06a366007dc01c290e7,true,true
configs/training/ppo_imitation/oracle_balanced_collection_example.yaml,833e899535ecc6cf42a47512b2bb61e472480ca5fb842c49afe06c8993575c19,833e899535ecc6cf42a47512b2bb61e472480ca5fb842c49afe06c8993575c19,true,true
configs/training/ppo_imitation/oracle_dataset_issue_1397_launch_packet.yaml,7c159de422b231e9816ea8f230e6e8a9d7b30a1decfc8be572a22eb4ccc2a0bc,7c159de422b231e9816ea8f230e6e8a9d7b30a1decfc8be572a22eb4ccc2a0bc,true,true
configs/training/ppo_imitation/oracle_dataset_issue_6127_balanced_launch_packet.yaml,e94840abaffaec0f48a1c8338b809874b89364bd55eb7519b949da8c4c30592a,e94840abaffaec0f48a1c8338b809874b89364bd55eb7519b949da8c4c30592a,true,true
configs/training/ppo_imitation/oracle_imitation_comparison_issue_1496.yaml,04f67da622338259f32b620b892e6da47f83f4d0fff832067ec869ade6766371,04f67da622338259f32b620b892e6da47f83f4d0fff832067ec869ade6766371,true,true
configs/training/ppo_imitation/oracle_imitation_consumer_manifest_issue_1496.yaml,f623d27b77fecf2f7148c794b1dd3f9f48ad17eaf65e2450adb1d5d6f872fd45,f623d27b77fecf2f7148c794b1dd3f9f48ad17eaf65e2450adb1d5d6f872fd45,true,true
configs/training/ppo_imitation/oracle_trace_uri_registry_example.yaml,327e07ea7ae32f7b0ae56a8191df7741bdbb7a9d4ee59007221334765bca9045,327e07ea7ae32f7b0ae56a8191df7741bdbb7a9d4ee59007221334765bca9045,true,true
configs/training/ppo_imitation/oracle_trace_uri_registry_issue_1470.yaml,dc7df249fb0ac03b3479638b057059c47b562f946c596bee99a9d77e7897c402,dc7df249fb0ac03b3479638b057059c47b562f946c596bee99a9d77e7897c402,true,true
configs/training/ppo_imitation/oracle_trace_uri_registry_issue_1496_collection.yaml,0c5927fef157a131cd8aeacf60aa4d66120ce1278d5cf5904b24649771140b0e,0c5927fef157a131cd8aeacf60aa4d66120ce1278d5cf5904b24649771140b0e,true,true
configs/training/ppo_imitation/oracle_warm_start_readiness_issue_1496.yaml,d68f81d384139a5d8b6df2b259ca60d4787464506b5ceae30e76fd49e7c10969,d68f81d384139a5d8b6df2b259ca60d4787464506b5ceae30e76fd49e7c10969,true,true
configs/training/ppo_imitation/ppo_finetune.yaml,16d38dfd676fcc2fc7d9241103ce1d5dbecd277dcb6ed17a7f221d452e507d6f,16d38dfd676fcc2fc7d9241103ce1d5dbecd277dcb6ed17a7f221d452e507d6f,true,true
configs/training/ppo_imitation/ppo_finetune_issue_1496_comparison.yaml,a63d95a54211c75c0312604586250be269d2c6dc7d5e0d487c3db61df9e9206f,a63d95a54211c75c0312604586250be269d2c6dc7d5e0d487c3db61df9e9206f,true,true
configs/training/ppo_imitation/ppo_finetune_issue_1977_bc_warm_start_rerun.yaml,7623bf20ca5873217fe021546a5c6dc36d37dfaa895ac290cf76ccf022a64ee7,7623bf20ca5873217fe021546a5c6dc36d37dfaa895ac290cf76ccf022a64ee7,true,true
configs/training/ppo_imitation/ppo_finetune_issue_749_v10_warm_start.yaml,6420df2c83b8766dccd788f4d0dabed58cedc3f3120480e3342f207a4615e229,6420df2c83b8766dccd788f4d0dabed58cedc3f3120480e3342f207a4615e229,true,true
configs/training/ppo_imitation/ppo_finetune_issue_749_warm_start_base.yaml,5b5acac13eb92c99123690fadf17421a0ded0cafb2d1d6bd3cba98d10192e4b2,5b5acac13eb92c99123690fadf17421a0ded0cafb2d1d6bd3cba98d10192e4b2,true,true
configs/training/predictive/predictive_br07_all_maps_randomized.yaml,1635fe10709525d2a0555a42174fcb748a1285ca22f4d2532d15b7e7c4b0faa3,1635fe10709525d2a0555a42174fcb748a1285ca22f4d2532d15b7e7c4b0faa3,true,true
configs/training/predictive/predictive_br07_all_maps_randomized_full.yaml,182facb7440c36e1e5f4dfafb7ad7ba9a249bfaa1a966d1a2063439d722f00e5,182facb7440c36e1e5f4dfafb7ad7ba9a249bfaa1a966d1a2063439d722f00e5,true,true
configs/training/predictive/predictive_br07_all_maps_randomized_xl.yaml,aa76332732631882fc7b9887e94da6289993dca6fd22ee05a6d8c70aa948d7d4,aa76332732631882fc7b9887e94da6289993dca6fd22ee05a6d8c70aa948d7d4,true,true
configs/training/predictive/predictive_br07_all_maps_randomized_xl_ego.yaml,5ea8b2c4f9f6bee90cebca62f29eecd430ab28bf71ee8ab35fd150f94bd419f2,5ea8b2c4f9f6bee90cebca62f29eecd430ab28bf71ee8ab35fd150f94bd419f2,true,true
configs/training/predictive/predictive_br07_same_seed_issue_1427.yaml,688a81ebd3664846e12b2ba34f2ca13c5c629609fb29861f7691c9172b3b93ff,688a81ebd3664846e12b2ba34f2ca13c5c629609fb29861f7691c9172b3b93ff,true,true
configs/training/predictive/predictive_crossing_conflict_hardcase_mixing_issue_3214.yaml,9abc2664a77bcd4aa2ebffbcb38fbdf95fd6e783f44c9de632ba0c885336cd01,9abc2664a77bcd4aa2ebffbcb38fbdf95fd6e783f44c9de632ba0c885336cd01,true,true
configs/training/predictive/predictive_crossing_conflict_weighted_issue_3254.yaml,775646625038e9d9f7f0ada0570176f5766f150eef90da16de3f64f7759aaf47,775646625038e9d9f7f0ada0570176f5766f150eef90da16de3f64f7759aaf47,true,true
configs/training/predictive/predictive_ego_features_contract_v1.yaml,3c5fd0b06e49bc6937380b15267997f97f6657ca284e22225a2d468dd4f32bde,3c5fd0b06e49bc6937380b15267997f97f6657ca284e22225a2d468dd4f32bde,true,true
configs/training/predictive/predictive_ego_features_same_seed_issue_1504.yaml,b60f181731a287ae514f3f7da3df09f50fa6df2177d2055c13189828469dd39d,b60f181731a287ae514f3f7da3df09f50fa6df2177d2055c13189828469dd39d,true,true
configs/training/predictive/predictive_ego_obstacle_features_same_seed_issue_1504.yaml,2cf4baba04bcbdfccd96b7c0121ac9b564c80643cd432b9c21e41a3df3e45c92,2cf4baba04bcbdfccd96b7c0121ac9b564c80643cd432b9c21e41a3df3e45c92,true,true
configs/training/predictive/predictive_obstacle_features_same_seed_issue_1427.yaml,56b592f0f80c5a2462d9be931ef8991eb24c65ee004776ae7a18ef949bda999e,56b592f0f80c5a2462d9be931ef8991eb24c65ee004776ae7a18ef949bda999e,true,true
configs/training/predictive/predictive_obstacle_features_v1_issue_1167.yaml,77abc125f1c2ef40e0e559a932c356c9c690915a220b12f9839b9c91d9eeb79b,77abc125f1c2ef40e0e559a932c356c9c690915a220b12f9839b9c91d9eeb79b,true,true
configs/training/predictive/predictive_optimization_smoke_issue_7254.yaml,c9d124c935cbc8f0e444ec1e45ffbd6724d787a84883dad641716194064a1942,c9d124c935cbc8f0e444ec1e45ffbd6724d787a84883dad641716194064a1942,true,true
configs/training/predictive/predictive_retraining_readiness_issue_3214.yaml,45580cf0608693d55dc230027a888a32086f850d55693481b76dc917d990eda6,45580cf0608693d55dc230027a888a32086f850d55693481b76dc917d990eda6,true,true
configs/training/predictive/predictive_same_seed_issue_1427_base_seed_manifest.yaml,ca06af9baf5522dde99c2da26cb2a06e8341c97417a3923994d3b6491239953a,ca06af9baf5522dde99c2da26cb2a06e8341c97417a3923994d3b6491239953a,true,true
configs/training/rewards/route_completion_v2.yaml,cf5b406e1ef093dfa509bc3fad980ef078a03b459525ea7c9d9cb406de0fd53f,cf5b406e1ef093dfa509bc3fad980ef078a03b459525ea7c9d9cb406de0fd53f,true,true
configs/training/rewards/route_completion_v3.yaml,78e1fd54b2088badab3d05799a028918a557efcb7c9605c082c8f8fa6a1b6415,78e1fd54b2088badab3d05799a028918a557efcb7c9605c082c8f8fa6a1b6415,true,true
configs/training/rewards/social_quality_v1.yaml,3aa8c2c15e35653b3f04771f7b4bb5e7d215ca900d8fdca3f29d40b1ff9475d5,3aa8c2c15e35653b3f04771f7b4bb5e7d215ca900d8fdca3f29d40b1ff9475d5,true,true
configs/training/rllib_dreamerv3/README.md,8d520a5b376f3b8b49e73c0a833b82cf62d24cc6109ef05845cd3b7d0a69e2e0,8d520a5b376f3b8b49e73c0a833b82cf62d24cc6109ef05845cd3b7d0a69e2e0,true,true
configs/training/rllib_dreamerv3/benchmark_socnav_grid_br08_full.yaml,90ec6554a807ffd585b4e313fc2ca70eaf403487a1568e1194c01bf183f01eb0,90ec6554a807ffd585b4e313fc2ca70eaf403487a1568e1194c01bf183f01eb0,true,true
configs/training/rllib_dreamerv3/benchmark_socnav_grid_br08_full_32x32.yaml,5e64f3f12f8a1e4fc564d9b8bf87e765fd5bcfbffe93ee4c26425792f3d757c4,5e64f3f12f8a1e4fc564d9b8bf87e765fd5bcfbffe93ee4c26425792f3d757c4,true,true
configs/training/rllib_dreamerv3/benchmark_socnav_grid_br08_gate.yaml,9dd4c701c00edab537a006890715ab73f1fb4312cfee9ffa3f0c7f1fbbf33860,9dd4c701c00edab537a006890715ab73f1fb4312cfee9ffa3f0c7f1fbbf33860,true,true
configs/training/rllib_dreamerv3/drive_state_rays.yaml,af6853f9a3940288511cac87f9ddff54d7e839494188665d7b84808767bf1d03,af6853f9a3940288511cac87f9ddff54d7e839494188665d7b84808767bf1d03,true,true
configs/training/rllib_dreamerv3/drive_state_rays_auxme_a30_full.yaml,fdcbe4ad170a675bbd7c7e66e9494e7822f96bb0f017f1e28eb40605080712a4,fdcbe4ad170a675bbd7c7e66e9494e7822f96bb0f017f1e28eb40605080712a4,true,true
configs/training/rllib_dreamerv3/drive_state_rays_br08_full.yaml,44fe9420081564b21fae2edb910f2036c01c2511243385ce4b63897f0188d4d7,44fe9420081564b21fae2edb910f2036c01c2511243385ce4b63897f0188d4d7,true,true
configs/training/rllib_dreamerv3/drive_state_rays_br08_gate.yaml,71cb9e7f979dce6a5b670f9289b6e72f40df622eca03f431a50b9f8dec10bc1f,71cb9e7f979dce6a5b670f9289b6e72f40df622eca03f431a50b9f8dec10bc1f,true,true
configs/training/rllib_dreamerv3/drive_state_rays_br08_stability_probe.yaml,990e9ff0d81d20113e19f4c4487f47ab427e0c3b9c5e022153fc500d9c7e1e96,990e9ff0d81d20113e19f4c4487f47ab427e0c3b9c5e022153fc500d9c7e1e96,true,true
configs/training/sac/full.yaml,c1047fc29794e15ccb3f60acf2ad33a293e6bc2a29868f52c937600fbe785cc7,c1047fc29794e15ccb3f60acf2ad33a293e6bc2a29868f52c937600fbe785cc7,true,true
configs/training/sac/gate.yaml,467cb130f8ddf3090968bc642322c8c1a55179c2858c8cb82dc6d18c654150c6,467cb130f8ddf3090968bc642322c8c1a55179c2858c8cb82dc6d18c654150c6,true,true
configs/training/sac/gate_socnav_struct.yaml,cc4154b7a4967811a6f70a72e403afbeb0807f332c1cb3be8e3a4cbbc42f38b4,cc4154b7a4967811a6f70a72e403afbeb0807f332c1cb3be8e3a4cbbc42f38b4,true,true
configs/training/sac/gate_socnav_struct_ego.yaml,59800e2c8370d47861d35b139302f587186fb4a43da7d7984c6ba0a111b9f794,59800e2c8370d47861d35b139302f587186fb4a43da7d7984c6ba0a111b9f794,true,true
configs/training/sac/gate_socnav_struct_ego_all_random_wandb_v3.yaml,a317134bc18d1b1ccdf431da7cda339418ee9719f787323a33bfe35112b3b33a,a317134bc18d1b1ccdf431da7cda339418ee9719f787323a33bfe35112b3b33a,true,true
configs/training/sac/gate_socnav_struct_ego_curriculum.yaml,1cc0e691e3d5c64ac28c55fcee6d0ac28f49b33f890c8706f2edf573bfe52f60,1cc0e691e3d5c64ac28c55fcee6d0ac28f49b33f890c8706f2edf573bfe52f60,true,true
configs/training/sac/gate_socnav_struct_ego_curriculum_v2.yaml,6d9628198a6c41fc6a35588ad9d3cbc03de8c696f434acb39eb7f1fa32438fc1,6d9628198a6c41fc6a35588ad9d3cbc03de8c696f434acb39eb7f1fa32438fc1,true,true
configs/training/sac/gate_socnav_struct_ego_multi_v1.yaml,0b952d21c4c2a247d7f8e318d00b9f4dc0638714729bf370be8fd64f9c61cb85,0b952d21c4c2a247d7f8e318d00b9f4dc0638714729bf370be8fd64f9c61cb85,true,true
configs/training/sac/gate_socnav_struct_ego_safe_v1.yaml,86f0dadfb15622dab20fc4ad9c007590dfd543c59e422dc984a1d98b5cf0a4f2,86f0dadfb15622dab20fc4ad9c007590dfd543c59e422dc984a1d98b5cf0a4f2,true,true
configs/training/sac/gate_socnav_struct_v2.yaml,3f6f3160b883a0a5f330c249cbfb2b0a143087b324b81c0170ab305865e40043,3f6f3160b883a0a5f330c249cbfb2b0a143087b324b81c0170ab305865e40043,true,true
configs/training/sac/sac_autoresearch_experiments.yaml,94784c865de10de7429d989eb1593dc302df3dff7fcf96f9cbf38034708f4a7b,94784c865de10de7429d989eb1593dc302df3dff7fcf96f9cbf38034708f4a7b,true,true
configs/training/shielded_ppo_issue_1396_launch_packet.yaml,55ce6637f73ada097c7437efe657b549d4ce177893996f616caab9d7f9ed345f,55ce6637f73ada097c7437efe657b549d4ce177893996f616caab9d7f9ed345f,true,true
configs/validation/goal_force_inverse_smoke.yaml,f9f49010058157fda47c497c537dd498ff0add41df0e2f47be0ad43940ca6c06,f9f49010058157fda47c497c537dd498ff0add41df0e2f47be0ad43940ca6c06,true,true
configs/validation/issue_4366_manuscript_asserted_numbers.yaml,d5ea905c1a7cd0f56bffe184cfea66e444fcf9fa3206f2df61e7e8133cef9d9e,d5ea905c1a7cd0f56bffe184cfea66e444fcf9fa3206f2df61e7e8133cef9d9e,true,true
configs/validation/minimal.yaml,650d2b56660f068c7365660045b82a3a17b0f036eb0627814ea452d135a0d3a0,650d2b56660f068c7365660045b82a3a17b0f036eb0627814ea452d135a0d3a0,true,true
configs/validation/public_reference_inventory.yaml,c87823a6dc76c3cfa7f45360ddcfdf9a9a787b2a060cb949d9f8f940b5b1ea9d,c87823a6dc76c3cfa7f45360ddcfdf9a9a787b2a060cb949d9f8f940b5b1ea9d,true,true
fast-pysf/maps/default_map.json,8058841320a516e9758086be64e05ba84171b48969e581b5240528ec12ed168c,8058841320a516e9758086be64e05ba84171b48969e581b5240528ec12ed168c,true,true
fast-pysf/maps/map02.json,7de2ae5f4bf359ecfb2c9558cce9b9a28f6057892cd67ae0a86a2f029d6d4f31,7de2ae5f4bf359ecfb2c9558cce9b9a28f6057892cd67ae0a86a2f029d6d4f31,true,true
fast-pysf/maps/map03.json,e62cd9f41ac9b01d190f188f54799f3635eafcb8386ae076eba84a905cadb06f,e62cd9f41ac9b01d190f188f54799f3635eafcb8386ae076eba84a905cadb06f,true,true
fast-pysf/maps/map04.json,f42ad553788605f1cbbe17cc49f428b52a23deb81ccdc71e0f459379b6432781,f42ad553788605f1cbbe17cc49f428b52a23deb81ccdc71e0f459379b6432781,true,true
fast-pysf/maps/map05_u_around_center.json,3edfe27a3d8cc27585093ad1299a12cf2a26c633dcce9607fb0257e996316f49,3edfe27a3d8cc27585093ad1299a12cf2a26c633dcce9607fb0257e996316f49,true,true
fast-pysf/maps/osm_maps/converted_maps/map3_1350_buildings.svg,cdeaa1da7ddb06cf280acc1227ae3a9dbe3dde96e914a82355e481ff49a436da,cdeaa1da7ddb06cf280acc1227ae3a9dbe3dde96e914a82355e481ff49a436da,true,true
fast-pysf/maps/osm_maps/converted_maps/map3_1350_buildings_inkscape.svg,aa24d28e056a20562f7343fb2b3163fe90ed1f12bfc6187d5b61dc1cf9b446fe,aa24d28e056a20562f7343fb2b3163fe90ed1f12bfc6187d5b61dc1cf9b446fe,true,true
fast-pysf/maps/osm_maps/map3_1350.svg,e6d4714ae6a31dc393dc882f4aee72aafb8802019b9bf7e3772440e24330a59c,e6d4714ae6a31dc393dc882f4aee72aafb8802019b9bf7e3772440e24330a59c,true,true
fast-pysf/maps/osm_maps/map4_5000.svg,c877ca03bac0ebc59db2acb4ef8c7512e6fd1b4324d17b264eb5967b146bf34f,c877ca03bac0ebc59db2acb4ef8c7512e6fd1b4324d17b264eb5967b146bf34f,true,true
maps/imported/ovgu_campus_walk.geojson,aee415388f2c9ce4f646093d237af47fb094895ed24156a457c763b68c437fbd,aee415388f2c9ce4f646093d237af47fb094895ed24156a457c763b68c437fbd,true,true
maps/imported/ovgu_campus_walk.provenance.yaml,f4deb26bc4c0199116fdb7dbbdaa28507812deea7ed90b1063a365c01cc93b5c,f4deb26bc4c0199116fdb7dbbdaa28507812deea7ed90b1063a365c01cc93b5c,true,true
maps/imported/ovgu_campus_walk.yaml,70bce45cd0a3285cc3cc293aaadf2337baa8866c948916135117d506c9f6e745,70bce45cd0a3285cc3cc293aaadf2337baa8866c948916135117d506c9f6e745,true,true
maps/obstacle_svg_maps/uni_campus_1350_obstacles.svg,c65b64fc9ab4943a673fac92fed7d5b9cb394f2891bb6f9b7a3e58ee86653b8b,c65b64fc9ab4943a673fac92fed7d5b9cb394f2891bb6f9b7a3e58ee86653b8b,true,true
maps/obstacle_svg_maps/uni_campus_1350_obstacles_lake_traverse.svg,86da23341bd08b85b1b04e04e0c14b875c4b7283ebd46eab7870d36e5a23a1a4,86da23341bd08b85b1b04e04e0c14b875c4b7283ebd46eab7870d36e5a23a1a4,true,true
maps/obstacle_svg_maps/uni_campus_1350_obstacles_lake_traverse_with_simple_routes.svg,3de084e473a7c686cc7e7608bb660843f6777be261bc331a7c13324dd5ed6a16,3de084e473a7c686cc7e7608bb660843f6777be261bc331a7c13324dd5ed6a16,true,true
maps/obstacle_svg_maps/uni_campus_with_lake_as_obstacle_and_routes.svg,0deea5c592fa8b157b5058a9b80eea0952158b0c48a4c06d23263077c0f23a65,0deea5c592fa8b157b5058a9b80eea0952158b0c48a4c06d23263077c0f23a65,true,true
maps/osm_svg_maps/uni_campus_1350.svg,b2f80e43e5892d3b8730060000bb5ddcfafb58933acdc69dedab93dfaa4ade54,b2f80e43e5892d3b8730060000bb5ddcfafb58933acdc69dedab93dfaa4ade54,true,true
maps/registry.yaml,471d863ece35395e09d040610e77e8822f8cdf32a39a5caf88e8b56b1dbdfaad,471d863ece35395e09d040610e77e8822f8cdf32a39a5caf88e8b56b1dbdfaad,true,true
maps/successor_svg_maps/classic_station_platform_v2.svg,6a106e4e1a44ea927ffe1fa0089d865991d97c9ae85fe4a1608d5c8fd78f136c,6a106e4e1a44ea927ffe1fa0089d865991d97c9ae85fe4a1608d5c8fd78f136c,true,true
maps/successor_svg_maps/issue_10063_classic_station_platform_safe_spawn_v1.svg,39017d6623ca72ec8020f76025d09cd1135cc8d6868d93a58575e265375845d4,39017d6623ca72ec8020f76025d09cd1135cc8d6868d93a58575e265375845d4,true,true
maps/successor_svg_maps/issue_10063_francis2023_ped_overtaking_safe_spawn_v1.svg,265884fa9a2a37b37f9d1090ce59ac3e88b1034bbf33a89816fb3f4156d28592,265884fa9a2a37b37f9d1090ce59ac3e88b1034bbf33a89816fb3f4156d28592,true,true
maps/successor_svg_maps/issue_10063_francis2023_robot_crowding_safe_spawn_v1.svg,8ced0ecd8402a30842a888ad7a2d463322c7383d38dde93a4e015e87b469b80f,8ced0ecd8402a30842a888ad7a2d463322c7383d38dde93a4e015e87b469b80f,true,true
maps/successor_svg_maps/issue_9348_francis2023_narrow_doorway_2p20_v1.svg,1f396dbdf772bb40b1a8b67c596366ceb4ad9b526f8bafb9cb0f4fc9c6018050,1f396dbdf772bb40b1a8b67c596366ceb4ad9b526f8bafb9cb0f4fc9c6018050,true,true
maps/successor_svg_maps/issue_9348_francis2023_narrow_doorway_2p80_v1.svg,d3b38e97864e1d068f0a01a9f9e517b748807bac1d68d16ba1efc99a9ec643d7,d3b38e97864e1d068f0a01a9f9e517b748807bac1d68d16ba1efc99a9ec643d7,true,true
maps/successor_svg_maps/issue_9728_francis2023_narrow_doorway_feasible_3p60_v1.svg,06724b2d79fda03fd86194384a295a925e74d5765c662f6d37a6ea39e4c0d115,06724b2d79fda03fd86194384a295a925e74d5765c662f6d37a6ea39e4c0d115,true,true
maps/successor_svg_maps/issue_9762_classic_bottleneck_goal_zone_entry_v2.svg,6a6e6c9936608a8d62c6ef1f11301159f2015a61d37a97ff72ba6e34e2cafcb5,6a6e6c9936608a8d62c6ef1f11301159f2015a61d37a97ff72ba6e34e2cafcb5,true,true
maps/successor_svg_maps/issue_9762_classic_bottleneck_high_goal_zone_entry_v2.svg,08df3c25d6371a7b4202d0f6b678d16266fbb7e0411e9eaf0e0f967ab4229768,08df3c25d6371a7b4202d0f6b678d16266fbb7e0411e9eaf0e0f967ab4229768,true,true
maps/successor_svg_maps/issue_9762_classic_bottleneck_medium_goal_zone_entry_v2.svg,0e5acaff4e020b802828365658127b96748441a12da1da08e4538faa7a1be4ad,0e5acaff4e020b802828365658127b96748441a12da1da08e4538faa7a1be4ad,true,true
maps/successor_svg_maps/issue_9762_classic_crossing_goal_zone_entry_v2.svg,d3bc9ad6205108a480469338282611730410787cc897abd4d71f3f0fbd47d6a8,d3bc9ad6205108a480469338282611730410787cc897abd4d71f3f0fbd47d6a8,true,true
maps/successor_svg_maps/issue_9762_classic_doorway_goal_zone_entry_v2.svg,81f9bba890418075d0801b4463bef4c2f72a812dd81ab4d3d4d1900e16827897,81f9bba890418075d0801b4463bef4c2f72a812dd81ab4d3d4d1900e16827897,true,true
maps/successor_svg_maps/issue_9762_classic_group_crossing_goal_zone_entry_v2.svg,419b5ba296dcfb0decd84484ae8c558578c80c44cf28d30348578e7d483c49d0,419b5ba296dcfb0decd84484ae8c558578c80c44cf28d30348578e7d483c49d0,true,true
maps/successor_svg_maps/issue_9762_classic_head_on_corridor_goal_zone_entry_v2.svg,e25e068d97d6e060e5e0e19387f23b1e63dc7b0f687bd1b7d95ccf2dd46b9457,e25e068d97d6e060e5e0e19387f23b1e63dc7b0f687bd1b7d95ccf2dd46b9457,true,true
maps/successor_svg_maps/issue_9762_classic_merging_goal_zone_entry_v2.svg,2e212026ff213b9a24663f0aa315be11e20f5f9cf8a68f6fc3acbfbf6ce7d070,2e212026ff213b9a24663f0aa315be11e20f5f9cf8a68f6fc3acbfbf6ce7d070,true,true
maps/successor_svg_maps/issue_9762_classic_overtaking_goal_zone_entry_v2.svg,d3724df310d603d8ec1ee8426f55615112f97a2d0446aec6ce30ffba8e999e18,d3724df310d603d8ec1ee8426f55615112f97a2d0446aec6ce30ffba8e999e18,true,true
maps/successor_svg_maps/issue_9762_classic_realworld_bottleneck_goal_zone_entry_v2.svg,4de3404105d3cb5748992e0eeff2bf8478100db51eb47ee6938f0e1249fae6e4,4de3404105d3cb5748992e0eeff2bf8478100db51eb47ee6938f0e1249fae6e4,true,true
maps/successor_svg_maps/issue_9762_classic_station_platform_goal_zone_entry_v2.svg,a9759c1a305373b89d9f1b5a15cf6f6951012efe22dc7ecdd59699644ec8c1b4,a9759c1a305373b89d9f1b5a15cf6f6951012efe22dc7ecdd59699644ec8c1b4,true,true
maps/successor_svg_maps/issue_9762_classic_t_intersection_goal_zone_entry_v2.svg,111f58b931f66647af201cab235e9c3285afb71f8b731cef40286b6c9cda8877,111f58b931f66647af201cab235e9c3285afb71f8b731cef40286b6c9cda8877,true,true
maps/successor_svg_maps/issue_9762_classic_urban_crossing_goal_zone_entry_v2.svg,2c64b74d6b2da4b9e53e0a0247e8cebbdcac33cb822c6aa0e821b8bf281035af,2c64b74d6b2da4b9e53e0a0247e8cebbdcac33cb822c6aa0e821b8bf281035af,true,true
maps/successor_svg_maps/issue_9762_francis2023_blind_corner_goal_zone_entry_v2.svg,0eb4c229fbceb711bbe6747d84b6a2db315890fb817c68900da3ebb8a6217317,0eb4c229fbceb711bbe6747d84b6a2db315890fb817c68900da3ebb8a6217317,true,true
maps/successor_svg_maps/issue_9762_francis2023_circular_crossing_goal_zone_entry_v2.svg,efe54d7488e68048c610d087fabf16dadf5b8ac049f2c18fcebebe7a0aa766b8,efe54d7488e68048c610d087fabf16dadf5b8ac049f2c18fcebebe7a0aa766b8,true,true
maps/successor_svg_maps/issue_9762_francis2023_crowd_navigation_goal_zone_entry_v2.svg,5274dbd2c17d90a7d48af38af7dbeb134e9647ba0926e0a825cf9b4af27ba4dc,5274dbd2c17d90a7d48af38af7dbeb134e9647ba0926e0a825cf9b4af27ba4dc,true,true
maps/successor_svg_maps/issue_9762_francis2023_down_path_goal_zone_entry_v2.svg,56e68a19ccc76fbcd634d1ad5188947d85f37e6c4b191f25b60e5753d2754cd4,56e68a19ccc76fbcd634d1ad5188947d85f37e6c4b191f25b60e5753d2754cd4,true,true
maps/successor_svg_maps/issue_9762_francis2023_exiting_elevator_goal_zone_entry_v2.svg,10ad90b9ee7dac2d84ec0ec8017575b9ab5b2549d249e215ec88b64d88db9019,10ad90b9ee7dac2d84ec0ec8017575b9ab5b2549d249e215ec88b64d88db9019,true,true
maps/successor_svg_maps/issue_9762_francis2023_exiting_room_goal_zone_entry_v2.svg,3e84da29278394078098cf393e7e6fe54914b7365aa99621468b3ade4ffd2fbf,3e84da29278394078098cf393e7e6fe54914b7365aa99621468b3ade4ffd2fbf,true,true
maps/successor_svg_maps/issue_9762_francis2023_frontal_approach_goal_zone_entry_v2.svg,076bd939f2411133ae2dd272ec51615060fc055c75351472178dc42e7c5a976d,076bd939f2411133ae2dd272ec51615060fc055c75351472178dc42e7c5a976d,true,true
maps/successor_svg_maps/issue_9762_francis2023_intersection_no_gesture_goal_zone_entry_v2.svg,4a3670c3062e305ee26c64387def7357f42ec58dcdb3640de5e6a9493b163ea7,4a3670c3062e305ee26c64387def7357f42ec58dcdb3640de5e6a9493b163ea7,true,true
maps/successor_svg_maps/issue_9762_francis2023_join_group_goal_zone_entry_v2.svg,72a76ca81c1449be9cc736778a719beb000b5197814facf68cf0854f23ad6a54,72a76ca81c1449be9cc736778a719beb000b5197814facf68cf0854f23ad6a54,true,true
maps/successor_svg_maps/issue_9762_francis2023_leave_group_goal_zone_entry_v2.svg,b69538eb45eee2c177218cdf35d29c2e3d6e6395f7da4199abb031d2ac37eda5,b69538eb45eee2c177218cdf35d29c2e3d6e6395f7da4199abb031d2ac37eda5,true,true
maps/successor_svg_maps/issue_9762_francis2023_narrow_doorway_goal_zone_entry_v2.svg,c9bbcf0c580654c8f8c81786742cf498bab9f95f9ddcaea0a67bfcd43862ef10,c9bbcf0c580654c8f8c81786742cf498bab9f95f9ddcaea0a67bfcd43862ef10,true,true
maps/successor_svg_maps/issue_9762_francis2023_narrow_hallway_goal_zone_entry_v2.svg,d4016dc32bc4a2715dc088f510da92a6e7739513d5971022bd18478e3181cb8a,d4016dc32bc4a2715dc088f510da92a6e7739513d5971022bd18478e3181cb8a,true,true
maps/successor_svg_maps/issue_9762_francis2023_parallel_traffic_goal_zone_entry_v2.svg,62bc1ccceb667edfb1d4986539458984b400958e1e81098276df76304edccba6,62bc1ccceb667edfb1d4986539458984b400958e1e81098276df76304edccba6,true,true
maps/successor_svg_maps/issue_9762_francis2023_ped_obstruction_goal_zone_entry_v2.svg,3035bb837b24b710762d2d9b26777e7b355ec93cf425153120d99ea329c154fe,3035bb837b24b710762d2d9b26777e7b355ec93cf425153120d99ea329c154fe,true,true
maps/successor_svg_maps/issue_9762_francis2023_ped_overtaking_goal_zone_entry_v2.svg,f9a66152858c7d73aaad61125e4fe37dfef681dd0ba8ec01adb349f6b5c43634,f9a66152858c7d73aaad61125e4fe37dfef681dd0ba8ec01adb349f6b5c43634,true,true
maps/successor_svg_maps/issue_9762_francis2023_perpendicular_traffic_goal_zone_entry_v2.svg,75ae14f525c561ebc70ecaa399a96d04f2957f1b6b06d197d770c573c59963dc,75ae14f525c561ebc70ecaa399a96d04f2957f1b6b06d197d770c573c59963dc,true,true
maps/successor_svg_maps/issue_9762_francis2023_robot_crowding_goal_zone_entry_v2.svg,6f106cf9c01ce396ff682c09594ccf46886c5ed4b64449c8224debdc543606cb,6f106cf9c01ce396ff682c09594ccf46886c5ed4b64449c8224debdc543606cb,true,true
maps/successor_svg_maps/issue_9762_francis2023_robot_overtaking_goal_zone_entry_v2.svg,7681d0b11d861aae9ffe58241f6da114c5ccdf68105b061d1770c54aff2ce999,7681d0b11d861aae9ffe58241f6da114c5ccdf68105b061d1770c54aff2ce999,true,true
maps/successor_svg_maps/issue_9856_francis2023_entering_elevator_route_width_v1.svg,1b486a22cbd1ee1677732bd9d3086892e83d7c6e86f6ad380db921c621597563,1b486a22cbd1ee1677732bd9d3086892e83d7c6e86f6ad380db921c621597563,true,true
maps/successor_svg_maps/issue_9856_francis2023_entering_room_route_width_v1.svg,1506b9ddbee141c7256c92802cb6513d3add4cf5a270a9bad3dd197ec7a69166,1506b9ddbee141c7256c92802cb6513d3add4cf5a270a9bad3dd197ec7a69166,true,true
maps/successor_svg_maps/issue_9856_francis2023_exiting_elevator_route_width_v1.svg,4d176eca64ea8528f5eabd9df4e0314a4a3b0b7ba615736933cd3a5697d3eb1d,4d176eca64ea8528f5eabd9df4e0314a4a3b0b7ba615736933cd3a5697d3eb1d,true,true
maps/successor_svg_maps/issue_9856_francis2023_exiting_room_route_width_v1.svg,cfd25fa09fd2a315f84f39408e57c0ec59bff14ea86d6020a07b93d75a3e434c,cfd25fa09fd2a315f84f39408e57c0ec59bff14ea86d6020a07b93d75a3e434c,true,true
maps/successor_svg_maps/socnavbench_eth_v2.svg,8114f827c12ef670aada409906081a5e9128c938fd5035c51b91ee26491ec1ea,8114f827c12ef670aada409906081a5e9128c938fd5035c51b91ee26491ec1ea,true,true
maps/svg_maps/02_simple_maps.svg,884184e8ed4a4081f89801d9b8afc1bca436ac46d41957e86ac2c96a36c6d0e0,884184e8ed4a4081f89801d9b8afc1bca436ac46d41957e86ac2c96a36c6d0e0,true,true
maps/svg_maps/MIT_corridor.svg,f305f36734b670e88b97d2df6ed5372168479905dd2dbb89ca534b6dfe03201b,f305f36734b670e88b97d2df6ed5372168479905dd2dbb89ca534b6dfe03201b,true,true
maps/svg_maps/README.md,c29f40f286bfe1dede6aa111e44d5d46789ecc9436f05b8c511903bee2c05c59,c29f40f286bfe1dede6aa111e44d5d46789ecc9436f05b8c511903bee2c05c59,true,true
maps/svg_maps/atomic_corner_90_test.svg,7f29daba3f02b4fa27aeabeabfcdf9ef1b4693d7ce0151cd778ae24d45062842,7f29daba3f02b4fa27aeabeabfcdf9ef1b4693d7ce0151cd778ae24d45062842,true,true
maps/svg_maps/atomic_corridor_test.svg,a39ed50e06a6eb9bb5e3666d08c7ad6dd838721ef6edf9bceb2e69ae1d97aa0c,a39ed50e06a6eb9bb5e3666d08c7ad6dd838721ef6edf9bceb2e69ae1d97aa0c,true,true
maps/svg_maps/atomic_empty_frame_test.svg,692c81005b8519ce59ca17ba450343e213abc84dc82811ff393e494031d50f40,692c81005b8519ce59ca17ba450343e213abc84dc82811ff393e494031d50f40,true,true
maps/svg_maps/atomic_goal_close_test.svg,c1235bdc867d704791c36ac205737be1ebb82755bca144bfd04852d5016e081e,c1235bdc867d704791c36ac205737be1ebb82755bca144bfd04852d5016e081e,true,true
maps/svg_maps/atomic_goal_inside_obstacle_invalid.svg,d3de519aac0d5153a132b921b57efd86408c1711b80f6c532d85c154d84833d6,d3de519aac0d5153a132b921b57efd86408c1711b80f6c532d85c154d84833d6,true,true
maps/svg_maps/atomic_line_wall_obstacle.svg,678724d1265a82df457e1f4765eb6bf69fb99de8ef5ce817bf5bc8d7fe6d9cce,678724d1265a82df457e1f4765eb6bf69fb99de8ef5ce817bf5bc8d7fe6d9cce,true,true
maps/svg_maps/atomic_narrow_passage_test.svg,f512212ef68b2629daa9dd273eb0efa4c4ed89a25d9732ecc7ad0d660d8600f0,f512212ef68b2629daa9dd273eb0efa4c4ed89a25d9732ecc7ad0d660d8600f0,true,true
maps/svg_maps/atomic_single_circle_obstacle.svg,1e4303fc272b10830015351d48f6b579b3380bc6116af8f5a0ac08e247704dba,1e4303fc272b10830015351d48f6b579b3380bc6116af8f5a0ac08e247704dba,true,true
maps/svg_maps/atomic_single_rectangle_obstacle.svg,71b65eda2fdda677da88ca0550779f1c5369b0769dd1641fb4511f7067a291f6,71b65eda2fdda677da88ca0550779f1c5369b0769dd1641fb4511f7067a291f6,true,true
maps/svg_maps/atomic_start_near_obstacle_test.svg,df573c2f4548c95b7cef3e41e9ff019ee04379a0b2b3ac51290051e944004e67,df573c2f4548c95b7cef3e41e9ff019ee04379a0b2b3ac51290051e944004e67,true,true
maps/svg_maps/atomic_symmetry_split_test.svg,683587955964d53fe51bb5a26092df023b7515863da49b69fe9ea4b540d2bb02,683587955964d53fe51bb5a26092df023b7515863da49b69fe9ea4b540d2bb02,true,true
maps/svg_maps/atomic_u_trap_test.svg,56edca7212dd8868b517920fb1cae15de5cceaa340c3500b63668674a683b9cc,56edca7212dd8868b517920fb1cae15de5cceaa340c3500b63668674a683b9cc,true,true
maps/svg_maps/classic_bottleneck.svg,65772c0ec5ef521b9ee1332fdee433e8bfa25b8c06753692ea1bf2c667b74357,65772c0ec5ef521b9ee1332fdee433e8bfa25b8c06753692ea1bf2c667b74357,true,true
maps/svg_maps/classic_bottleneck_high.svg,bf074d4cbf53a9b6785604f32053d44b6694caa41e5222aa66e59ce90b7b4403,bf074d4cbf53a9b6785604f32053d44b6694caa41e5222aa66e59ce90b7b4403,true,true
maps/svg_maps/classic_bottleneck_medium.svg,d8401829a4828fca80083f506096389218b5d1178c4f3c4ac35f47340bdbdc4b,d8401829a4828fca80083f506096389218b5d1178c4f3c4ac35f47340bdbdc4b,true,true
maps/svg_maps/classic_crossing.svg,dec460721d422340653732125f8b02b76f793fb916446275ccefff60fea9c911,dec460721d422340653732125f8b02b76f793fb916446275ccefff60fea9c911,true,true
maps/svg_maps/classic_doorway.svg,42f3911d15c8a2edc61e177d2d25fbb8416810ba937b2ec5009ad6220308cb48,42f3911d15c8a2edc61e177d2d25fbb8416810ba937b2ec5009ad6220308cb48,true,true
maps/svg_maps/classic_group_crossing.svg,fcd08b528c091e4b929f06dd5e268f8e092e89ac75df348d2a7346445420476b,fcd08b528c091e4b929f06dd5e268f8e092e89ac75df348d2a7346445420476b,true,true
maps/svg_maps/classic_head_on_corridor.svg,89f439ac1f04561e0cd550c16be01a9674dc6fe80ba196f0dcc8f8f3c641f11b,89f439ac1f04561e0cd550c16be01a9674dc6fe80ba196f0dcc8f8f3c641f11b,true,true
maps/svg_maps/classic_merging.svg,3a9d1d566542d60a3a9feab57e7c225b818eb37a3e26c1ca30f12a469e22397a,3a9d1d566542d60a3a9feab57e7c225b818eb37a3e26c1ca30f12a469e22397a,true,true
maps/svg_maps/classic_overtaking.svg,dbcbaaf8eb96b89017451b5dbd8cc1806c610a2c29b39c132a9fa71e7cd47153,dbcbaaf8eb96b89017451b5dbd8cc1806c610a2c29b39c132a9fa71e7cd47153,true,true
maps/svg_maps/classic_realworld_bottleneck.svg,6219c0dc6e8ede2ea91bd0916c1224ff43df3bacb6332bdabcc7eba829095c11,6219c0dc6e8ede2ea91bd0916c1224ff43df3bacb6332bdabcc7eba829095c11,true,true
maps/svg_maps/classic_station_platform.svg,5f03421ac3d16d6008e92e00634fa9f3d0c896304ffd204691d79a3a115be156,5f03421ac3d16d6008e92e00634fa9f3d0c896304ffd204691d79a3a115be156,true,true
maps/svg_maps/classic_t_intersection.svg,c6dea0b640bc23d7c95c7c5e1dddf0e4df6e30ee4942f7e93af8556f41b4beb5,c6dea0b640bc23d7c95c7c5e1dddf0e4df6e30ee4942f7e93af8556f41b4beb5,true,true
maps/svg_maps/classic_urban_crossing.svg,305261b242008fcaa9b298cdc5fa0334ddaf96bf7a2c83c11d49f5ea0fdaf5e0,305261b242008fcaa9b298cdc5fa0334ddaf96bf7a2c83c11d49f5ea0fdaf5e0,true,true
maps/svg_maps/construction_corridor_detour.svg,c064dc499d60c6d5b012e53aedc1149eff5c7843c66a6fd92d6927e30f0965dd,c064dc499d60c6d5b012e53aedc1149eff5c7843c66a6fd92d6927e30f0965dd,true,true
maps/svg_maps/construction_corridor_narrowing.svg,4e7256b4e902e7e7f1dad997ca83f0127b597a97f0291773105199c27a6e72af,4e7256b4e902e7e7f1dad997ca83f0127b597a97f0291773105199c27a6e72af,true,true
maps/svg_maps/construction_corridor_zigzag.svg,fbfb5200789863dfc72d480eb7e640ee3f5f612b15e99193f0ef11cf6a847445,fbfb5200789863dfc72d480eb7e640ee3f5f612b15e99193f0ef11cf6a847445,true,true
maps/svg_maps/crossing.svg,3eb08faaddac30d6af06a01b6cafce3e6a71be9d6da20a66a8680564d504e688,3eb08faaddac30d6af06a01b6cafce3e6a71be9d6da20a66a8680564d504e688,true,true
maps/svg_maps/debug_05.svg,53735a51208f7fdb2a64d96405b234da58348f6e6527cb65f10711f72f15a0f5,53735a51208f7fdb2a64d96405b234da58348f6e6527cb65f10711f72f15a0f5,true,true
maps/svg_maps/debug_06.svg,2c5b000a59bdf05c1c4cccefc0abfd4489d8fd941f7acc85d1a29ef516d0bea0,2c5b000a59bdf05c1c4cccefc0abfd4489d8fd941f7acc85d1a29ef516d0bea0,true,true
maps/svg_maps/debug_07.svg,4ec9cc819cf0972800643a0c4d901d8991ec47c26e9cba0c3b1b2e5bf02b0f8d,4ec9cc819cf0972800643a0c4d901d8991ec47c26e9cba0c3b1b2e5bf02b0f8d,true,true
maps/svg_maps/door_passing.svg,5efa5c1a0acbbd9fb18a1133656008dfdb7be321caaf202ee383e1c59f6b0031,5efa5c1a0acbbd9fb18a1133656008dfdb7be321caaf202ee383e1c59f6b0031,true,true
maps/svg_maps/example_map.svg,2e86036ffe26c64c5f287e6c1e313ff878d9240f1233c9857d4724c20dd4c9ff,2e86036ffe26c64c5f287e6c1e313ff878d9240f1233c9857d4724c20dd4c9ff,true,true
maps/svg_maps/example_map_with_obstacles.svg,818cca2f176c57cc0364f97cb08173c60620121b0728702431173fcd7027b0f0,818cca2f176c57cc0364f97cb08173c60620121b0728702431173fcd7027b0f0,true,true
maps/svg_maps/francis2023/Fig7_map_overview_francis2023.png,59e4c50e24127189ab1ad1e30987b41076344fe1955c999fb0448e551b8c868f,59e4c50e24127189ab1ad1e30987b41076344fe1955c999fb0448e551b8c868f,true,true
maps/svg_maps/francis2023/francis2023_blind_corner.svg,8359a5d5999552b8abd9781c82ee7cad4b2052bb458b94d348578e5dda586ef8,8359a5d5999552b8abd9781c82ee7cad4b2052bb458b94d348578e5dda586ef8,true,true
maps/svg_maps/francis2023/francis2023_circular_crossing.svg,c67c90be944dab027603cd4f0823979150d6a900aad2070fc7d2f8cce915fa5a,c67c90be944dab027603cd4f0823979150d6a900aad2070fc7d2f8cce915fa5a,true,true
maps/svg_maps/francis2023/francis2023_crowd_navigation.svg,90dcec15efdd3ff8c9bc9eab31229c22526d4cb946e7d2e8bfd6f83de2c463f4,90dcec15efdd3ff8c9bc9eab31229c22526d4cb946e7d2e8bfd6f83de2c463f4,true,true
maps/svg_maps/francis2023/francis2023_down_path.svg,a195335ea021714a93a2aaab6e8494580d7c442f84d648b995a003104ff1c519,a195335ea021714a93a2aaab6e8494580d7c442f84d648b995a003104ff1c519,true,true
maps/svg_maps/francis2023/francis2023_entering_elevator.svg,fa52e7b55bae9ae8a1fdfc0c13cd3e18e43d2c005cb325fe9a978fa1c39f6c10,fa52e7b55bae9ae8a1fdfc0c13cd3e18e43d2c005cb325fe9a978fa1c39f6c10,true,true
maps/svg_maps/francis2023/francis2023_entering_room.svg,3d18c06ee133949b14e4274c548b19b61f10ed518c105b5a94f660b53376c945,3d18c06ee133949b14e4274c548b19b61f10ed518c105b5a94f660b53376c945,true,true
maps/svg_maps/francis2023/francis2023_exiting_elevator.svg,3e09a3ef263b0ba0b2f0ad68a33157db6c78bb8794535675f4db33457cf76e75,3e09a3ef263b0ba0b2f0ad68a33157db6c78bb8794535675f4db33457cf76e75,true,true
maps/svg_maps/francis2023/francis2023_exiting_room.svg,6968e1d3459f213638406340a258a3b61c7e80bf56976802b110491cd9d4d6fc,6968e1d3459f213638406340a258a3b61c7e80bf56976802b110491cd9d4d6fc,true,true
maps/svg_maps/francis2023/francis2023_frontal_approach.svg,685092e88811f450f47e5350965122f9a4cc8aff084b2584a628804a96f20e33,685092e88811f450f47e5350965122f9a4cc8aff084b2584a628804a96f20e33,true,true
maps/svg_maps/francis2023/francis2023_intersection_no_gesture.svg,416caeb391a0f8a12d25c6346a38d023e210c173c9275e08823171fbce172723,416caeb391a0f8a12d25c6346a38d023e210c173c9275e08823171fbce172723,true,true
maps/svg_maps/francis2023/francis2023_join_group.svg,787bddcc270cc56e0703616ff2d9ad9a1a63890227fbbc6257670c1503aa8c7a,787bddcc270cc56e0703616ff2d9ad9a1a63890227fbbc6257670c1503aa8c7a,true,true
maps/svg_maps/francis2023/francis2023_leave_group.svg,869256f3d5d3b32810873dd3ab668678774a86b043d1612c58e8492d4c9c02a7,869256f3d5d3b32810873dd3ab668678774a86b043d1612c58e8492d4c9c02a7,true,true
maps/svg_maps/francis2023/francis2023_narrow_doorway.svg,7538ed173d462a5107afc1a1e43b5b2e6d2bc5c9604035cdec9a551e20a8b15e,7538ed173d462a5107afc1a1e43b5b2e6d2bc5c9604035cdec9a551e20a8b15e,true,true
maps/svg_maps/francis2023/francis2023_narrow_hallway.svg,d592f0fff7fe604119db92fba6146acee6f55f99c360e8768cd5c6a8bf670467,d592f0fff7fe604119db92fba6146acee6f55f99c360e8768cd5c6a8bf670467,true,true
maps/svg_maps/francis2023/francis2023_parallel_traffic.svg,df1ec5f272601901b9d820ef8d3b0cb61ee592c031a215474db0bee37a29ad7f,df1ec5f272601901b9d820ef8d3b0cb61ee592c031a215474db0bee37a29ad7f,true,true
maps/svg_maps/francis2023/francis2023_ped_obstruction.svg,5360ced91b6bb3f2d36510988c0b23a69a7baa40c3bf909f1816bce4eb9a35bc,5360ced91b6bb3f2d36510988c0b23a69a7baa40c3bf909f1816bce4eb9a35bc,true,true
maps/svg_maps/francis2023/francis2023_ped_overtaking.svg,76f0746da014d61f50ee0f96914cb2d42c11aa78f0ecfe2022d0e4ddff7344d1,76f0746da014d61f50ee0f96914cb2d42c11aa78f0ecfe2022d0e4ddff7344d1,true,true
maps/svg_maps/francis2023/francis2023_perpendicular_traffic.svg,67ae3c66be2057e7da9a0182458de7e68c9c41d2f13848790fb73eb12664ee99,67ae3c66be2057e7da9a0182458de7e68c9c41d2f13848790fb73eb12664ee99,true,true
maps/svg_maps/francis2023/francis2023_robot_crowding.svg,202c0222a132e9c5e67316646765541aca92ccb56fd5416b604a1ff77bc15617,202c0222a132e9c5e67316646765541aca92ccb56fd5416b604a1ff77bc15617,true,true
maps/svg_maps/francis2023/francis2023_robot_overtaking.svg,13f5927f1aec35b8653b2daa13d0e2832f300b1d808ce7a9a317a8fa93d264fe,13f5927f1aec35b8653b2daa13d0e2832f300b1d808ce7a9a317a8fa93d264fe,true,true
maps/svg_maps/francis2023/readme.md,c69e8000bca752c42176a1da6370adf2f4c4b2bc9a4ec4acf59257018bf2f96f,c69e8000bca752c42176a1da6370adf2f4c4b2bc9a4ec4acf59257018bf2f96f,true,true
maps/svg_maps/issue_2728_semantic_boundaries.svg,818e6b41286ff7405eadbabb42a32b226fd8aa8846bae80cd099f6999e0bebdc,818e6b41286ff7405eadbabb42a32b226fd8aa8846bae80cd099f6999e0bebdc,true,true
maps/svg_maps/issue_3233_near_field_observation_noise.svg,16330a3bb8ad289f87ffb897f21f46a7da1568a492825f77e9bc1096d8484fb7,16330a3bb8ad289f87ffb897f21f46a7da1568a492825f77e9bc1096d8484fb7,true,true
maps/svg_maps/issue_5303_classic_group_crossing_medium_v2.svg,6ca72854707c8681a413eb931f31d3f9b1ba44d254c0989bbd53aae4d31b5d53,6ca72854707c8681a413eb931f31d3f9b1ba44d254c0989bbd53aae4d31b5d53,true,true
maps/svg_maps/labeled_example.svg,862c979be70fdcabd673b9403069c0aee527b28bb13796ac4e98f77ac9f1882d,862c979be70fdcabd673b9403069c0aee527b28bb13796ac4e98f77ac9f1882d,true,true
maps/svg_maps/map3_1350_buildings_inkscape.svg,aa24d28e056a20562f7343fb2b3163fe90ed1f12bfc6187d5b61dc1cf9b446fe,aa24d28e056a20562f7343fb2b3163fe90ed1f12bfc6187d5b61dc1cf9b446fe,true,true
maps/svg_maps/masterthesis/corner.svg,72f0ec83bd4cd6445dcb79553ff21740d49653d3d2eab78885ced599320d8ec4,72f0ec83bd4cd6445dcb79553ff21740d49653d3d2eab78885ced599320d8ec4,true,true
maps/svg_maps/masterthesis/headon.svg,86938f446e57fe8cf8baf5bcd88a231fe7783139030d5fe332825f84f0bf83a9,86938f446e57fe8cf8baf5bcd88a231fe7783139030d5fe332825f84f0bf83a9,true,true
maps/svg_maps/masterthesis/intersection.svg,8032a60bd76f9cee0688908a6e25cc5df0dd3ff8f664d899062e4b0dc6346ea6,8032a60bd76f9cee0688908a6e25cc5df0dd3ff8f664d899062e4b0dc6346ea6,true,true
maps/svg_maps/narrow_corridor.svg,457352cc0d2705d29177eb830c95aaf621f0e14183b633c6656cdfb85420b9a3,457352cc0d2705d29177eb830c95aaf621f0e14183b633c6656cdfb85420b9a3,true,true
maps/svg_maps/narrow_corridor2.svg,de87e286d917f6fae3d722d99c972d687d113836acbd552a7ab0b194ed628de1,de87e286d917f6fae3d722d99c972d687d113836acbd552a7ab0b194ed628de1,true,true
maps/svg_maps/overtaking.svg,90030ef2709d72c9a6470db14433b180ca0d4ba41cc0f79983e768f1d76d8916,90030ef2709d72c9a6470db14433b180ca0d4ba41cc0f79983e768f1d76d8916,true,true
maps/svg_maps/paper_bench.svg,4974d1a2cb0da9497c7d6aa639a049cd5eac48ca8d8255e05bcdde3ea8cf4e10,4974d1a2cb0da9497c7d6aa639a049cd5eac48ca8d8255e05bcdde3ea8cf4e10,true,true
maps/svg_maps/ped_metrics_example.svg,58dec00cc513a08547e86988ff80c6cebc4be5c7dc710f329b20c17c0eb2603f,58dec00cc513a08547e86988ff80c6cebc4be5c7dc710f329b20c17c0eb2603f,true,true
maps/svg_maps/planner_comparison.svg,f7a8f9512c1097b79bc30ed1de6468a2cf50dd6061427ae5d21aefbe794dfd80,f7a8f9512c1097b79bc30ed1de6468a2cf50dd6061427ae5d21aefbe794dfd80,true,true
maps/svg_maps/planner_sanity_open.svg,69332a2331fc5aa4ca0d94688fa336f659145305b0cf5fb6ac4f658c6d13f729,69332a2331fc5aa4ca0d94688fa336f659145305b0cf5fb6ac4f658c6d13f729,true,true
maps/svg_maps/planner_test_corridor.svg,fffc5ae36b682950929cb044f205c47257a29b0a5e09913c92108c476e31fcbc,fffc5ae36b682950929cb044f205c47257a29b0a5e09913c92108c476e31fcbc,true,true
maps/svg_maps/planner_test_simple.svg,5d3f1485d78af6d48b91be160c94dec63b3af815ef1da5e87ba7896ff0d64b21,5d3f1485d78af6d48b91be160c94dec63b3af815ef1da5e87ba7896ff0d64b21,true,true
maps/svg_maps/smg_curb_ramp_conflict.svg,707bae1e82288634e390868f81dbe061ec95917684dc1140e3f842dc24b5fb11,707bae1e82288634e390868f81dbe061ec95917684dc1140e3f842dc24b5fb11,true,true
maps/svg_maps/socnavbench/socnavbench_eth.svg,9fb9e126fac37b1c24c8849aeee47dfcccc5ef71fd7fc4e0fea7f78f19d1858d,9fb9e126fac37b1c24c8849aeee47dfcccc5ef71fd7fc4e0fea7f78f19d1858d,true,true
maps/svg_maps/static_humans.svg,01820511fdfd90ef5ffa2bc572c2adeda64b5bdae66a414c2eb3ab2e831ca7a8,01820511fdfd90ef5ffa2bc572c2adeda64b5bdae66a414c2eb3ab2e831ca7a8,true,true
maps/svg_maps/test_spawn_in_obstacle.svg,f87015c9e4f6c5f9596e3205cfacd8db7d05e08423920d8ed3e5efdde6584723,f87015c9e4f6c5f9596e3205cfacd8db7d05e08423920d8ed3e5efdde6584723,true,true
maps/templates/map_template.svg,72bb6789020fd76d73d3e1629da6def5b08f67da449d66eaaa0f954150d6102e,72bb6789020fd76d73d3e1629da6def5b08f67da449d66eaaa0f954150d6102e,true,true
robot_sf/maps/uni_campus_big.svg,89ed595197d9fc7c89d1eddd519a59e3e1103aeef7b6f0c4efe00c12b65b9023,89ed595197d9fc7c89d1eddd519a59e3e1103aeef7b6f0c4efe00c12b65b9023,true,true
