{
  "schema_version": "benchmark-snqi-diagnostics.v1",
  "campaign_id": "issue_1484_broader_cross_kinematics_issue1484-broader-cross-kinematics-20260528-gf35fb3b5_20260528_172441",
  "generated_at_utc": "2026-05-28T15:26:07.794149Z",
  "contract_enabled": true,
  "contract_enforcement": "warn",
  "contract_status": "warn",
  "rank_alignment_spearman": 0.9596411929959341,
  "outcome_separation": 0.0,
  "objective_score": 0.9596411929959341,
  "dominant_component": "near_penalty",
  "dominant_component_mean_abs": 0.1153347393379553,
  "thresholds": {
    "rank_alignment_warn": 0.5,
    "rank_alignment_fail": 0.3,
    "outcome_separation_warn": 0.05,
    "outcome_separation_fail": 0.0,
    "max_component_dominance_warn": 0.24,
    "max_component_dominance_fail": 0.27
  },
  "weights_path": "configs/benchmarks/snqi_weights_camera_ready_v3.json",
  "weights_version": "snqi_weights_camera_ready_v3",
  "weights_sha256": "71a67c3c02faff166f8c96bef8bcf898533981ca2b2c4493829988520fb1aeb2",
  "baseline_path": "configs/benchmarks/snqi_baseline_camera_ready_v3.json",
  "baseline_version": "snqi_baseline_camera_ready_v3",
  "baseline_sha256": "329ca5766491e1587979d0a435c7ba676e148ccdff97040a36546bbb9414035a",
  "baseline_source": "config_file",
  "baseline_adjustments": 0,
  "baseline_for_eval": {
    "time_to_goal_norm": {
      "med": 1.0,
      "p95": 1.05
    },
    "collisions": {
      "med": 0.0,
      "p95": 1.0
    },
    "near_misses": {
      "med": 0.0,
      "p95": 21.0
    },
    "force_exceed_events": {
      "med": 1.0,
      "p95": 50.0
    },
    "jerk_mean": {
      "med": 0.07293007251387372,
      "p95": 0.8018190086690077
    }
  },
  "configured_weights": {
    "w_success": 0.19045845847432735,
    "w_time": 0.09491099136070058,
    "w_collisions": 0.10483542508043969,
    "w_near": 0.30825830332144416,
    "w_comfort": 0.17983060763794978,
    "w_force_exceed": 0.0692114485473155,
    "w_jerk": 0.05249476557782281
  },
  "calibrated_weights": {
    "w_success": 0.23557343917949486,
    "w_time": 0.06984617478004373,
    "w_collisions": 0.0632874958623125,
    "w_near": 0.3082109218176986,
    "w_comfort": 0.06928413309940121,
    "w_force_exceed": 0.20203095660789128,
    "w_jerk": 0.0517668786531577
  },
  "calibration": {
    "weights": {
      "w_success": 0.23557343917949486,
      "w_time": 0.06984617478004373,
      "w_collisions": 0.0632874958623125,
      "w_near": 0.3082109218176986,
      "w_comfort": 0.06928413309940121,
      "w_force_exceed": 0.20203095660789128,
      "w_jerk": 0.0517668786531577
    },
    "metrics": {
      "rank_alignment_spearman": 0.9623674463851271,
      "outcome_separation": 0.0,
      "objective_score": 0.9623674463851271
    },
    "seed": 123,
    "trials": 1000,
    "min_weight": 0.05,
    "max_weight": 0.35
  },
  "component_dominance": {
    "success_reward": 0.0,
    "time_penalty": 0.09491099136070062,
    "collisions_penalty": 0.004992163099068557,
    "near_penalty": 0.1153347393379553,
    "comfort_penalty": 0.003716424107304747,
    "force_exceed_penalty": 0.005582653284185797,
    "jerk_penalty": 0.004077739380026939
  },
  "component_correlations": {
    "success": {
      "weight_name": "w_success",
      "direction": "positive",
      "spearman": null,
      "variable": false,
      "aligned_with_expected_direction": null
    },
    "time_to_goal_norm": {
      "weight_name": "w_time",
      "direction": "negative",
      "spearman": null,
      "variable": false,
      "aligned_with_expected_direction": null
    },
    "collisions": {
      "weight_name": "w_collisions",
      "direction": "negative",
      "spearman": -0.11165580356460203,
      "variable": true,
      "aligned_with_expected_direction": true
    },
    "near_misses": {
      "weight_name": "w_near",
      "direction": "negative",
      "spearman": -0.9531612387863241,
      "variable": true,
      "aligned_with_expected_direction": true
    },
    "comfort_exposure": {
      "weight_name": "w_comfort",
      "direction": "negative",
      "spearman": -0.5116103219307025,
      "variable": true,
      "aligned_with_expected_direction": true
    },
    "force_exceed_events": {
      "weight_name": "w_force_exceed",
      "direction": "negative",
      "spearman": -0.5136654969375142,
      "variable": true,
      "aligned_with_expected_direction": true
    },
    "jerk_mean": {
      "weight_name": "w_jerk",
      "direction": "negative",
      "spearman": -0.023560936006735467,
      "variable": true,
      "aligned_with_expected_direction": true
    }
  },
  "planner_ordering": [
    {
      "planner_key": "goal",
      "kinematics": "holonomic",
      "episode_count": 1,
      "mean_snqi": -0.09998383103973885,
      "rank": 1
    },
    {
      "planner_key": "orca",
      "kinematics": "bicycle_drive",
      "episode_count": 1,
      "mean_snqi": -0.09998383103973885,
      "rank": 2
    },
    {
      "planner_key": "prediction_planner",
      "kinematics": "differential_drive",
      "episode_count": 1,
      "mean_snqi": -0.09998383103973885,
      "rank": 3
    },
    {
      "planner_key": "socnav_sampling",
      "kinematics": "bicycle_drive",
      "episode_count": 1,
      "mean_snqi": -0.09998383103973885,
      "rank": 4
    },
    {
      "planner_key": "socnav_sampling",
      "kinematics": "holonomic",
      "episode_count": 1,
      "mean_snqi": -0.09998383103973885,
      "rank": 5
    },
    {
      "planner_key": "prediction_planner",
      "kinematics": "holonomic",
      "episode_count": 1,
      "mean_snqi": -0.10039033325596686,
      "rank": 6
    },
    {
      "planner_key": "social_force",
      "kinematics": "bicycle_drive",
      "episode_count": 1,
      "mean_snqi": -0.10077077552424056,
      "rank": 7
    },
    {
      "planner_key": "prediction_planner",
      "kinematics": "bicycle_drive",
      "episode_count": 1,
      "mean_snqi": -0.10232213653698202,
      "rank": 8
    },
    {
      "planner_key": "ppo",
      "kinematics": "bicycle_drive",
      "episode_count": 1,
      "mean_snqi": -0.10396061919911005,
      "rank": 9
    },
    {
      "planner_key": "orca",
      "kinematics": "differential_drive",
      "episode_count": 1,
      "mean_snqi": -0.17537249117335946,
      "rank": 10
    },
    {
      "planner_key": "ppo",
      "kinematics": "differential_drive",
      "episode_count": 1,
      "mean_snqi": -0.21390550818705173,
      "rank": 11
    },
    {
      "planner_key": "ppo",
      "kinematics": "holonomic",
      "episode_count": 1,
      "mean_snqi": -0.21875309648995292,
      "rank": 12
    },
    {
      "planner_key": "social_force",
      "kinematics": "differential_drive",
      "episode_count": 1,
      "mean_snqi": -0.25059755458117494,
      "rank": 13
    },
    {
      "planner_key": "socnav_sampling",
      "kinematics": "differential_drive",
      "episode_count": 1,
      "mean_snqi": -0.27833239985462005,
      "rank": 14
    },
    {
      "planner_key": "orca",
      "kinematics": "holonomic",
      "episode_count": 1,
      "mean_snqi": -0.3115741133643567,
      "rank": 15
    },
    {
      "planner_key": "social_force",
      "kinematics": "holonomic",
      "episode_count": 1,
      "mean_snqi": -0.315167384431446,
      "rank": 16
    },
    {
      "planner_key": "goal",
      "kinematics": "bicycle_drive",
      "episode_count": 1,
      "mean_snqi": -0.408242134361183,
      "rank": 17
    },
    {
      "planner_key": "goal",
      "kinematics": "differential_drive",
      "episode_count": 1,
      "mean_snqi": -0.408242134361183,
      "rank": 18
    },
    {
      "planner_key": "sacadrl",
      "kinematics": "holonomic",
      "episode_count": 1,
      "mean_snqi": -0.408242134361183,
      "rank": 19
    },
    {
      "planner_key": "sacadrl",
      "kinematics": "bicycle_drive",
      "episode_count": 1,
      "mean_snqi": -0.45147758916665115,
      "rank": 20
    },
    {
      "planner_key": "sacadrl",