{
  "aggregates": {
    "baseline": {
      "baseline_social_force": {
        "collision_rate": 1.0,
        "comfort_exposure_mean": 0.011902774909950216,
        "mean_clearance": 9.300042201821086,
        "min_clearance": 3.9049798564385725,
        "near_miss_rate": 0.0,
        "success_rate": 0.0,
        "time_to_goal_norm": 0.9277777777777777
      },
      "goal_seek": {
        "collision_rate": 1.0,
        "comfort_exposure_mean": 0.08163202859171133,
        "mean_clearance": 11.602001209088755,
        "min_clearance": 7.159963181738188,
        "near_miss_rate": 0.0,
        "success_rate": 0.0,
        "time_to_goal_norm": 0.3444444444444444
      }
    },
    "clearance_radius__radius_0_30": {
      "baseline_social_force": {
        "collision_rate": 1.0,
        "comfort_exposure_mean": 0.011902774909950216,
        "mean_clearance": 9.400042201821085,
        "min_clearance": 4.004979856438573,
        "near_miss_rate": 0.0,
        "success_rate": 0.0,
        "time_to_goal_norm": 0.9277777777777777
      },
      "goal_seek": {
        "collision_rate": 1.0,
        "comfort_exposure_mean": 0.03401298097266372,
        "mean_clearance": 12.46498696952163,
        "min_clearance": 7.240994568974846,
        "near_miss_rate": 0.0,
        "success_rate": 0.0,
        "time_to_goal_norm": 0.4777777777777778
      }
    },
    "clearance_radius__radius_0_50": {
      "baseline_social_force": {
        "collision_rate": 1.0,
        "comfort_exposure_mean": 0.011902774909950216,
        "mean_clearance": 9.200042201821084,
        "min_clearance": 3.804979856438573,
        "near_miss_rate": 0.0,
        "success_rate": 0.0,
        "time_to_goal_norm": 0.9277777777777777
      },
      "goal_seek": {
        "collision_rate": 1.0,
        "comfort_exposure_mean": 0.07742327438295712,
        "mean_clearance": 11.515458059078604,
        "min_clearance": 7.077994761412508,
        "near_miss_rate": 0.0,
        "success_rate": 0.0,
        "time_to_goal_norm": 0.34259259259259256
      }
    },
    "integration_timestep__dt_0_05": {
      "baseline_social_force": {
        "collision_rate": 1.0,
        "comfort_exposure_mean": 0.005638017063027449,
        "mean_clearance": 5.060521732730041,
        "min_clearance": 1.3459861040594765,
        "near_miss_rate": 0.0,
        "success_rate": 0.0,
        "time_to_goal_norm": 0.9249999999999999
      },
      "goal_seek": {
        "collision_rate": 1.0,
        "comfort_exposure_mean": 0.011644839267957936,
        "mean_clearance": 9.28105548391971,
        "min_clearance": 3.841663420214586,
        "near_miss_rate": 0.0,
        "success_rate": 0.0,
        "time_to_goal_norm": 0.4759259259259259
      }
    },
    "integration_timestep__dt_0_20": {
      "baseline_social_force": {
        "collision_rate": 1.0,
        "comfort_exposure_mean": 0.02118205868205868,
        "mean_clearance": 12.356707550036086,
        "min_clearance": 7.255754363074769,
        "near_miss_rate": 0.0,
        "success_rate": 0.0,
        "time_to_goal_norm": 0.9333333333333332
      },
      "goal_seek": {
        "collision_rate": 1.0,
        "comfort_exposure_mean": 0.12154882154882153,
        "mean_clearance": 12.426446469520391,
        "min_clearance": 6.582630637499466,
        "near_miss_rate": 0.0,
        "success_rate": 0.0,
        "time_to_goal_norm": 0.3481481481481481
      }
    },
    "observation_noise__pedestrian_dropout_low": {
      "baseline_social_force": {
        "collision_rate": 1.0,
        "comfort_exposure_mean": 0.011902774909950216,
        "mean_clearance": 9.300042201821086,
        "min_clearance": 3.9049798564385725,
        "near_miss_rate": 0.0,
        "success_rate": 0.0,
        "time_to_goal_norm": 0.9277777777777777
      },
      "goal_seek": {
        "collision_rate": 1.0,
        "comfort_exposure_mean": 0.08163202859171133,
        "mean_clearance": 11.602001209088755,
        "min_clearance": 7.159963181738188,
        "near_miss_rate": 0.0,
        "success_rate": 0.0,
        "time_to_goal_norm": 0.3444444444444444
      }
    },
    "observation_noise__pose_heading_low": {
      "baseline_social_force": {
        "collision_rate": 1.0,
        "comfort_exposure_mean": 0.011845238095238094,
        "mean_clearance": 9.289097560822883,
        "min_clearance": 3.905775465067604,
        "near_miss_rate": 0.0,
        "success_rate": 0.0,
        "time_to_goal_norm": 0.9314814814814815
      },
      "goal_seek": {
        "collision_rate": 1.0,
        "comfort_exposure_mean": 0.07222077054844235,
        "mean_clearance": 11.617095821080056,
        "min_clearance": 7.170802262531839,
        "near_miss_rate": 0.0,
        "success_rate": 0.0,
        "time_to_goal_norm": 0.3462962962962963
      }
    },
    "social_force_speed_archetypes__mixed_balanced": {
      "baseline_social_force": {
        "collision_rate": 1.0,
        "comfort_exposure_mean": 0.01251692018262326,
        "mean_clearance": 8.469650757602409,
        "min_clearance": 3.501684511590676,
        "near_miss_rate": 0.0,
        "success_rate": 0.0,
        "time_to_goal_norm": 0.9277777777777777
      },
      "goal_seek": {
        "collision_rate": 1.0,
        "comfort_exposure_mean": 0.08257115580314522,
        "mean_clearance": 11.337917312667372,
        "min_clearance": 6.198165855866628,
        "near_miss_rate": 0.0,
        "success_rate": 0.0,
        "time_to_goal_norm": 0.34814814814814815
      }
    },
    "social_force_speed_archetypes__rush_hour": {
      "baseline_social_force": {
        "collision_rate": 1.0,
        "comfort_exposure_mean": 0.01251692018262326,
        "mean_clearance": 8.469650757602409,
        "min_clearance": 3.501684511590676,
        "near_miss_rate": 0.0,
        "success_rate": 0.0,
        "time_to_goal_norm": 0.9277777777777777
      },
      "goal_seek": {
        "collision_rate": 1.0,
        "comfort_exposure_mean": 0.08257115580314522,
        "mean_clearance": 11.337917312667372,
        "min_clearance": 6.198165855866628,
        "near_miss_rate": 0.0,
        "success_rate": 0.0,
        "time_to_goal_norm": 0.34814814814814815
      }
    }
  },
  "claim_boundary": "bounded_actual_campaign_slice_not_full_benchmark_evidence: executes real Robot SF episodes for a compact two-planner local fidelity-sensitivity slice. It measures internal sensitivity on this slice only; it is not simulator-realism, sim-to-real, paper-facing planner-ranking, or full #3207 acceptance evidence.",
  "config_path": "configs/research/fidelity_sensitivity_v1.yaml",
  "date": "2026-06-20",
  "git_head": "17a409502",
  "git_status_short_at_generation": [
    " M scripts/benchmark/run_fidelity_sensitivity_campaign.py",
    " M tests/benchmark/test_fidelity_sensitivity_campaign.py"
  ],
  "git_worktree_dirty": true,
  "issue": 3207,
  "prior_smoke_boundary": "diagnostic_smoke_not_benchmark_evidence: summarizes a small local same-scenario fidelity sensitivity smoke. It can show wiring, metric drift, and rank-stability calculation behavior, but it does not establish planner ranking, simulator realism, sim-to-real validity, or paper-facing benchmark evidence.",
  "rank_stability": {
    "axes": [
      {
        "axis": "integration_timestep__dt_0_05",
        "kendall_tau": 1.0,
        "metric_drift": {
          "collision_rate": 0.0,
          "comfort_exposure_mean": 0.03812597358533808,
          "mean_clearance": 0.3279536818650532,
          "min_clearance": 0.5593837756980689,
          "near_miss_rate": 0.0,
          "success_rate": 0.0,
          "time_to_goal_norm": 0.06712962962962965
        },
        "rank_flips": 0,
        "ranking": [
          "baseline_social_force",
          "goal_seek"
        ],
        "top1_changed": false
      },
      {
        "axis": "integration_timestep__dt_0_20",
        "kendall_tau": 1.0,
        "metric_drift": {
          "collision_rate": 0.0,