{
  "aggregates": {
    "baseline": {
      "baseline_social_force": {
        "collision_rate": 1.0,
        "comfort_exposure_mean": 0.011902774909950216,
        "mean_clearance": 10.700042201821084,
        "min_clearance": 5.304979856438573,
        "near_miss_rate": 0.0,
        "success_rate": 0.0,
        "time_to_goal_norm": 0.9277777777777777
      },
      "goal_seek": {
        "collision_rate": 1.0,
        "comfort_exposure_mean": 0.08163202859171133,
        "mean_clearance": 13.002001209088753,
        "min_clearance": 8.559963181738189,
        "near_miss_rate": 0.0,
        "success_rate": 0.0,
        "time_to_goal_norm": 0.3444444444444444
      }
    },
    "clearance_radius__radius_0_30": {
      "baseline_social_force": {
        "collision_rate": 1.0,
        "comfort_exposure_mean": 0.011902774909950216,
        "mean_clearance": 10.700042201821084,
        "min_clearance": 5.304979856438573,
        "near_miss_rate": 0.0,
        "success_rate": 0.0,
        "time_to_goal_norm": 0.9277777777777777
      },
      "goal_seek": {
        "collision_rate": 1.0,
        "comfort_exposure_mean": 0.03401298097266372,
        "mean_clearance": 13.76498696952163,
        "min_clearance": 8.540994568974845,
        "near_miss_rate": 0.0,
        "success_rate": 0.0,
        "time_to_goal_norm": 0.4777777777777778
      }
    },
    "clearance_radius__radius_0_50": {
      "baseline_social_force": {
        "collision_rate": 1.0,
        "comfort_exposure_mean": 0.011902774909950216,
        "mean_clearance": 10.700042201821084,
        "min_clearance": 5.304979856438573,
        "near_miss_rate": 0.0,
        "success_rate": 0.0,
        "time_to_goal_norm": 0.9277777777777777
      },
      "goal_seek": {
        "collision_rate": 1.0,
        "comfort_exposure_mean": 0.07742327438295712,
        "mean_clearance": 13.015458059078604,
        "min_clearance": 8.577994761412507,
        "near_miss_rate": 0.0,
        "success_rate": 0.0,
        "time_to_goal_norm": 0.34259259259259256
      }
    },
    "integration_timestep__dt_0_05": {
      "baseline_social_force": {
        "collision_rate": 0.0,
        "comfort_exposure_mean": 0.010493827160493826,
        "mean_clearance": 9.035112163607659,
        "min_clearance": 3.3336689174022545,
        "near_miss_rate": 0.0,
        "success_rate": 0.0,
        "time_to_goal_norm": 1.0
      },
      "goal_seek": {
        "collision_rate": 1.0,
        "comfort_exposure_mean": 0.011644839267957936,
        "mean_clearance": 10.681055483919712,
        "min_clearance": 5.241663420214586,
        "near_miss_rate": 0.0,
        "success_rate": 0.0,
        "time_to_goal_norm": 0.9518518518518518
      }
    },
    "integration_timestep__dt_0_20": {
      "baseline_social_force": {
        "collision_rate": 1.0,
        "comfort_exposure_mean": 0.02118205868205868,
        "mean_clearance": 13.756707550036085,
        "min_clearance": 8.655754363074768,
        "near_miss_rate": 0.0,
        "success_rate": 0.0,
        "time_to_goal_norm": 0.4666666666666666
      },
      "goal_seek": {
        "collision_rate": 1.0,
        "comfort_exposure_mean": 0.12154882154882153,
        "mean_clearance": 13.82644646952039,
        "min_clearance": 7.982630637499464,
        "near_miss_rate": 0.0,
        "success_rate": 0.0,
        "time_to_goal_norm": 0.17407407407407405
      }
    },
    "observation_noise__pedestrian_dropout_low": {
      "baseline_social_force": {
        "collision_rate": 1.0,
        "comfort_exposure_mean": 0.011902774909950216,
        "mean_clearance": 10.700042201821084,
        "min_clearance": 5.304979856438573,
        "near_miss_rate": 0.0,
        "success_rate": 0.0,
        "time_to_goal_norm": 0.9277777777777777
      },
      "goal_seek": {
        "collision_rate": 1.0,
        "comfort_exposure_mean": 0.08163202859171133,
        "mean_clearance": 13.002001209088753,
        "min_clearance": 8.559963181738189,
        "near_miss_rate": 0.0,
        "success_rate": 0.0,
        "time_to_goal_norm": 0.3444444444444444
      }
    },
    "observation_noise__pose_heading_low": {
      "baseline_social_force": {
        "collision_rate": 1.0,
        "comfort_exposure_mean": 0.011845238095238094,
        "mean_clearance": 10.689097560822882,
        "min_clearance": 5.305775465067604,
        "near_miss_rate": 0.0,
        "success_rate": 0.0,
        "time_to_goal_norm": 0.9314814814814815
      },
      "goal_seek": {
        "collision_rate": 1.0,
        "comfort_exposure_mean": 0.07222077054844235,
        "mean_clearance": 13.017095821080057,
        "min_clearance": 8.570802262531837,
        "near_miss_rate": 0.0,
        "success_rate": 0.0,
        "time_to_goal_norm": 0.3462962962962963
      }
    },
    "social_force_speed_archetypes__mixed_balanced": {
      "baseline_social_force": {
        "collision_rate": 1.0,
        "comfort_exposure_mean": 0.01251692018262326,
        "mean_clearance": 9.86965075760241,
        "min_clearance": 4.901684511590676,
        "near_miss_rate": 0.0,
        "success_rate": 0.0,
        "time_to_goal_norm": 0.9277777777777777
      },
      "goal_seek": {
        "collision_rate": 1.0,
        "comfort_exposure_mean": 0.08257115580314522,
        "mean_clearance": 12.737917312667372,
        "min_clearance": 7.598165855866628,
        "near_miss_rate": 0.0,
        "success_rate": 0.0,
        "time_to_goal_norm": 0.34814814814814815
      }
    },
    "social_force_speed_archetypes__rush_hour": {
      "baseline_social_force": {
        "collision_rate": 1.0,
        "comfort_exposure_mean": 0.01251692018262326,
        "mean_clearance": 9.86965075760241,
        "min_clearance": 4.901684511590676,
        "near_miss_rate": 0.0,
        "success_rate": 0.0,
        "time_to_goal_norm": 0.9277777777777777
      },
      "goal_seek": {
        "collision_rate": 1.0,
        "comfort_exposure_mean": 0.08257115580314522,
        "mean_clearance": 12.737917312667372,
        "min_clearance": 7.598165855866628,
        "near_miss_rate": 0.0,
        "success_rate": 0.0,
        "time_to_goal_norm": 0.34814814814814815
      }
    }
  },
  "claim_boundary": "bounded_actual_campaign_slice_not_full_benchmark_evidence: executes real Robot SF episodes for a compact two-planner local fidelity-sensitivity slice. It measures internal sensitivity on this slice only; it is not simulator-realism, sim-to-real, paper-facing planner-ranking, or full #3207 acceptance evidence.",
  "config_path": "configs/research/fidelity_sensitivity_v1.yaml",
  "date": "2026-06-20",
  "git_head": "dc523cd90",
  "git_status_short_at_generation": [
    " M docs/context/evidence/README.md",
    " M robot_sf/planner/socnav.py",
    "?? docs/context/evidence/issue_3207_fidelity_sensitivity_actual_slice_2026-06-20/",
    "?? scripts/benchmark/run_fidelity_sensitivity_campaign.py",
    "?? tests/benchmark/test_fidelity_sensitivity_campaign.py"
  ],
  "git_worktree_dirty": true,
  "issue": 3207,
  "prior_smoke_boundary": "diagnostic_smoke_not_benchmark_evidence: summarizes a small local same-scenario fidelity sensitivity smoke. It can show wiring, metric drift, and rank-stability calculation behavior, but it does not establish planner ranking, simulator realism, sim-to-real validity, or paper-facing benchmark evidence.",
  "rank_stability": {
    "axes": [
      {
        "axis": "integration_timestep__dt_0_05",
        "kendall_tau": 1.0,
        "metric_drift": {
          "collision_rate": 0.5,
          "comfort_exposure_mean": 0.03569806853660489,
          "mean_clearance": 0.1670535659058119,
          "min_clearance": 0.3796249093144728,
          "near_miss_rate": 0.0,
          "success_rate": 0.0,
          "time_to_goal_norm": 0.33981481481481485
        },
        "rank_flips": 0,
        "ranking": [
          "baseline_social_force",
          "goal_seek"
        ],