{
  "schema_version": "issue_4882.pairwise_deltas.v1",
  "pairwise": {
    "hybrid_rule_v3_fast_progress_static_escape_vs_orca": {
      "success": {
        "scenario_clustered": {
          "point": 0.07916666666666661,
          "ci95": [
            0.004166666666666652,
            0.15694444444444444
          ],
          "excludes_zero": true
        },
        "seed_block": {
          "point": 0.07916666666666661,
          "ci95": [
            0.05208333333333337,
            0.10625000000000007
          ],
          "excludes_zero": true
        }
      },
      "collision": {
        "scenario_clustered": {
          "point": -0.07777777777777778,
          "ci95": [
            -0.16666666666666666,
            0.012499999999999956
          ],
          "excludes_zero": false
        },
        "seed_block": {
          "point": -0.07777777777777778,
          "ci95": [
            -0.1020833333333333,
            -0.05486111111111108
          ],
          "excludes_zero": true
        }
      },
      "snqi": {
        "scenario_clustered": {
          "point": 0.1416991431583855,
          "ci95": [
            0.07522243747318541,
            0.21972040864394543
          ],
          "excludes_zero": true
        },
        "seed_block": {
          "point": 0.1416991431583855,
          "ci95": [
            0.12364212400962536,
            0.1598301584969415
          ],
          "excludes_zero": true
        }
      }
    },
    "hybrid_rule_v3_fast_progress_static_escape_continuous_vs_orca": {
      "success": {
        "scenario_clustered": {
          "point": 0.09097222222222223,
          "ci95": [
            0.02430555555555558,
            0.16249999999999998
          ],
          "excludes_zero": true
        },
        "seed_block": {
          "point": 0.09097222222222223,
          "ci95": [
            0.06458333333333333,
            0.1166666666666667
          ],
          "excludes_zero": true
        }
      },
      "collision": {
        "scenario_clustered": {
          "point": -0.13472222222222222,
          "ci95": [
            -0.21736111111111114,
            -0.05486111111111111
          ],
          "excludes_zero": true
        },
        "seed_block": {
          "point": -0.13472222222222222,
          "ci95": [
            -0.15902777777777777,
            -0.10972222222222222
          ],
          "excludes_zero": true
        }
      },
      "snqi": {
        "scenario_clustered": {
          "point": 0.11474792144346124,
          "ci95": [
            0.047993704608553414,
            0.19116093337931572
          ],
          "excludes_zero": true
        },
        "seed_block": {
          "point": 0.11474792144346124,
          "ci95": [
            0.09524343985166295,
            0.13477187996014509
          ],
          "excludes_zero": true
        }
      }
    },
    "scenario_adaptive_hybrid_orca_v1_vs_orca": {
      "success": {
        "scenario_clustered": {
          "point": 0.07291666666666663,
          "ci95": [
            -0.000694444444444442,
            0.14930555555555547
          ],
          "excludes_zero": false
        },
        "seed_block": {
          "point": 0.07291666666666663,
          "ci95": [
            0.046527777777777724,
            0.09999999999999998
          ],
          "excludes_zero": true
        }
      },
      "collision": {
        "scenario_clustered": {
          "point": -0.06805555555555554,
          "ci95": [
            -0.1534722222222222,
            0.01944444444444443
          ],
          "excludes_zero": false
        },
        "seed_block": {
          "point": -0.06805555555555554,
          "ci95": [
            -0.09305555555555553,
            -0.04375000000000001
          ],
          "excludes_zero": true
        }
      },
      "snqi": {
        "scenario_clustered": {
          "point": 0.14369494685801565,
          "ci95": [
            0.07749048240834357,
            0.221393115156466
          ],
          "excludes_zero": true
        },
        "seed_block": {
          "point": 0.14369494685801565,
          "ci95": [
            0.12633063415288628,
            0.1611582416009245
          ],
          "excludes_zero": true
        }
      }
    },
    "scenario_adaptive_hybrid_orca_v2_collision_guard_vs_orca": {
      "success": {
        "scenario_clustered": {
          "point": 0.07291666666666663,
          "ci95": [
            0.0,
            0.14930555555555558
          ],
          "excludes_zero": false
        },
        "seed_block": {
          "point": 0.07291666666666663,
          "ci95": [
            0.04583333333333339,
            0.09999999999999998
          ],
          "excludes_zero": true
        }
      },
      "collision": {
        "scenario_clustered": {
          "point": -0.07222222222222222,
          "ci95": [
            -0.15902777777777777,
            0.015989583333331843
          ],
          "excludes_zero": false
        },
        "seed_block": {
          "point": -0.07222222222222222,
          "ci95": [
            -0.09722222222222221,
            -0.04791666666666666
          ],
          "excludes_zero": true
        }
      },
      "snqi": {
        "scenario_clustered": {
          "point": 0.1405801644705969,
          "ci95": [
            0.07389550970752239,
            0.21841180336620725
          ],
          "excludes_zero": true
        },
        "seed_block": {
          "point": 0.1405801644705969,
          "ci95": [
            0.12305339065711661,
            0.15833950676187217
          ],
          "excludes_zero": true
        }
      }
    },
    "ppo_vs_orca": {
      "success": {
        "scenario_clustered": {
          "point": 0.036805555555555536,
          "ci95": [
            -0.05902777777777779,
            0.13611111111111118
          ],
          "excludes_zero": false
        },
        "seed_block": {
          "point": 0.036805555555555536,
          "ci95": [
            0.011111111111111183,
            0.06180555555555556
          ],
          "excludes_zero": true
        }
      },
      "collision": {
        "scenario_clustered": {
          "point": -0.01874999999999999,
          "ci95": [
            -0.12708333333333335,
            0.08958333333333329
          ],
          "excludes_zero": false
        },
        "seed_block": {
          "point": -0.01874999999999999,
          "ci95": [
            -0.04375000000000001,
            0.00694444444444442
          ],
          "excludes_zero": false
        }
      },
      "snqi": {
        "scenario_clustered": {
          "point": 0.10475500196543078,
          "ci95": [
            0.04359100736875606,
            0.1763707228882011
          ],
          "excludes_zero": true
        },
        "seed_block": {
          "point": 0.10475500196543078,
          "ci95": [
            0.08747624508153555,
            0.12253084054893554
          ],
          "excludes_zero": true
        }
      }
    },
    "ppo_vs_hybrid_rule_v3_fast_progress_static_escape_continuous": {
      "success": {
        "scenario_clustered": {
          "point": -0.054166666666666696,
          "ci95": [
            -0.15347222222222223,
            0.040277777777777746
          ],
          "excludes_zero": false
        },
        "seed_block": {
          "point": -0.054166666666666696,
          "ci95": [
            -0.08055555555555549,
            -0.027083333333333348
          ],
          "excludes_zero": true
        }
      },
      "collision": {
        "scenario_clustered": {
          "point": 0.11597222222222223,
          "ci95": [
            0.020138888888888873,
            0.21805555555555556
          ],
          "excludes_zero": true
        },
        "seed_block": {
          "point": 0.11597222222222223,
          "ci95": [
            0.09583333333333333,
            0.1361111111111111
          ],