{
  "schema_version": "issue_4882.s30_arm_statistics.v1",
  "bootstrap": {
    "resamples": 20000,
    "rng_seed": 20260713,
    "scenario_clustered": "resample 48 scenarios w/replacement, then 30 seeds within each; nan-aware mean; percentile 2.5/97.5",
    "seed_block": "resample 30 seed-blocks (each = all 48 scenarios at one seed) w/replacement; fixed-suite inference"
  },
  "per_arm": {
    "hybrid_rule_v3_fast_progress_static_escape": {
      "success": {
        "point": 0.7597222222222222,
        "ci95_scenario_clustered": [
          0.6652777777777777,
          0.8479166666666667
        ],
        "ci95_seed_block": [
          0.7347222222222223,
          0.7847222222222222
        ],
        "n": 1440
      },
      "collision": {
        "point": 0.20555555555555555,
        "ci95_scenario_clustered": [
          0.12569444444444444,
          0.29375
        ],
        "ci95_seed_block": [
          0.18888888888888888,
          0.2222222222222222
        ],
        "n": 1440
      },
      "snqi": {
        "point": -0.13526150606783083,
        "ci95_scenario_clustered": [
          -0.20492778005276913,
          -0.06783782125203947
        ],
        "ci95_seed_block": [
          -0.15097480799384083,
          -0.11990903020194624
        ],
        "n": 1440
      },
      "near_misses": {
        "point": 20.29513888888889,
        "ci95_scenario_clustered": [
          13.176875,
          28.469583333333322
        ],
        "ci95_seed_block": [
          18.250694444444445,
          22.35973958333333
        ],
        "n": 1440
      },
      "time_to_goal_norm": {
        "point": 0.45365972222222223,
        "ci95_scenario_clustered": [
          0.3808447337962963,
          0.5310429687499999
        ],
        "ci95_seed_block": [
          0.4352892939814814,
          0.47267364004629636
        ],
        "n": 1440
      },
      "path_efficiency": {
        "point": 0.986964263321826,
        "ci95_scenario_clustered": [
          0.9772509452138083,
          0.9949481048311558
        ],
        "ci95_seed_block": [
          0.9855312549308524,
          0.9883390794363741
        ],
        "n": 1440
      },
      "wall_time_sec": {
        "point": 15.587955126166344,
        "ci95_scenario_clustered": [
          13.1151016796877,
          18.315030804868375
        ],
        "ci95_seed_block": [
          15.157997223271263,
          15.996940461272994
        ],
        "n": 1440
      }
    },
    "hybrid_rule_v3_fast_progress_static_escape_continuous": {
      "success": {
        "point": 0.7715277777777778,
        "ci95_scenario_clustered": [
          0.6875,
          0.8486111111111111
        ],
        "ci95_seed_block": [
          0.7472222222222222,
          0.79375
        ],
        "n": 1440
      },
      "collision": {
        "point": 0.1486111111111111,
        "ci95_scenario_clustered": [
          0.08680555555555555,
          0.21666666666666667
        ],
        "ci95_seed_block": [
          0.13194444444444445,
          0.16527777777777777
        ],
        "n": 1440
      },
      "snqi": {
        "point": -0.16221272778275508,
        "ci95_scenario_clustered": [
          -0.2411902417706598,
          -0.0857585544956093
        ],
        "ci95_seed_block": [
          -0.1787811356097051,
          -0.14575845294243853
        ],
        "n": 1440
      },
      "near_misses": {
        "point": 20.95625,
        "ci95_scenario_clustered": [
          12.562465277777777,
          31.113940972222217
        ],
        "ci95_seed_block": [
          18.599947916666668,
          23.374322916666664
        ],
        "n": 1440
      },
      "time_to_goal_norm": {
        "point": 0.4599131944444445,
        "ci95_scenario_clustered": [
          0.39347792245370367,
          0.5297544849537034
        ],
        "ci95_seed_block": [
          0.44207624421296293,
          0.4791042245370371
        ],
        "n": 1440
      },
      "path_efficiency": {
        "point": 0.9863067416370319,
        "ci95_scenario_clustered": [
          0.9762027012042919,
          0.9943984970023306
        ],
        "ci95_seed_block": [
          0.9849438201350385,
          0.9876954583310467
        ],
        "n": 1440
      },
      "wall_time_sec": {
        "point": 18.24976111518012,
        "ci95_scenario_clustered": [
          15.39685241876377,
          21.422548310475214
        ],
        "ci95_seed_block": [
          17.562757002077994,
          19.003270316910413
        ],
        "n": 1440
      }
    },
    "orca": {
      "success": {
        "point": 0.6805555555555556,
        "ci95_scenario_clustered": [
          0.5909722222222222,
          0.7666666666666667
        ],
        "ci95_seed_block": [
          0.6569444444444444,
          0.7027777777777777
        ],
        "n": 1440
      },
      "collision": {
        "point": 0.2833333333333333,
        "ci95_scenario_clustered": [
          0.2048611111111111,
          0.3659722222222222
        ],
        "ci95_seed_block": [
          0.26180555555555557,
          0.30625
        ],
        "n": 1440
      },
      "snqi": {
        "point": -0.2769606492262163,
        "ci95_scenario_clustered": [
          -0.38132250091965836,
          -0.1766677171458588
        ],
        "ci95_seed_block": [
          -0.29549830032809027,
          -0.25872645750282375
        ],
        "n": 1440
      },
      "near_misses": {
        "point": 12.725694444444445,
        "ci95_scenario_clustered": [
          8.435399305555556,
          17.69593749999999
        ],
        "ci95_seed_block": [
          11.580555555555556,
          13.917361111111111
        ],
        "n": 1440
      },
      "time_to_goal_norm": {
        "point": 0.5199976851851852,
        "ci95_scenario_clustered": [
          0.44666197916666667,
          0.5961112847222222
        ],
        "ci95_seed_block": [
          0.5037787037037037,
          0.5363912326388889
        ],
        "n": 1440
      },
      "path_efficiency": {
        "point": 0.9673159347854702,
        "ci95_scenario_clustered": [
          0.9510618395978424,
          0.9816887600996395
        ],
        "ci95_seed_block": [
          0.9642358289003911,
          0.9703142533819258
        ],
        "n": 1440
      },
      "wall_time_sec": {
        "point": 1.3422930831710498,
        "ci95_scenario_clustered": [
          1.1517835656843252,
          1.5467045573931602
        ],
        "ci95_seed_block": [
          1.3082584968995719,
          1.3762893626342216
        ],
        "n": 1440
      }
    },
    "scenario_adaptive_hybrid_orca_v1": {
      "success": {
        "point": 0.7534722222222222,
        "ci95_scenario_clustered": [
          0.6569270833333334,
          0.84375
        ],
        "ci95_seed_block": [
          0.7291666666666666,
          0.7770833333333333
        ],
        "n": 1440
      },
      "collision": {
        "point": 0.2152777777777778,
        "ci95_scenario_clustered": [
          0.13333333333333333,
          0.3055555555555556
        ],
        "ci95_seed_block": [
          0.19791666666666666,
          0.23194444444444445
        ],
        "n": 1440
      },
      "snqi": {
        "point": -0.13326570236820068,
        "ci95_scenario_clustered": [
          -0.20217997481553523,
          -0.06660149375015775
        ],
        "ci95_seed_block": [
          -0.1477833664383578,
          -0.11907901328908448
        ],
        "n": 1440
      },
      "near_misses": {
        "point": 19.425,
        "ci95_scenario_clustered": [
          12.565156250000001,
          27.39592013888888
        ],
        "ci95_seed_block": [
          17.51109375,
          21.37986111111111
        ],
        "n": 1440
      },
      "time_to_goal_norm": {
        "point": 0.45782407407407405,