arm,scenario_id,seed,simulated_force,pp_equivalent_force,close_clearance_fraction,jerk_mean,curvature_mean
goal,classic_bottleneck_high,1001,1.5580310678128828,5.11403303360112,0.02702702702702703,0.12858596273210687,0.01238909304969423
goal,classic_bottleneck_high,1002,0.0,0.0,0.0,0.7602864297767334,0.08195192436411818
goal,classic_bottleneck_low,1001,0.0,0.0,0.0,0.0934019267747674,0.008941997996417223
goal,classic_bottleneck_low,1002,0.0,0.0,0.0,0.7602864297767334,0.08195192436411818
goal,classic_bottleneck_medium,1001,1.7519368175406642,4.225389163819618,0.03289473684210526,0.12515746327377567,0.012051612258131759
goal,classic_bottleneck_medium,1002,0.0,0.0,0.0,0.7602864297767334,0.08195192436411818
goal,classic_cross_trap_high,1001,18.416177401273732,5.544633369280177,0.11029411764705882,0.1524856686402503,0.043829145520305354
goal,classic_cross_trap_high,1002,22.89894297024174,5.312629209506207,0.0,0.22176702706418586,0.0640987227181815
goal,classic_cross_trap_low,1001,12.130904208484274,4.137516563936366,0.10273972602739725,0.14189646358913643,0.04070104725110401
goal,classic_cross_trap_low,1002,7.686628832989843,0.9623172056174376,0.0,0.22176702706418586,0.0640987227181815
goal,classic_cross_trap_medium,1001,17.041530972245454,4.456303350696891,0.10273972602739725,0.14189646358913643,0.04070104725110401
goal,classic_cross_trap_medium,1002,20.00995235980549,3.442242217837604,0.0,0.22176702706418586,0.0640987227181815
goal,classic_doorway_high,1001,8.783504728868559,1.1731249197574243,0.2,0.45713419615266493,0.1864508161016949
goal,classic_doorway_high,1002,7.888372147501284,2.41192698214636,0.16822429906542055,0.35718430880866514,0.12465206051592528
goal,classic_doorway_low,1001,1.9923298026880474,3.8212537150204557,0.07142857142857142,0.657084888234671,0.27726260882711035
goal,classic_doorway_low,1002,1.601625805832061,2.0741587832326065,0.0625,0.601978731243745,0.2168252160547768
goal,classic_doorway_medium,1001,3.1693520970958513,0.31420403362559873,0.0,0.45713419615266493,0.1864508161016949
goal,classic_doorway_medium,1002,2.264556255363477,0.42952327124339473,0.028037383177570093,0.35718430880866514,0.12465206051592528
goal,classic_group_crossing_high,1001,9.898767287816533,2.1923669344921812,0.16374269005847952,0.2121096012752186,0.06831871729443548
goal,classic_group_crossing_high,1002,7.733992097478539,1.6639779983725624,0.10559006211180125,0.17692397246228692,0.05106822197115442
goal,classic_group_crossing_low,1001,9.898210342281498,2.149658172769912,0.16374269005847952,0.2121096012752186,0.06831871729443548
goal,classic_group_crossing_low,1002,4.635406514501945,0.959435986443971,0.055900621118012424,0.17692397246228692,0.05106822197115442
goal,classic_group_crossing_medium,1001,9.898769013928474,2.1972791706483683,0.16374269005847952,0.2121096012752186,0.06831871729443548
goal,classic_group_crossing_medium,1002,5.507224052543332,1.1895646796369692,0.06832298136645963,0.17692397246228692,0.05106822197115442
goal,classic_head_on_corridor_low,1001,5.164423378657154,4.862036915070833,0.04878048780487805,0.1994328861227957,0.055407893045858886
goal,classic_head_on_corridor_low,1002,7.258947155871701,1.8298652042941446,0.05519480519480519,0.12279472792527561,0.037333077793169286
goal,classic_head_on_corridor_medium,1001,5.164477049222603,4.946171832898998,0.04878048780487805,0.1994328861227957,0.055407893045858886
goal,classic_head_on_corridor_medium,1002,15.580905024727933,4.2529743873278125,0.12012987012987013,0.12279472792527561,0.037333077793169286
goal,classic_merging_low,1001,7.372608141988824,3.4592996973819625,0.06333333333333334,0.2790912775451103,0.11063238797117085
goal,classic_merging_low,1002,11.161421284378775,2.339776821549917,0.018333333333333333,0.3615760276562458,0.16231836380706516
goal,classic_merging_medium,1001,51.69806242199368,14.63107816580807,0.3442265795206972,0.32741847874909713,0.14378628851881228
goal,classic_merging_medium,1002,13.618921469714548,7.262974067027134,0.10033444816053512,0.2986512196927424,0.12211948516052393
goal,classic_overtaking_low,1001,8.788969374749707,1.7715439686724492,0.0,0.30438962487923926,0.11553123687878014
goal,classic_overtaking_low,1002,12.531763823565086,3.9631511571098246,0.07666666666666666,0.3237195511971522,0.134281843690433
goal,classic_overtaking_medium,1001,25.091309181562686,6.875334426932156,0.05985915492957746,0.24745903553475432,0.09888560993936332
goal,classic_overtaking_medium,1002,19.207395173952065,8.297925904777417,0.055970149253731345,0.277464988898288,0.12337895962056655
goal,classic_realworld_double_bottleneck_high,1001,9.575907743325663,2.345649599511223,0.03991596638655462,0.044468189660200816,0.0061249866165241865
goal,classic_realworld_double_bottleneck_high,1002,9.265096701187376,2.4199962701777515,0.04246284501061571,0.07050435100817626,0.0061666074073725916
goal,classic_station_platform_medium,1001,6.889377105208126,3.6675852914792992,0.140625,0.12397026033325693,0.00774569526712038
goal,classic_station_platform_medium,1002,13.72776918595144,6.089276342829737,0.10126582278481013,0.11325754609995063,0.008200067082428432
goal,classic_t_intersection_low,1001,0.6434432410656686,0.5922785195905885,0.0,0.3701401104068522,0.1245207479487903
goal,classic_t_intersection_low,1002,0.0,0.0929015678914325,0.0,0.47341957559795317,0.1983160956507136
goal,classic_t_intersection_medium,1001,0.6434432512942401,0.5948318633027742,0.0,0.3701401104068522,0.1245207479487903
goal,classic_t_intersection_medium,1002,0.0,0.10337986848306738,0.0,0.47341957559795317,0.1983160956507136
goal,classic_urban_crossing_medium,1001,4.17665638665613,4.7832225913737805,0.06,0.10283951101571077,0.002765535915522841
goal,classic_urban_crossing_medium,1002,3.8443410900093546,4.752151704191002,0.06206896551724138,0.10657050582618506,0.003054093341639234
goal,francis2023_accompanying_peer,1001,2.8092624637409838,0.2874954351023808,0.0,0.0708949744188948,0.00122217584110232
goal,francis2023_accompanying_peer,1002,3.0630176822015636,0.3061022707399205,0.0,0.10315215245330701,0.008605060888624337
goal,francis2023_blind_corner,1001,2.0200584751110084,4.0881774604877155,0.019011406844106463,0.29187700254920207,0.1039976667915864
goal,francis2023_blind_corner,1002,2.2032533878460088,4.107022552596516,0.022900763358778626,0.2922236734107853,0.10640902260223357
goal,francis2023_circular_crossing,1001,0.0,0.028562418852463564,0.0,0.24642143143371736,0.04712531550937396
goal,francis2023_circular_crossing,1002,0.16122282120891696,0.1402782461745245,0.0,0.2770737084606332,0.036665438671754334
goal,francis2023_crowd_navigation,1001,6.042105051281123,10.359319708511514,0.05319148936170213,0.2662086009484389,0.06447594734984292
goal,francis2023_crowd_navigation,1002,11.950327660988375,7.139397755229945,0.1111111111111111,0.1614467174966926,0.029214603308085382
goal,francis2023_down_path,1001,1.997005022937662,0.22621674855515442,0.0,0.0708949744188948,0.00122217584110232
goal,francis2023_down_path,1002,2.4229415015878697,0.23811108062651098,0.0,0.10315215245330701,0.008605060888624337
goal,francis2023_entering_elevator,1001,0.7212162193260682,1.4795505078656426,0.0,0.3187335796746336,0.08326056547943372
goal,francis2023_entering_elevator,1002,0.9590026956320394,1.6861267657569354,0.0,0.40600119621720737,0.07476223598906667
goal,francis2023_entering_room,1001,0.0,0.03040917247925984,0.0,0.23288026812447868,0.05945978648901609
goal,francis2023_entering_room,1002,0.0,0.030149144498858357,0.0,0.27183726434489447,0.051334206599498854
goal,francis2023_exiting_elevator,1001,3.6029247444300867,4.091148331211508,0.13513513513513514,0.24487315820607114,0.023657133175440225
goal,francis2023_exiting_elevator,1002,3.6027583804733228,4.223847516889669,0.12987012987012986,0.20449973572939537,0.0027136211969219187
goal,francis2023_exiting_room,1001,1.6755837904861224,0.27661547018502103,0.0,0.2027590541394903,0.06833787459725413
goal,francis2023_exiting_room,1002,1.678719393307663,0.2842027380547813,0.0,0.19300413076717501,0.058983825036197264
goal,francis2023_following_human,1001,5.0195619002378855,1.263897292387061,0.0,0.0708949744188948,0.00122217584110232
goal,francis2023_following_human,1002,5.211641576681057,1.2724273044227996,0.0,0.10315215245330701,0.008605060888624337
goal,francis2023_frontal_approach,1001,1.9511749089405066,4.102699769672169,0.02702702702702703,0.1357605924329561,0.03204053100760535
goal,francis2023_frontal_approach,1002,1.8984562983616575,4.152710048877747,0.027472527472527472,0.10378513037073857,0.01880001545291467
goal,francis2023_intersection_no_gesture,1001,0.0,0.02881975241818399,0.0,0.12276122389546147,0.016298529661211262
goal,francis2023_intersection_no_gesture,1002,0.0,0.02383850465635623,0.0,0.15092811652760524,0.019846778378106156
goal,francis2023_intersection_proceed,1001,0.0,0.02079162223587014,0.0,0.12276122389546147,0.016298529661211262
goal,francis2023_intersection_proceed,1002,0.0,0.017510322201486923,0.0,0.15092811652760524,0.019846778378106156
goal,francis2023_intersection_wait,1001,0.0,0.020791603310623078,0.0,0.12276122389546147,0.016298529661211262
goal,francis2023_intersection_wait,1002,0.0,0.017510310376023304,0.0,0.15092811652760524,0.019846778378106156
goal,francis2023_join_group,1001,5.925159213917764,3.6616535373532453,0.054945054945054944,0.26398914460419,0.06441505775428746
goal,francis2023_join_group,1002,5.848386256025702,3.552994574904314,0.05813953488372093,0.21737083806848168,0.03832179492268373
goal,francis2023_leading_human,1001,1.6405162286337978,0.15133728847683903,0.0,0.0708949744188948,0.00122217584110232
goal,francis2023_leading_human,1002,1.8013746017797367,0.1526351481407292,0.0,0.10315215245330701,0.008605060888624337
goal,francis2023_leave_group,1001,2.060394255537209,5.043015881648515,0.08928571428571429,0.4342909789047433,0.10860602015907922
goal,francis2023_leave_group,1002,2.1331705147393607,4.874465801895639,0.09433962264150944,0.3576605634855794,0.06446057633607002
goal,francis2023_narrow_doorway,1001,0.0,0.1557782173760491,0.0,0.2324164638808548,0.05598938478852958
goal,francis2023_narrow_doorway,1002,0.0,0.13169319468603272,0.0,0.18539999777738767,0.03360523058017557
goal,francis2023_narrow_hallway,1001,1.7737149494113469,4.0711279325190235,0.03676470588235294,0.15324196095120662,0.026264768457240482
goal,francis2023_narrow_hallway,1002,2.0400825170006267,4.163494443831233,0.037037037037037035,0.13959695642310532,0.02515166648704759
goal,francis2023_parallel_traffic,1001,51.56599610361344,13.517714806908419,0.44221105527638194,0.12611263535854927,0.02971210814147848
goal,francis2023_parallel_traffic,1002,47.215102587807756,9.398019632845182,0.102803738317757,0.10379115997624247,0.013598949001011357
goal,francis2023_pedestrian_obstruction,1001,3.3406094903650883,3.412486708768135,0.029411764705882353,0.09201553436988588,0.021547247972877756
goal,francis2023_pedestrian_obstruction,1002,3.439362044532127,3.4942103699552605,0.03018867924528302,0.07103168318640066,0.012784501758922928
goal,francis2023_pedestrian_overtaking,1001,5.579013010598787,0.6200343511715906,0.0,0.0476077390834928,0.02019527027310977
goal,francis2023_pedestrian_overtaking,1002,5.73392707663297,0.5840130956243,0.0,0.06674273754417334,0.01916450602161557
goal,francis2023_perpendicular_traffic,1001,4.65773308591139,5.2933866948870225,0.09523809523809523,0.19936228913111398,0.03446377471188234
goal,francis2023_perpendicular_traffic,1002,13.755062366309089,3.1852283936764163,0.11312217194570136,0.15092811652760524,0.019846778378106156
goal,francis2023_robot_crowding,1001,7.131493019700179,8.633348663056337,0.2682926829268293,0.5973996202317338,0.1499767076204923
goal,francis2023_robot_crowding,1002,14.540907779477493,15.399097261627444,0.16326530612244897,0.3879023904906597,0.07012719325085855
goal,francis2023_robot_overtaking,1001,3.490646360748677,3.4526019213445545,0.1,0.3184759631499578,0.0776747481631155
goal,francis2023_robot_overtaking,1002,3.6403839405227716,3.4664056359155477,0.1232876712328767,0.2630878295388244,0.04917171233384205
guarded_ppo,classic_bottleneck_high,1001,157.44405549069697,31.72789881498649,0.678,0.2627113600066331,0.03002912193866628
guarded_ppo,classic_bottleneck_high,1002,147.1305213822712,29.28554314589194,0.652,0.3170032827160224,0.13411458410279017
guarded_ppo,classic_bottleneck_low,1001,0.0,0.0,0.0,0.8302356504781699,0.05157473302780644
guarded_ppo,classic_bottleneck_low,1002,0.0,0.0,0.0,0.9420240654747694,0.1185251912113268
guarded_ppo,classic_bottleneck_medium,1001,53.4422824088653,10.168084278235924,0.666,0.4022855188029398,0.03149299682548643
guarded_ppo,classic_bottleneck_medium,1002,49.647841970863844,9.311646345220097,0.638,0.2928603595703738,0.13064868896851334
guarded_ppo,classic_cross_trap_high,1001,190.80762412730675,20.281174816969703,0.0,0.4120845834274455,0.1229075326250404
guarded_ppo,classic_cross_trap_high,1002,200.6273360248694,20.24747181358236,0.0,0.7940535194801924,0.3749852878025506
guarded_ppo,classic_cross_trap_low,1001,5.451074849971561,1.8759501257473485,0.0,2.4859981794123653,0.24839076136409824
guarded_ppo,classic_cross_trap_low,1002,11.040991819324478,1.7700820748047925,0.0,2.234849449622578,0.2567930684595021
guarded_ppo,classic_cross_trap_medium,1001,133.54301462600807,15.101052085297148,0.0,1.8385664612814707,0.32651600023649363
guarded_ppo,classic_cross_trap_medium,1002,15.708382752321334,4.098686863702292,0.0,2.5675455685376467,0.3048823074717841
guarded_ppo,classic_doorway_high,1001,31.42312141437533,4.593329799077663,0.0,2.208483394812172,0.24681412948240666
guarded_ppo,classic_doorway_high,1002,19.525423790039838,3.8270152381008007,0.0,2.2358016487141406,0.279427986003572
guarded_ppo,classic_doorway_low,1001,19.1197368169136,4.8630681943423815,0.096,0.3056031481359427,0.42576791996744173
guarded_ppo,classic_doorway_low,1002,3.602367084686522,1.7495291630182093,0.0,2.1535105806731716,0.41732751420046266
guarded_ppo,classic_doorway_medium,1001,43.13489507415729,4.396753891756528,0.0,1.6204039588223234,0.35802958991671974
guarded_ppo,classic_doorway_medium,1002,14.026663944968352,2.8375704237170503,0.0,2.3156361761591606,0.3279329482904469
guarded_ppo,classic_group_crossing_high,1001,2.9114800976308457,1.7687592203723808,0.0,2.5629323791094185,0.32529947085551164
guarded_ppo,classic_group_crossing_high,1002,6.225581404249592,1.4884511733448007,0.0,2.7333646199316646,0.4958790904632349
guarded_ppo,classic_group_crossing_low,1001,74.12588920380533,15.316883597601672,0.3,0.8906888676569128,0.46772694225900807
guarded_ppo,classic_group_crossing_low,1002,3.234891821816382,1.8168146868960422,0.0,2.3329757189063614,0.2656082502578654
guarded_ppo,classic_group_crossing_medium,1001,4.01845050215056,2.7557403928851274,0.0,2.658346619687711,0.3353189807042412
guarded_ppo,classic_group_crossing_medium,1002,2.5810860760995085,0.8469604150587218,0.0,2.8323887842846056,0.2587433562979763
guarded_ppo,classic_head_on_corridor_low,1001,3.5724447438243874,0.5617819537758376,0.0,2.213000470347444,0.18307149702390071
guarded_ppo,classic_head_on_corridor_low,1002,15.167173634764325,4.3367933432452,0.03496503496503497,1.485394033295446,0.28853429761850746
guarded_ppo,classic_head_on_corridor_medium,1001,22.400251790931623,6.540681032032507,0.0,1.5347075168832551,0.2951586260059033
guarded_ppo,classic_head_on_corridor_medium,1002,33.89573075982262,8.718386311620463,0.0,2.015477477685385,0.3800311045126505
guarded_ppo,classic_merging_low,1001,12.615914929797071,3.0352422516983197,0.0,1.8096125570425183,0.2623260110742706
guarded_ppo,classic_merging_low,1002,10.430368732625523,1.662623803577307,0.0,1.5858122877102863,0.1899790605225786
guarded_ppo,classic_merging_medium,1001,42.4871444265713,6.815772516230408,0.0,2.0135472384355326,0.1845557941085225
guarded_ppo,classic_merging_medium,1002,45.64049024240222,7.181863690567631,0.0,2.345111018344855,0.20447365246585156
guarded_ppo,classic_overtaking_low,1001,20.238413445310243,3.7358496096326586,0.0,1.8376429136746448,0.2859597423079438
guarded_ppo,classic_overtaking_low,1002,6.680345539831601,1.2893395767908729,0.0,2.02862473361502,0.275825539303766
guarded_ppo,classic_overtaking_medium,1001,6.388224769890278,2.3152409994661802,0.0,2.450401343169155,0.3552730841429323
guarded_ppo,classic_overtaking_medium,1002,21.38841039841077,7.167309719645113,0.0,2.0931513721040487,0.3210294464246725
guarded_ppo,classic_realworld_double_bottleneck_high,1001,10.43330843078451,3.9063586634693546,0.0,2.5692712633767507,0.3199402621822711
guarded_ppo,classic_realworld_double_bottleneck_high,1002,18.490277645716997,7.530845760873369,0.0,2.2469838316557205,0.3310527977438631
guarded_ppo,classic_station_platform_medium,1001,38.007304839380744,11.007669278180371,0.018461538461538463,2.2277510893164414,0.29776291368050983
guarded_ppo,classic_station_platform_medium,1002,22.122767120929552,7.520476106425102,0.0,2.171771104898167,0.3478251748901412
guarded_ppo,classic_t_intersection_low,1001,10.090717670617245,1.9735855341954676,0.0,0.8719458689352833,0.08882373924039891
guarded_ppo,classic_t_intersection_low,1002,5.978470480349277,1.3174401584630895,0.0,0.9695883148543827,0.11534472380455302
guarded_ppo,classic_t_intersection_medium,1001,9.673318911501342,2.023437625631286,0.0,0.7136722881710434,0.09450961207446909
guarded_ppo,classic_t_intersection_medium,1002,6.885686237833795,1.4677605905126208,0.0,0.9925161832150664,0.10589179685709067
guarded_ppo,classic_urban_crossing_medium,1001,20.872489603787365,6.964716084170149,0.0,2.0143547474898127,0.36132305740677545
guarded_ppo,classic_urban_crossing_medium,1002,7.742767625961794,1.8775315504148282,0.0,1.2172206521516533,0.08411378344091693
guarded_ppo,francis2023_accompanying_peer,1001,3.68154003040914,0.3745630605893131,0.0,0.48118364784405915,0.05847794856839529
guarded_ppo,francis2023_accompanying_peer,1002,3.2782546676320283,0.2820361475383144,0.0,0.9463359587883201,0.06192660350748134
guarded_ppo,francis2023_blind_corner,1001,16.001164266413216,3.6130966210660236,0.0,0.4513395927448672,0.1001733932038562
guarded_ppo,francis2023_blind_corner,1002,15.614325018319585,3.557574616547651,0.0,0.4448006271728013,0.1056994812169216
guarded_ppo,francis2023_circular_crossing,1001,0.0,0.030837721351006278,0.0,2.013243189735512,0.2586137813637386
guarded_ppo,francis2023_circular_crossing,1002,0.05343755598309732,0.11557514148440576,0.0,2.102390671454675,0.2536935410199869
guarded_ppo,francis2023_crowd_navigation,1001,61.0862693925161,21.802533469507217,0.1125,1.7601457065158856,0.38095204295686985
guarded_ppo,francis2023_crowd_navigation,1002,46.27890460242209,12.656992235690602,0.0,0.9860667135094501,0.39352195739563944
guarded_ppo,francis2023_down_path,1001,2.664792386741845,0.26755020605521007,0.0,1.1203590252852096,0.08931347439312116
guarded_ppo,francis2023_down_path,1002,3.010840745171503,0.29316595933565626,0.0,1.2650618228215267,0.05735788700779521
guarded_ppo,francis2023_entering_elevator,1001,1.252804561916413,1.433585766161768,0.0,1.7701271499308082,0.17808564021070347
guarded_ppo,francis2023_entering_elevator,1002,2.5302978729457553,1.5080201502672328,0.0,2.2642289859897735,0.2735307464322273
guarded_ppo,francis2023_entering_room,1001,0.0,0.08441409431074526,0.0,2.3943467207037177,0.36487528704516137
guarded_ppo,francis2023_entering_room,1002,0.0,0.005640374259652685,0.0,0.32977869822879946,0.17719298311652407
guarded_ppo,francis2023_exiting_elevator,1001,36.458942037894,4.147681766471789,0.0,0.6714434566142146,0.14209801711133985
guarded_ppo,francis2023_exiting_elevator,1002,4.304781448240926,0.5278778616988375,0.0,1.4535657346452229,0.1415534413118883
guarded_ppo,francis2023_exiting_room,1001,0.23250493743801923,0.07807232485220289,0.0,2.017214685834762,0.26028493425354976
guarded_ppo,francis2023_exiting_room,1002,0.16872827635782175,0.06430152522082987,0.0,2.528767895198951,0.21521476695226502
guarded_ppo,francis2023_following_human,1001,8.72986234474531,4.462446594032625,0.0,0.8028587434101304,0.1383066763382537
guarded_ppo,francis2023_following_human,1002,4.69197606003475,0.8797887089639851,0.0,0.7516203473068369,0.061829342157094895
guarded_ppo,francis2023_frontal_approach,1001,5.5690245951150406,1.6841886330799647,0.0,1.2477214141403563,0.06267821632126366
guarded_ppo,francis2023_frontal_approach,1002,6.255516365248982,2.1021648314436567,0.0,1.200355115823606,0.09960010886302241
guarded_ppo,francis2023_intersection_no_gesture,1001,0.0,0.022415955830020335,0.0,0.827941488464278,0.06822838605128491
guarded_ppo,francis2023_intersection_no_gesture,1002,0.0,0.02149604161475463,0.0,0.8129517201123403,0.06942496495944542
guarded_ppo,francis2023_intersection_proceed,1001,0.0,0.01481554641210548,0.0,0.7815725304714766,0.06747124784960704
guarded_ppo,francis2023_intersection_proceed,1002,0.0,0.014477014859561495,0.0,0.6836276086487465,0.0700607198164034
guarded_ppo,francis2023_intersection_wait,1001,0.0,0.014815542726592522,0.0,0.7815725304714766,0.06747124784960704
guarded_ppo,francis2023_intersection_wait,1002,0.0,0.01447700941259238,0.0,0.7743467970925293,0.07633053274398713
guarded_ppo,francis2023_join_group,1001,1.6941766964629335,0.5881005426597662,0.0,2.2144454935334372,0.2538189520404038
guarded_ppo,francis2023_join_group,1002,2.2844359480139347,0.4191914631512683,0.0,2.5733769062179586,0.23874599063106847
guarded_ppo,francis2023_leading_human,1001,1.4858980210658772,0.17704337408384463,0.0,0.7062507043227622,0.09542436346998014
guarded_ppo,francis2023_leading_human,1002,2.384558554670256,0.20130005184965608,0.0,0.8839931000080583,0.06882788875241808
guarded_ppo,francis2023_leave_group,1001,55.2383389872535,5.756908000550153,0.0,0.4729441864761724,0.09203812691801318
guarded_ppo,francis2023_leave_group,1002,6.997178528619343,0.9417383865209861,0.0,1.93067701459952,0.16712070190939474
guarded_ppo,francis2023_narrow_doorway,1001,0.0,0.09618582681621775,0.0,0.5401624548340638,0.07117809814436565
guarded_ppo,francis2023_narrow_doorway,1002,0.0,0.059869643185797156,0.0,0.31787114537295286,0.06617033555267447
guarded_ppo,francis2023_narrow_hallway,1001,34.141837090702595,6.512580653896875,0.0,0.3842168235074779,0.037960093557835056
guarded_ppo,francis2023_narrow_hallway,1002,34.639523811719684,6.625748813155048,0.0,0.4254871644771605,0.031619170372580094
guarded_ppo,francis2023_parallel_traffic,1001,28.388547351974957,3.467405948814799,0.0,1.8607134675521184,0.09073998824936995
guarded_ppo,francis2023_parallel_traffic,1002,35.10475769036078,5.071642777343442,0.0,1.3452107661748052,0.1358201749470096
guarded_ppo,francis2023_pedestrian_obstruction,1001,10.464500533136022,2.889775014567835,0.0,1.312160778975712,0.05357758169169432
guarded_ppo,francis2023_pedestrian_obstruction,1002,9.361758654833414,2.0183133963298543,0.0,1.2289989977134532,0.05147838277789917
guarded_ppo,francis2023_pedestrian_overtaking,1001,2.5134498298823464,0.35081824486330637,0.0,0.7326559401092209,0.7409243876188748
guarded_ppo,francis2023_pedestrian_overtaking,1002,2.5951545211289653,0.41491463820123986,0.0,0.7204999486443268,0.7444589034243863
guarded_ppo,francis2023_perpendicular_traffic,1001,24.332522091015235,6.9621637157010445,0.02197802197802198,1.8047491499215684,0.19469998429612043
guarded_ppo,francis2023_perpendicular_traffic,1002,15.58318858339026,4.142874765163111,0.045627376425855515,0.839057901646699,0.12556795865262962
guarded_ppo,francis2023_robot_crowding,1001,47.10628969175652,10.865306500223953,0.0,2.164816578121482,0.3710982687321186
guarded_ppo,francis2023_robot_crowding,1002,289.49388014042376,59.37845835050973,0.4125,0.9738865227297114,0.5312633304247257
guarded_ppo,francis2023_robot_overtaking,1001,18.058826514770498,3.117708392524574,0.0,1.7829283420419348,0.08877531569262712
guarded_ppo,francis2023_robot_overtaking,1002,23.223818330026873,3.569153398310933,0.0,2.2087778844944923,0.10001069616984255
hybrid_rule_v4_fast_progress_static_escape,classic_bottleneck_high,1001,25.11016097543372,10.1662652269369,0.35428571428571426,1.5128036334312052,0.04271916327345304
hybrid_rule_v4_fast_progress_static_escape,classic_bottleneck_high,1002,25.822474407398513,10.474329914404558,0.3728813559322034,1.3452572423699527,0.04162742128431196
hybrid_rule_v4_fast_progress_static_escape,classic_bottleneck_low,1001,0.0,0.0,0.0,0.6626100451855852,0.020594159785153845
hybrid_rule_v4_fast_progress_static_escape,classic_bottleneck_low,1002,0.0,0.0,0.0,0.6652678745799585,0.027740722155086862
hybrid_rule_v4_fast_progress_static_escape,classic_bottleneck_medium,1001,9.914732430863438,4.8774457795907225,0.25925925925925924,1.065034636778871,0.0541312045890588
hybrid_rule_v4_fast_progress_static_escape,classic_bottleneck_medium,1002,7.250517241711847,2.9538047919678334,0.13636363636363635,1.0294448254533506,0.06516561355531074
hybrid_rule_v4_fast_progress_static_escape,classic_cross_trap_high,1001,66.60311467741857,12.266935566505186,0.06511627906976744,1.1783078278623813,0.06992748737169885
hybrid_rule_v4_fast_progress_static_escape,classic_cross_trap_high,1002,63.63891606012594,14.796972341761625,0.1308641975308642,1.0435161282272385,0.07239843334580195
hybrid_rule_v4_fast_progress_static_escape,classic_cross_trap_low,1001,26.891846058843523,4.910157166110582,0.0,1.74796594195685,0.06178508063161941
hybrid_rule_v4_fast_progress_static_escape,classic_cross_trap_low,1002,11.24786174607474,3.504520978411703,0.0,0.7556965667156055,0.05636348900015336
hybrid_rule_v4_fast_progress_static_escape,classic_cross_trap_medium,1001,41.4452320070282,8.208116337940496,0.0,1.4232341487339675,0.06917376661633562
hybrid_rule_v4_fast_progress_static_escape,classic_cross_trap_medium,1002,38.61236815100779,9.23801221498145,0.0,1.094948933130618,0.05953280853776609
hybrid_rule_v4_fast_progress_static_escape,classic_doorway_high,1001,12.58751292995626,1.799349763549283,0.0703125,1.957837635866961,0.17703794093362482
hybrid_rule_v4_fast_progress_static_escape,classic_doorway_high,1002,9.684199150317603,1.1012074552383513,0.09401709401709402,1.4453393522438378,0.13075456267995048
hybrid_rule_v4_fast_progress_static_escape,classic_doorway_low,1001,21.239952133948492,4.750917125691803,0.5914634146341463,1.8312909760304747,0.2521679838969812
hybrid_rule_v4_fast_progress_static_escape,classic_doorway_low,1002,9.403846215894157,2.2106349523067204,0.2926829268292683,1.7514515011562946,0.1420326069568073
hybrid_rule_v4_fast_progress_static_escape,classic_doorway_medium,1001,6.278496638519924,0.4500818081356049,0.0,1.5436208458995524,0.17827884765404378
hybrid_rule_v4_fast_progress_static_escape,classic_doorway_medium,1002,5.283825391046698,0.45489502865632225,0.0,1.494407570305765,0.12758451397876627
hybrid_rule_v4_fast_progress_static_escape,classic_group_crossing_high,1001,39.329561798040906,10.185233095211286,0.7290836653386454,2.831335590453351,0.15690095230806983
hybrid_rule_v4_fast_progress_static_escape,classic_group_crossing_high,1002,10.357502108458547,2.7822787749196927,0.12903225806451613,1.2265525591216329,0.08416470618860883
hybrid_rule_v4_fast_progress_static_escape,classic_group_crossing_low,1001,39.48785902880414,9.992569171012097,0.7410358565737052,3.0085479801673682,0.1560315691405982
hybrid_rule_v4_fast_progress_static_escape,classic_group_crossing_low,1002,37.66036612472214,9.698580906624649,0.788,3.4522745043271823,0.16871548832213332
hybrid_rule_v4_fast_progress_static_escape,classic_group_crossing_medium,1001,39.4615235932378,10.180231541182554,0.7290836653386454,2.831335387439608,0.15690095583225264
hybrid_rule_v4_fast_progress_static_escape,classic_group_crossing_medium,1002,10.402499028873155,3.744561603161239,0.2,1.2163598693708777,0.11266435467878479
hybrid_rule_v4_fast_progress_static_escape,classic_head_on_corridor_low,1001,14.347841833476227,5.531024746695213,0.18565400843881857,1.1962781263313944,0.07543166674666964
hybrid_rule_v4_fast_progress_static_escape,classic_head_on_corridor_low,1002,5.202661918212314,2.0955359982246398,0.08333333333333333,0.9560876251133554,0.09001666205475768
hybrid_rule_v4_fast_progress_static_escape,classic_head_on_corridor_medium,1001,20.948152292706837,7.508748622787573,0.21923076923076923,1.3458932401236905,0.10596514635125753
hybrid_rule_v4_fast_progress_static_escape,classic_head_on_corridor_medium,1002,9.80836523772794,3.055776641373793,0.05970149253731343,1.1037804461408036,0.07436072447375063
hybrid_rule_v4_fast_progress_static_escape,classic_merging_low,1001,18.977276133333188,5.962457045948103,0.006437768240343348,1.4288884140062077,0.1682808550554563
hybrid_rule_v4_fast_progress_static_escape,classic_merging_low,1002,54.2505181665615,9.119555397767938,0.11631944444444445,1.7449038143036721,0.16637496357742254
hybrid_rule_v4_fast_progress_static_escape,classic_merging_medium,1001,77.59327584620706,16.15694301475126,0.25666666666666665,1.1453730271452296,0.16209299737733393
hybrid_rule_v4_fast_progress_static_escape,classic_merging_medium,1002,89.51004867767963,15.060544848425193,0.02079722703639515,1.190775937087327,0.16962994000495432
hybrid_rule_v4_fast_progress_static_escape,classic_overtaking_low,1001,8.611404404116653,3.380961889528154,0.0,1.0782332761460867,0.11135418336522389
hybrid_rule_v4_fast_progress_static_escape,classic_overtaking_low,1002,15.35394987555821,5.1766534568197535,0.0449438202247191,1.4758550591137678,0.1344647699099023
hybrid_rule_v4_fast_progress_static_escape,classic_overtaking_medium,1001,18.23885435318024,5.426067772265231,0.0,1.1812457431358938,0.1207520595469666
hybrid_rule_v4_fast_progress_static_escape,classic_overtaking_medium,1002,23.365661034219027,8.178947551791182,0.0,1.1566676745923343,0.12445645216048887
hybrid_rule_v4_fast_progress_static_escape,classic_realworld_double_bottleneck_high,1001,9.63177580425019,3.227093606129069,0.0718954248366013,1.1894650616511289,0.039575098156471374
hybrid_rule_v4_fast_progress_static_escape,classic_realworld_double_bottleneck_high,1002,9.260092706720252,3.0113606532329884,0.04783599088838269,1.5390824932356268,0.2853463367306867
hybrid_rule_v4_fast_progress_static_escape,classic_station_platform_medium,1001,82.42127253153586,23.22007926507523,0.1676923076923077,1.7690675990921414,0.0801411614719578
hybrid_rule_v4_fast_progress_static_escape,classic_station_platform_medium,1002,152.49285095890264,29.85103117108404,0.24307692307692308,2.137894287512231,0.11103253123598977
hybrid_rule_v4_fast_progress_static_escape,classic_t_intersection_low,1001,6.460720540963635,2.366571808525786,0.0,0.7764338301373418,0.08662965550692786
hybrid_rule_v4_fast_progress_static_escape,classic_t_intersection_low,1002,2.802613564487451,2.15368686598018,0.0,1.030170433160079,0.12938314843883167
hybrid_rule_v4_fast_progress_static_escape,classic_t_intersection_medium,1001,6.460720538009806,2.366621657831539,0.0,0.7764338301373418,0.08662965550692786
hybrid_rule_v4_fast_progress_static_escape,classic_t_intersection_medium,1002,18.276930162910787,5.2849661459420165,0.055299539170506916,0.8368781070177667,0.1325627636044359
hybrid_rule_v4_fast_progress_static_escape,classic_urban_crossing_medium,1001,0.0,0.03615712181856809,0.0,0.5865608737163586,0.010578878429964925
hybrid_rule_v4_fast_progress_static_escape,classic_urban_crossing_medium,1002,6.900018934058358,2.3392892006386687,0.0,0.8388262757818071,0.027304945466031242
hybrid_rule_v4_fast_progress_static_escape,francis2023_accompanying_peer,1001,1.3134049281635922,0.11163654611703062,0.0,0.43592564375805987,0.022230015188820236
hybrid_rule_v4_fast_progress_static_escape,francis2023_accompanying_peer,1002,1.6962219144238107,0.27481215329974756,0.0,1.4929346818343414,0.5198361197138451
hybrid_rule_v4_fast_progress_static_escape,francis2023_blind_corner,1001,7.368724332757511,1.8496237951955916,0.018461538461538463,0.8298325821811425,0.0815246299077482
hybrid_rule_v4_fast_progress_static_escape,francis2023_blind_corner,1002,7.596243584119297,1.8515863449497507,0.024691358024691357,0.8293750392475949,0.08192605518220236
hybrid_rule_v4_fast_progress_static_escape,francis2023_circular_crossing,1001,0.0,0.02280160307993461,0.0,0.7548249469272542,0.056496181611735356
hybrid_rule_v4_fast_progress_static_escape,francis2023_circular_crossing,1002,0.0,0.11483013901065992,0.0,0.7107163761528202,0.11198817331680705
hybrid_rule_v4_fast_progress_static_escape,francis2023_crowd_navigation,1001,128.19591995858718,32.91241788006856,0.5598885793871866,0.913525050733273,0.09681764828031349
hybrid_rule_v4_fast_progress_static_escape,francis2023_crowd_navigation,1002,71.42615239303196,17.804646684690407,0.28346456692913385,1.1186002683649228,0.112770747877922
hybrid_rule_v4_fast_progress_static_escape,francis2023_down_path,1001,0.49454475063274334,0.060750695820614424,0.0,0.39864251565291986,0.02130532418493238
hybrid_rule_v4_fast_progress_static_escape,francis2023_down_path,1002,1.0286348056186856,0.7259065530064532,0.0,1.5248157790279955,0.521177249116775
hybrid_rule_v4_fast_progress_static_escape,francis2023_entering_elevator,1001,1.0399605344447327,1.6521778642671752,0.0,1.5599173349400859,0.10996010411441343
hybrid_rule_v4_fast_progress_static_escape,francis2023_entering_elevator,1002,18.075103238022056,5.053664929870047,0.0,2.043678349646877,1.2087646628724735
hybrid_rule_v4_fast_progress_static_escape,francis2023_entering_room,1001,0.0,0.05677410323680772,0.0,1.1258882416593359,0.07836441198917916
hybrid_rule_v4_fast_progress_static_escape,francis2023_entering_room,1002,0.0,0.0864447051149051,0.0,2.0280517742538953,0.9562812905804686
hybrid_rule_v4_fast_progress_static_escape,francis2023_exiting_elevator,1001,9.03781071055669,1.8753207643106788,0.28695652173913044,1.1688760655685035,0.11772735178614284
hybrid_rule_v4_fast_progress_static_escape,francis2023_exiting_elevator,1002,9.381936857946002,1.9981440733160518,0.288135593220339,1.2473626808496898,0.10074722687964607
hybrid_rule_v4_fast_progress_static_escape,francis2023_exiting_room,1001,0.8014556906411141,0.0933140921810496,0.0,1.4361998953230704,0.09129817096319079
hybrid_rule_v4_fast_progress_static_escape,francis2023_exiting_room,1002,0.6858582814916512,0.059618573424906944,0.0,1.5119986600197786,0.07111476247203867
hybrid_rule_v4_fast_progress_static_escape,francis2023_following_human,1001,2.6721533036579,0.3880221043128398,0.0,0.39010057234536744,0.02213264487555835
hybrid_rule_v4_fast_progress_static_escape,francis2023_following_human,1002,3.344543781413037,0.6773371246327895,0.0,1.430813237926849,0.5164346055543063
hybrid_rule_v4_fast_progress_static_escape,francis2023_frontal_approach,1001,4.522391093986442,1.9403474837130408,0.0594059405940594,0.6834353893490837,0.0626726339563461
hybrid_rule_v4_fast_progress_static_escape,francis2023_frontal_approach,1002,5.12181610460454,2.127267852940818,0.07547169811320754,0.7295980397824299,0.09995308155832587
hybrid_rule_v4_fast_progress_static_escape,francis2023_intersection_no_gesture,1001,0.0,0.0007175446176176461,0.0,0.4893207603121184,0.03201809131171292
hybrid_rule_v4_fast_progress_static_escape,francis2023_intersection_no_gesture,1002,0.0,0.00037697293422713434,0.0,0.49519840164960227,0.06509940187795352
hybrid_rule_v4_fast_progress_static_escape,francis2023_intersection_proceed,1001,0.0,0.0007043434643201314,0.0,0.4893207603121184,0.03201809131171292
hybrid_rule_v4_fast_progress_static_escape,francis2023_intersection_proceed,1002,0.0,0.0003694534632495243,0.0,0.49519840164960227,0.06509940187795352
hybrid_rule_v4_fast_progress_static_escape,francis2023_intersection_wait,1001,0.0,0.0007043434643201314,0.0,0.4893207603121184,0.03201809131171292
hybrid_rule_v4_fast_progress_static_escape,francis2023_intersection_wait,1002,0.0,0.0003694534632495243,0.0,0.49519840164960227,0.06509940187795352
hybrid_rule_v4_fast_progress_static_escape,francis2023_join_group,1001,128.36204918594316,23.978454724114574,0.8475,0.25909543480298974,0.12641827748526693
hybrid_rule_v4_fast_progress_static_escape,francis2023_join_group,1002,135.54344890023495,25.353303887955317,0.855,0.23313447862552222,0.12840829421261257
hybrid_rule_v4_fast_progress_static_escape,francis2023_leading_human,1001,0.8662512072880113,0.09555264682825304,0.0,0.4425915729424229,0.02820836161421911
hybrid_rule_v4_fast_progress_static_escape,francis2023_leading_human,1002,1.043790920561727,0.10133542592583036,0.0,0.4174959454378992,0.05599626372815996
hybrid_rule_v4_fast_progress_static_escape,francis2023_leave_group,1001,112.43924606908132,23.74565727321818,0.8825,0.2827723226090744,0.19149685330664165
hybrid_rule_v4_fast_progress_static_escape,francis2023_leave_group,1002,112.72827982456725,23.78289626167806,0.9,0.2521423539261632,0.1524489477686497
hybrid_rule_v4_fast_progress_static_escape,francis2023_narrow_doorway,1001,0.0,0.1349831963821135,0.0,0.25690786185902414,0.08860288223294437
hybrid_rule_v4_fast_progress_static_escape,francis2023_narrow_doorway,1002,0.0,0.13092862883527687,0.0,0.2597803705643965,0.06702040497333928
hybrid_rule_v4_fast_progress_static_escape,francis2023_narrow_hallway,1001,11.14041175344177,3.90943569476984,0.25,1.345218479219392,0.07221230364954816
hybrid_rule_v4_fast_progress_static_escape,francis2023_narrow_hallway,1002,16.58114376598371,5.446123060239571,0.18,1.6520657535636833,0.6997895406329988
hybrid_rule_v4_fast_progress_static_escape,francis2023_parallel_traffic,1001,45.98318557271511,7.652948456277077,0.0,1.0442748347896833,0.042415652599344086
hybrid_rule_v4_fast_progress_static_escape,francis2023_parallel_traffic,1002,78.47948842336689,11.42992367056864,0.335,1.1194649594144528,0.022439931211609115
hybrid_rule_v4_fast_progress_static_escape,francis2023_pedestrian_obstruction,1001,14.969569642495026,4.882089024298394,0.22983870967741934,0.9653957570939318,0.048450681933966504
hybrid_rule_v4_fast_progress_static_escape,francis2023_pedestrian_obstruction,1002,22.73609949980379,6.140531687765706,0.16,1.5701200626804972,0.3919766950015273
hybrid_rule_v4_fast_progress_static_escape,francis2023_pedestrian_overtaking,1001,4.168172779483089,0.5628826736644894,0.0,0.0809794489182483,0.0440205651630811
hybrid_rule_v4_fast_progress_static_escape,francis2023_pedestrian_overtaking,1002,3.982977762684433,0.5226368082127723,0.0,0.5691416350987761,0.429864547468154
hybrid_rule_v4_fast_progress_static_escape,francis2023_perpendicular_traffic,1001,12.849355389216976,4.107729609841683,0.12209302325581395,0.9510498855036574,0.04927547619366055
hybrid_rule_v4_fast_progress_static_escape,francis2023_perpendicular_traffic,1002,26.57997954848479,7.818401570191073,0.24242424242424243,0.7744221199767237,0.13084908490972252
hybrid_rule_v4_fast_progress_static_escape,francis2023_robot_crowding,1001,390.0436077410403,78.84335969459073,0.9075,1.2718986954263374,0.4554362646612457
hybrid_rule_v4_fast_progress_static_escape,francis2023_robot_crowding,1002,303.2300022967649,61.90230478265539,0.7325227963525835,0.7517633590014194,0.32496562092364295
hybrid_rule_v4_fast_progress_static_escape,francis2023_robot_overtaking,1001,14.584579459255995,3.5710430950956815,0.21721311475409835,0.6475747231618211,0.04324236822902876
hybrid_rule_v4_fast_progress_static_escape,francis2023_robot_overtaking,1002,13.396162931497637,3.420628845085385,0.1862348178137652,0.5185942597235071,0.08073944068020973
hybrid_rule_v4_fast_progress_static_escape_continuous,classic_bottleneck_high,1001,36.743917017661495,11.089942705228564,0.423728813559322,0.7524112406469654,0.04684646135112881
hybrid_rule_v4_fast_progress_static_escape_continuous,classic_bottleneck_high,1002,34.01802549197741,10.420945275215738,0.3977272727272727,1.511026012727124,0.08320433263111453
hybrid_rule_v4_fast_progress_static_escape_continuous,classic_bottleneck_low,1001,0.0,0.0,0.0,0.7527059117031466,0.028351465646851176
hybrid_rule_v4_fast_progress_static_escape_continuous,classic_bottleneck_low,1002,0.0,0.0,0.0,0.9221448621876644,0.05367272249571462
hybrid_rule_v4_fast_progress_static_escape_continuous,classic_bottleneck_medium,1001,11.003260277870766,4.22806422493555,0.20634920634920634,0.9441810536566628,0.0675076254073358
hybrid_rule_v4_fast_progress_static_escape_continuous,classic_bottleneck_medium,1002,12.322444568693875,4.213807890077024,0.23809523809523808,1.34721360697891,0.08334451127787806
hybrid_rule_v4_fast_progress_static_escape_continuous,classic_cross_trap_high,1001,63.10432262556566,12.203085446080845,0.03768844221105527,1.1866652744958384,0.08333423560636602
hybrid_rule_v4_fast_progress_static_escape_continuous,classic_cross_trap_high,1002,57.07270148076607,12.147072219242132,0.05472636815920398,1.187826356116454,0.07800486091768406
hybrid_rule_v4_fast_progress_static_escape_continuous,classic_cross_trap_low,1001,15.950474046767338,3.5440368136932423,0.0,1.2051590727856234,0.06443001545958417
hybrid_rule_v4_fast_progress_static_escape_continuous,classic_cross_trap_low,1002,11.879772705196654,3.562836207292696,0.0,0.9755798801296865,0.05813789525572479
hybrid_rule_v4_fast_progress_static_escape_continuous,classic_cross_trap_medium,1001,44.39147488622583,8.579370469827621,0.044444444444444446,1.3969588441071652,0.08059429713674074
hybrid_rule_v4_fast_progress_static_escape_continuous,classic_cross_trap_medium,1002,37.731900501413534,8.790483844356665,0.011527377521613832,0.7983700253203935,0.06804274347260705
hybrid_rule_v4_fast_progress_static_escape_continuous,classic_doorway_high,1001,14.398531255736348,2.501379965467553,0.0,1.3746096241281367,0.1345385178911598
hybrid_rule_v4_fast_progress_static_escape_continuous,classic_doorway_high,1002,10.192620830622081,1.8651969882828099,0.056,1.9123686960424455,0.14713248202823523
hybrid_rule_v4_fast_progress_static_escape_continuous,classic_doorway_low,1001,29.544701761665976,5.990406987409013,0.539906103286385,1.5928237161204288,0.22073681377448523
hybrid_rule_v4_fast_progress_static_escape_continuous,classic_doorway_low,1002,6.032079401948399,1.0373887679583316,0.1694915254237288,2.022628913851248,0.20457630368086546
hybrid_rule_v4_fast_progress_static_escape_continuous,classic_doorway_medium,1001,10.053238556358904,2.8243417505519357,0.06428571428571428,1.3019042790451283,0.21258058475519911
hybrid_rule_v4_fast_progress_static_escape_continuous,classic_doorway_medium,1002,8.588612710888711,1.4223591779774616,0.08461538461538462,1.305556247862558,0.14705783079300716
hybrid_rule_v4_fast_progress_static_escape_continuous,classic_group_crossing_high,1001,4.275872025785523,1.2569310656458894,0.0,1.2319018034531368,0.08810773391691233
hybrid_rule_v4_fast_progress_static_escape_continuous,classic_group_crossing_high,1002,5.8957016858088735,1.3006076096284596,0.0,1.4378753615343087,0.08030933927803384
hybrid_rule_v4_fast_progress_static_escape_continuous,classic_group_crossing_low,1001,4.399512196869348,0.9279958164427777,0.0,1.2087668258347857,0.08287249302736831
hybrid_rule_v4_fast_progress_static_escape_continuous,classic_group_crossing_low,1002,2.5835094644758723,0.3593703626326748,0.0,1.0327599662136746,0.05080812351569801
hybrid_rule_v4_fast_progress_static_escape_continuous,classic_group_crossing_medium,1001,4.2758724871518226,1.2707832590404493,0.0,1.231901408692064,0.08810773263582197
hybrid_rule_v4_fast_progress_static_escape_continuous,classic_group_crossing_medium,1002,4.844005475994201,1.3120212045476405,0.0,1.5882818370562786,0.08208398030378809
hybrid_rule_v4_fast_progress_static_escape_continuous,classic_head_on_corridor_low,1001,11.282869880647265,4.473787671449586,0.09606986899563319,1.1203333491081147,0.07971322503598116
hybrid_rule_v4_fast_progress_static_escape_continuous,classic_head_on_corridor_low,1002,4.3668486084690725,1.6632936928482835,0.05263157894736842,0.9973522835994441,0.08977927276039012
hybrid_rule_v4_fast_progress_static_escape_continuous,classic_head_on_corridor_medium,1001,17.3329983317055,6.350993383718178,0.12549019607843137,1.3541517772807994,0.12307561416268566
hybrid_rule_v4_fast_progress_static_escape_continuous,classic_head_on_corridor_medium,1002,10.158291415027875,3.1786804904843966,0.0392156862745098,1.3201239418219544,0.09312167071161628
hybrid_rule_v4_fast_progress_static_escape_continuous,classic_merging_low,1001,20.322820558868923,6.182636379300654,0.0,1.3679977239093633,0.1515478266296748
hybrid_rule_v4_fast_progress_static_escape_continuous,classic_merging_low,1002,50.648349395421384,9.326425836361578,0.13667820069204153,1.7627653394069702,0.16365080798669981
hybrid_rule_v4_fast_progress_static_escape_continuous,classic_merging_medium,1001,72.35153713440461,14.099329898339576,0.09166666666666666,1.1114627095542042,0.14711752466538344
hybrid_rule_v4_fast_progress_static_escape_continuous,classic_merging_medium,1002,88.31018127624998,15.638252509948812,0.11035653650254669,1.7906496012485686,0.1631327242827403
hybrid_rule_v4_fast_progress_static_escape_continuous,classic_overtaking_low,1001,7.213214752078608,2.893724622570759,0.0,0.8356880389685994,0.1207610518140008
hybrid_rule_v4_fast_progress_static_escape_continuous,classic_overtaking_low,1002,10.249765480230911,3.6088396438955344,0.0,1.0059833040372046,0.1343381516049684
hybrid_rule_v4_fast_progress_static_escape_continuous,classic_overtaking_medium,1001,20.62257676517054,6.343202880616122,0.013986013986013986,1.0138518429209058,0.1239005183380546
hybrid_rule_v4_fast_progress_static_escape_continuous,classic_overtaking_medium,1002,21.806331768168363,7.438772594847063,0.0,0.9302426729208408,0.12625604863898623
hybrid_rule_v4_fast_progress_static_escape_continuous,classic_realworld_double_bottleneck_high,1001,7.274848591188672,2.5516282127097596,0.03625377643504532,1.3689273660003323,0.06917762616600164
hybrid_rule_v4_fast_progress_static_escape_continuous,classic_realworld_double_bottleneck_high,1002,7.7896105202617125,2.190354727108808,0.04105571847507331,1.326460306599801,0.0725216862063875
hybrid_rule_v4_fast_progress_static_escape_continuous,classic_station_platform_medium,1001,86.78628266789649,21.077758943903984,0.16307692307692306,1.3548049910753728,0.09817484365791049
hybrid_rule_v4_fast_progress_static_escape_continuous,classic_station_platform_medium,1002,142.18295188289753,26.607666517033955,0.18461538461538463,1.9131355487223547,0.11606635956093987
hybrid_rule_v4_fast_progress_static_escape_continuous,classic_t_intersection_low,1001,6.384105467838454,2.3777545096905124,0.0,0.757599106627282,0.0979071911534646
hybrid_rule_v4_fast_progress_static_escape_continuous,classic_t_intersection_low,1002,3.776023218101895,1.3341932841962192,0.0,0.9780888513740197,0.1291082354028799
hybrid_rule_v4_fast_progress_static_escape_continuous,classic_t_intersection_medium,1001,6.38410546376704,2.377932054889436,0.0,0.757599106627282,0.0979071911534646
hybrid_rule_v4_fast_progress_static_escape_continuous,classic_t_intersection_medium,1002,17.106815727927405,4.45559333958107,0.05803571428571429,1.14999064678045,0.13558788988001166
hybrid_rule_v4_fast_progress_static_escape_continuous,classic_urban_crossing_medium,1001,0.4014951035210998,0.10595817447728972,0.0,0.7608599791063143,0.03475001750870105
hybrid_rule_v4_fast_progress_static_escape_continuous,classic_urban_crossing_medium,1002,5.096306395007108,1.0695921914457907,0.0,0.7111886642365023,0.04363634690876211
hybrid_rule_v4_fast_progress_static_escape_continuous,francis2023_accompanying_peer,1001,1.310627961409672,0.11034731407624027,0.0,0.39292049710722293,0.02209723353562397
hybrid_rule_v4_fast_progress_static_escape_continuous,francis2023_accompanying_peer,1002,1.8050827435893408,0.1391131149895717,0.0,0.4246543629519004,0.05313910907496728
hybrid_rule_v4_fast_progress_static_escape_continuous,francis2023_blind_corner,1001,7.139687094324849,1.7217221326169705,0.015060240963855422,0.898879161395001,0.08411046978269114
hybrid_rule_v4_fast_progress_static_escape_continuous,francis2023_blind_corner,1002,8.194440588157793,2.1413359783974615,0.011834319526627219,0.8659315549039681,0.08638118585183317
hybrid_rule_v4_fast_progress_static_escape_continuous,francis2023_circular_crossing,1001,0.0,0.01856181371114255,0.0,1.110043314990829,0.0641978439320669
hybrid_rule_v4_fast_progress_static_escape_continuous,francis2023_circular_crossing,1002,0.30096530535535976,0.16888900699134268,0.0,1.1508133080757672,0.118667505219826
hybrid_rule_v4_fast_progress_static_escape_continuous,francis2023_crowd_navigation,1001,43.41350408818195,13.57069225269286,0.34600760456273766,1.6414920736424536,0.1658438198338322
hybrid_rule_v4_fast_progress_static_escape_continuous,francis2023_crowd_navigation,1002,71.4397223593993,16.363194712147237,0.25691699604743085,1.6446000824047424,0.1515941842742032
hybrid_rule_v4_fast_progress_static_escape_continuous,francis2023_down_path,1001,0.4950704298253831,0.06043371966030836,0.0,0.3541299322266071,0.02091106917628509
hybrid_rule_v4_fast_progress_static_escape_continuous,francis2023_down_path,1002,0.9212182084042793,0.09041046765693,0.0,0.3526040691869912,0.052487800653214685
hybrid_rule_v4_fast_progress_static_escape_continuous,francis2023_entering_elevator,1001,1.352299278978795,1.716122124932026,0.0,2.103736541938327,0.11645380113164149
hybrid_rule_v4_fast_progress_static_escape_continuous,francis2023_entering_elevator,1002,18.050722450479068,5.068115220171602,0.0,2.10637824546751,1.1911817778525233
hybrid_rule_v4_fast_progress_static_escape_continuous,francis2023_entering_room,1001,0.0,0.03658218275661219,0.0,1.282136176307814,0.08663461352231065
hybrid_rule_v4_fast_progress_static_escape_continuous,francis2023_entering_room,1002,0.0,0.05812968779071866,0.0,1.996759316871874,0.8982010135171736
hybrid_rule_v4_fast_progress_static_escape_continuous,francis2023_exiting_elevator,1001,12.577539485860314,2.5561261447933026,0.35,1.336337753513001,0.12284311637623298
hybrid_rule_v4_fast_progress_static_escape_continuous,francis2023_exiting_elevator,1002,8.405648208127385,1.4702598055788767,0.2184873949579832,1.278480108285939,0.11560720522336428
hybrid_rule_v4_fast_progress_static_escape_continuous,francis2023_exiting_room,1001,0.8374950611624045,0.07099009640947443,0.0,1.398811970664721,0.05757550911214836
hybrid_rule_v4_fast_progress_static_escape_continuous,francis2023_exiting_room,1002,0.6454637342797371,0.07534267140287294,0.0,1.641352400873094,0.07287333746795756
hybrid_rule_v4_fast_progress_static_escape_continuous,francis2023_following_human,1001,2.670022365500996,0.3847817295755828,0.0,0.39212453800185254,0.02488125682195115
hybrid_rule_v4_fast_progress_static_escape_continuous,francis2023_following_human,1002,3.662098612680568,0.6230709453044305,0.0,0.42013369218683627,0.05067739495499105
hybrid_rule_v4_fast_progress_static_escape_continuous,francis2023_frontal_approach,1001,4.0676480687924,1.7447503836115388,0.03773584905660377,0.8183548872457753,0.0829836088979533
hybrid_rule_v4_fast_progress_static_escape_continuous,francis2023_frontal_approach,1002,14.800086152385056,5.734881776413533,0.17,1.6822271658642973,0.4075214269357891
hybrid_rule_v4_fast_progress_static_escape_continuous,francis2023_intersection_no_gesture,1001,0.0,0.0007087047286375463,0.0,0.4376694209959991,0.034213040313478674
hybrid_rule_v4_fast_progress_static_escape_continuous,francis2023_intersection_no_gesture,1002,0.0,0.0005316519222282561,0.0,0.5027869862412989,0.0659063543909154
hybrid_rule_v4_fast_progress_static_escape_continuous,francis2023_intersection_proceed,1001,0.0,0.0006969625957729388,0.0,0.4376694209959991,0.034213040313478674
hybrid_rule_v4_fast_progress_static_escape_continuous,francis2023_intersection_proceed,1002,0.0,0.0005213352070962989,0.0,0.5027869862412989,0.0659063543909154
hybrid_rule_v4_fast_progress_static_escape_continuous,francis2023_intersection_wait,1001,0.0,0.0006969625957729388,0.0,0.4376694209959991,0.034213040313478674
hybrid_rule_v4_fast_progress_static_escape_continuous,francis2023_intersection_wait,1002,0.0,0.0005213352070962989,0.0,0.5027869862412989,0.0659063543909154
hybrid_rule_v4_fast_progress_static_escape_continuous,francis2023_join_group,1001,51.18126325541475,10.065150746528275,0.7182539682539683,0.629610659399929,0.17057879030597323
hybrid_rule_v4_fast_progress_static_escape_continuous,francis2023_join_group,1002,80.48098154393762,15.297213072705615,0.69,0.866981113807209,1.1251058088042105
hybrid_rule_v4_fast_progress_static_escape_continuous,francis2023_leading_human,1001,0.8632404311993496,0.09409486033942469,0.0,0.4064859953508367,0.022627748573911324
hybrid_rule_v4_fast_progress_static_escape_continuous,francis2023_leading_human,1002,1.1230224371440565,0.13353200054010328,0.0,1.3191320299944347,0.5909564918599011
hybrid_rule_v4_fast_progress_static_escape_continuous,francis2023_leave_group,1001,58.310682786015015,11.885472624797785,0.7313432835820896,0.9607369647504495,0.18097318884898864
hybrid_rule_v4_fast_progress_static_escape_continuous,francis2023_leave_group,1002,84.86404911415801,17.732693701353238,0.725,0.7849167057137539,0.8741802966914792
hybrid_rule_v4_fast_progress_static_escape_continuous,francis2023_narrow_doorway,1001,0.0,0.09922176263284586,0.0,0.23131911892719687,0.08433991489864295
hybrid_rule_v4_fast_progress_static_escape_continuous,francis2023_narrow_doorway,1002,0.0,0.08717783604726315,0.0,0.22918211434540983,0.08062233813698676
hybrid_rule_v4_fast_progress_static_escape_continuous,francis2023_narrow_hallway,1001,18.253537033437116,6.149255635464155,0.3632286995515695,1.0566422847751928,0.05431676626398479
hybrid_rule_v4_fast_progress_static_escape_continuous,francis2023_narrow_hallway,1002,15.853689686492755,5.387594041177115,0.18,1.6716221574258852,0.6854559410466073
hybrid_rule_v4_fast_progress_static_escape_continuous,francis2023_parallel_traffic,1001,45.96432468160895,7.712955268276622,0.0,1.0618851999924943,0.03678848184633844
hybrid_rule_v4_fast_progress_static_escape_continuous,francis2023_parallel_traffic,1002,57.1863675564187,9.230638866761415,0.16758241758241757,0.5328776886669419,0.08208946839392908
hybrid_rule_v4_fast_progress_static_escape_continuous,francis2023_pedestrian_obstruction,1001,15.5483221842784,4.664962300842891,0.22924901185770752,0.9165969240471312,0.061951535588671613
hybrid_rule_v4_fast_progress_static_escape_continuous,francis2023_pedestrian_obstruction,1002,17.160398750618764,4.788711838648986,0.25,0.8974709138724435,0.08343787876020509
hybrid_rule_v4_fast_progress_static_escape_continuous,francis2023_pedestrian_overtaking,1001,4.422313548159783,0.6137918580483458,0.0,0.08919003238483778,0.07586967482134335
hybrid_rule_v4_fast_progress_static_escape_continuous,francis2023_pedestrian_overtaking,1002,4.4770703898459425,0.699614698137652,0.0,0.6048983268633847,0.45694127899565823
hybrid_rule_v4_fast_progress_static_escape_continuous,francis2023_perpendicular_traffic,1001,11.764635834536165,3.78008762062286,0.08771929824561403,0.8903655427240237,0.07061712232353258
hybrid_rule_v4_fast_progress_static_escape_continuous,francis2023_perpendicular_traffic,1002,44.67157966844556,13.80902254011806,0.36554621848739494,1.1499915772459102,0.15602376714487795
hybrid_rule_v4_fast_progress_static_escape_continuous,francis2023_robot_crowding,1001,198.0167641984882,44.08600200141817,0.7124352331606217,1.68541381207927,0.4697555656878758
hybrid_rule_v4_fast_progress_static_escape_continuous,francis2023_robot_crowding,1002,385.6922679279919,77.16767752338973,0.87,0.9611958752739396,0.2586249465262283
hybrid_rule_v4_fast_progress_static_escape_continuous,francis2023_robot_overtaking,1001,7.56123495476555,1.7506330383600561,0.0,0.7088858868204252,0.04185917166832686
hybrid_rule_v4_fast_progress_static_escape_continuous,francis2023_robot_overtaking,1002,11.213275946682815,2.655779357535973,0.0,0.5395918933868047,0.07084553325842353
orca,classic_bottleneck_high,1001,51.93900522461711,12.67168056144322,0.3523489932885906,0.7344494943045536,0.4127956191442297
orca,classic_bottleneck_high,1002,76.15598315300916,16.460769162069187,0.5398230088495575,0.7291987207752244,0.4340793449404599
orca,classic_bottleneck_low,1001,0.0,0.0,0.0,0.21256957956840594,0.015656394058649183
orca,classic_bottleneck_low,1002,0.0,0.0,0.0,0.44406371298317215,0.056973716253256264
orca,classic_bottleneck_medium,1001,10.049614901236788,3.0535263794845897,0.1276595744680851,0.8276311204952236,0.08366386444229437
orca,classic_bottleneck_medium,1002,10.260859996389579,3.23359256796099,0.13917525773195877,0.7827660582200445,0.1321561254094003
orca,classic_cross_trap_high,1001,52.34173876846428,7.285488493983199,0.15895953757225434,0.5233545481339,0.0713659761465233
orca,classic_cross_trap_high,1002,56.63455405726458,11.842626695146858,0.3342696629213483,0.9793027079749798,0.08154877451667482
orca,classic_cross_trap_low,1001,3.764897377450823,0.48186288123992177,0.03829787234042553,0.6458666632804957,0.0525544546798787
orca,classic_cross_trap_low,1002,6.768492532321265,1.1304860224783482,0.006993006993006993,0.8442649701630589,0.07442392792184362
orca,classic_cross_trap_medium,1001,26.56744155945757,4.915157914073816,0.19063545150501673,0.7362329101602895,0.07625567846398627
orca,classic_cross_trap_medium,1002,19.510798621265593,3.2792029830774854,0.10661764705882353,0.7961789496916339,0.07385534642480256
orca,classic_doorway_high,1001,25.587451219219272,3.6974398705027682,0.05106382978723404,1.071937978577511,0.3156254518134483
orca,classic_doorway_high,1002,42.70748627547282,5.595841526234293,0.18493150684931506,1.0955296934120693,0.43744268617600585
orca,classic_doorway_low,1001,12.676156988503152,2.466236453748392,0.13025210084033614,1.146729451558498,0.33608468344976034
orca,classic_doorway_low,1002,5.619974492522552,0.8868576507848434,0.11029411764705882,1.5274122182711356,0.21784670766003278
orca,classic_doorway_medium,1001,18.650320280020853,2.8178843619808385,0.05829596412556054,0.9669535028062629,0.37560255914454577
orca,classic_doorway_medium,1002,12.999817814901235,2.1627568250104128,0.06862745098039216,0.9745025708869225,0.255144775007128
orca,classic_group_crossing_high,1001,5.006091781280595,0.4508649688656138,0.1523809523809524,0.980351830513117,0.09257789027893347
orca,classic_group_crossing_high,1002,4.522922933746234,0.19723634498612894,0.11702127659574468,0.41371704291049066,0.08851427329967712
orca,classic_group_crossing_low,1001,4.593697567286767,0.3859319490401043,0.12380952380952381,1.433787117129598,0.11260608385993472
orca,classic_group_crossing_low,1002,3.602693662241575,0.1861835999761786,0.11702127659574468,0.40956842355286804,0.08812803475994403
orca,classic_group_crossing_medium,1001,5.006093369670985,0.41923667449629654,0.1523809523809524,0.9803520528486919,0.09257786518307624
orca,classic_group_crossing_medium,1002,3.7407146575987413,0.20155754465177247,0.11702127659574468,0.4101251462566092,0.08818502147365742
orca,classic_head_on_corridor_low,1001,2.4699099579692523,1.2688046047820527,0.0,0.8346478507124022,0.1001586301012873
orca,classic_head_on_corridor_low,1002,3.1323916131660825,0.9294370921109428,0.05454545454545454,0.5517197033166881,0.057051869728298114
orca,classic_head_on_corridor_medium,1001,2.4707414074922265,1.287694118311098,0.0,0.8318951756552053,0.10015696202919253
orca,classic_head_on_corridor_medium,1002,8.69846196665866,1.9068746991991667,0.12727272727272726,0.5344735825139537,0.05252639092779504
orca,classic_merging_low,1001,14.278224071093412,5.371374967778989,0.13636363636363635,0.9326932673323729,0.11459548838841035
orca,classic_merging_low,1002,22.779164843352362,3.696078405746405,0.07352941176470588,1.3729192099259517,0.14549599707656571
orca,classic_merging_medium,1001,24.994468556436516,7.926850898318898,0.14285714285714285,1.1312203511481578,0.11533000378200058
orca,classic_merging_medium,1002,49.065661474366145,11.355735847263107,0.34408602150537637,1.2511307328858006,0.14249820043381892
orca,classic_overtaking_low,1001,15.141516607512237,3.4245157219749367,0.07428571428571429,1.4815482870244465,0.23154695987659724
orca,classic_overtaking_low,1002,9.565941920740569,2.116917084073122,0.09777777777777778,1.1972695175864188,0.12711722332478173
orca,classic_overtaking_medium,1001,14.42166553046825,2.88944008364328,0.043478260869565216,1.0317375691450408,0.12701125052709997
orca,classic_overtaking_medium,1002,29.375676193146003,6.120127026840318,0.26765799256505574,1.3373309100615132,0.1471318905219743
orca,classic_realworld_double_bottleneck_high,1001,7.121424702856736,1.6380082547781414,0.06882591093117409,0.45305137230348114,0.023509378194185793
orca,classic_realworld_double_bottleneck_high,1002,6.656460348461763,1.5318067004501588,0.06967213114754098,0.4689123605897095,0.02398878818772165
orca,classic_station_platform_medium,1001,47.354475960985894,9.145589871817993,0.0981012658227848,0.8382927786422942,0.12422154946515933
orca,classic_station_platform_medium,1002,32.956329007578674,6.887371907320547,0.12291666666666666,0.5589271969163035,0.04927379302927074
orca,classic_t_intersection_low,1001,3.359014282435602,1.2742949967227806,0.0,0.5117294963196122,0.0707842479974265
orca,classic_t_intersection_low,1002,3.890816639291736,1.3140149866426558,0.0,0.9893741476683955,0.13160528208838362
orca,classic_t_intersection_medium,1001,3.359014491439565,1.274326881617808,0.0,0.5117296945955934,0.07078425415228937
orca,classic_t_intersection_medium,1002,22.217291747534347,5.36323040690656,0.3316831683168317,1.559328444272963,0.16092518084128485
orca,classic_urban_crossing_medium,1001,0.0,0.04260827940491314,0.0,0.1096210613466652,0.002481454520540397
orca,classic_urban_crossing_medium,1002,6.311233255501744,1.0158198353916352,0.08387096774193549,0.1945809439040125,0.011349219922372858
orca,francis2023_accompanying_peer,1001,0.6843043268608237,0.08128048591490045,0.0,0.130002745842351,0.009877611709778638
orca,francis2023_accompanying_peer,1002,0.9369855984622657,0.11222009605576028,0.0,0.15223452979061008,0.01189974900611248
orca,francis2023_blind_corner,1001,3.1965508862392458,0.6124911196319491,0.04291845493562232,0.742187405420502,0.06772763455269293
orca,francis2023_blind_corner,1002,3.2716729625875445,0.6173736622155346,0.04291845493562232,0.8059669503626433,0.07124527120245522
orca,francis2023_circular_crossing,1001,0.0,0.017896030939810063,0.0,0.651120056921675,0.02832819962155734
orca,francis2023_circular_crossing,1002,0.05335087093809095,0.11924018781046711,0.0,0.6060306627080146,0.03944726249433625
orca,francis2023_crowd_navigation,1001,8.049846974679578,1.4095271160436902,0.06993006993006994,0.7758561099095941,0.07510745305968639
orca,francis2023_crowd_navigation,1002,8.678381711872392,1.3739221049253967,0.0763888888888889,0.9386132014052688,0.10156970743181284
orca,francis2023_down_path,1001,0.0,0.02907744171415302,0.0,0.1319110485826218,0.01003413976304807
orca,francis2023_down_path,1002,0.30814241374845147,0.033288330047872905,0.0,0.16989056379385858,0.015120517820857441
orca,francis2023_entering_elevator,1001,0.34816630172428714,0.6431836149956709,0.0,1.0931323442671645,0.07992487894820766
orca,francis2023_entering_elevator,1002,0.3558712731567917,0.6782321006602596,0.0,0.7372388637421194,0.05632633587716464
orca,francis2023_entering_room,1001,0.0,0.06318946231393581,0.0,0.541776250829226,0.07249275461543367
orca,francis2023_entering_room,1002,0.0,0.07358532547350405,0.0,0.5453716271970094,0.05975585769546016
orca,francis2023_exiting_elevator,1001,4.374818900379355,0.7158754164037952,0.1348314606741573,1.5742769740234464,0.09426041363434183
orca,francis2023_exiting_elevator,1002,4.294899513474452,0.3378627961850175,0.11009174311926606,1.139733924699236,0.13170218642340595
orca,francis2023_exiting_room,1001,0.7335677315048049,0.09437262413254453,0.0,0.7366841335669674,0.08387358969078368
orca,francis2023_exiting_room,1002,0.7340713991873367,0.0809338768301263,0.0,0.7147959308630497,0.07591323506030895
orca,francis2023_following_human,1001,3.94169052719679,3.1245513426801566,0.15,1.7794499003023054,0.9182825074359747
orca,francis2023_following_human,1002,9.227284481744382,3.628184523465241,0.24719101123595505,1.7779976807041673,0.726268059226498
orca,francis2023_frontal_approach,1001,3.251241537149199,0.8955841470989025,0.057803468208092484,0.3952054239443916,0.0416785346663451
orca,francis2023_frontal_approach,1002,3.2423525725783406,0.9084006404558672,0.05813953488372093,0.35561929381291507,0.03473556539602897
orca,francis2023_intersection_no_gesture,1001,0.0,0.0006739178707601774,0.0,0.21482177199076757,0.01966189589841107
orca,francis2023_intersection_no_gesture,1002,0.0,0.0005245708708385121,0.0,0.24364522317613949,0.022568333785605924
orca,francis2023_intersection_proceed,1001,0.0,0.0006579083779444634,0.0,0.21482177199076757,0.01966189589841107
orca,francis2023_intersection_proceed,1002,0.0,0.0005112363459929494,0.0,0.24364522317613949,0.022568333785605924
orca,francis2023_intersection_wait,1001,0.0,0.0006579083779444634,0.0,0.21482177199076757,0.01966189589841107
orca,francis2023_intersection_wait,1002,0.0,0.0005112363459929494,0.0,0.24364522317613949,0.022568333785605924
orca,francis2023_join_group,1001,3.0059847725743323,0.7607194748103548,0.1,0.8474169926241353,0.035056593815167174
orca,francis2023_join_group,1002,8.13485239031078,0.7062791281898777,0.25925925925925924,1.0864635620724397,0.10116924515734187
orca,francis2023_leading_human,1001,0.5252456417534882,0.07102784211712503,0.0,0.1258467004172385,0.009046471087922996
orca,francis2023_leading_human,1002,0.7037025559693193,0.09331798213530629,0.0,0.15223452979061008,0.01189974900611248
orca,francis2023_leave_group,1001,4.594830943875303,1.3389900267941954,0.19607843137254902,0.8737894439410798,0.044267584048462455
orca,francis2023_leave_group,1002,13.566071033320373,1.2191294519565496,0.4024390243902439,1.0258662606753173,0.10601919386791639
orca,francis2023_narrow_doorway,1001,0.0,0.061051632018424146,0.0,0.19757722893710708,0.13299258424794408
orca,francis2023_narrow_doorway,1002,0.0,0.05950319705771815,0.0,0.19592397325112246,0.13383326029400977
orca,francis2023_narrow_hallway,1001,13.324390204865018,4.245875342411325,0.17,0.6113461215391992,0.13707347461230118
orca,francis2023_narrow_hallway,1002,12.94909487695347,4.116225259547071,0.14285714285714285,0.5543647972790173,0.32422108638455577
orca,francis2023_parallel_traffic,1001,15.801969921570532,2.357012088767386,0.04046242774566474,0.3009454801958474,0.035690616730209374
orca,francis2023_parallel_traffic,1002,20.300615810223505,4.084698678648382,0.15346534653465346,0.8661628191491055,0.05099805385274784
orca,francis2023_pedestrian_obstruction,1001,4.603312763219284,0.876116111218561,0.08,0.5018326566139404,0.03380409013940213
orca,francis2023_pedestrian_obstruction,1002,4.579096961691509,0.8723491788026421,0.08139534883720931,0.4537640648139318,0.026684250922647087
orca,francis2023_pedestrian_overtaking,1001,2.0658150498672687,0.21785683671252412,0.0,0.10670764305805713,0.051572317672148885
orca,francis2023_pedestrian_overtaking,1002,2.477041141388014,0.27186609434312287,0.0,0.10689538175793188,0.057000576490769464
orca,francis2023_perpendicular_traffic,1001,5.657384934093283,0.7731974963198581,0.10833333333333334,0.25634226256986226,0.035709187941666644
orca,francis2023_perpendicular_traffic,1002,8.195646790562234,1.4336533355917354,0.10483870967741936,0.3489722572085341,0.042279089078814516
orca,francis2023_robot_crowding,1001,48.88424974910251,10.155922784872997,0.2733333333333333,1.0256984631232362,0.1981349266022659
orca,francis2023_robot_crowding,1002,14.133339067310835,8.003691610043852,0.171875,1.2178358548863248,0.28404034677753265
orca,francis2023_robot_overtaking,1001,2.774799642400553,0.14031832724090135,0.01744186046511628,0.31022155474821445,0.03737158951411011
orca,francis2023_robot_overtaking,1002,2.750416056441461,0.13965259711094025,0.011764705882352941,0.2938044788699611,0.033544507749214275
ppo,classic_bottleneck_high,1001,0.9753395255373857,2.989772000850311,0.010309278350515464,0.8181696189992327,0.06541579658667152
ppo,classic_bottleneck_high,1002,0.8441828951408619,2.859364693360236,0.01,0.9107200429725655,0.09201360530063249
ppo,classic_bottleneck_low,1001,0.0,0.0,0.0,0.8742893721753274,0.050911821225043556
ppo,classic_bottleneck_low,1002,0.0,0.0,0.0,1.028697919614541,0.07289284347980389
ppo,classic_bottleneck_medium,1001,0.4850843191562684,0.9406921131141103,0.0,0.6014985294525681,0.0551771150735879
ppo,classic_bottleneck_medium,1002,0.4742577056272242,0.9266458159934757,0.0,0.8086421413574133,0.0801521854198166
ppo,classic_cross_trap_high,1001,2.544297639376476,0.24397540381853633,0.0,1.668053082600254,0.1370791216984684
ppo,classic_cross_trap_high,1002,1.2703121161645925,0.08264510981620622,0.0,1.3816335325223106,0.11594926459670139
ppo,classic_cross_trap_low,1001,2.3070992029319037,0.21075535017938224,0.0,1.425193904937219,0.13123777622520713
ppo,classic_cross_trap_low,1002,4.622937191262079,0.7495488869590599,0.0891089108910891,1.397030643703338,0.1296978224304251
ppo,classic_cross_trap_medium,1001,2.332578006385624,0.1976637327599814,0.0,1.5592186346869226,0.11954383289337872
ppo,classic_cross_trap_medium,1002,1.6721360844669464,0.1050660363925017,0.0,1.3443854519941612,0.12461845611273387
ppo,classic_doorway_high,1001,1.5128587470379624,0.49929366899539107,0.06060606060606061,1.2836306795688024,0.1260341641047639
ppo,classic_doorway_high,1002,1.8449297757746104,1.2963881954449679,0.05263157894736842,1.7803968194499729,0.24360016379504465
ppo,classic_doorway_low,1001,0.32655438142258486,0.08169210402834681,0.0,1.5284288512974114,0.1656217719660996
ppo,classic_doorway_low,1002,1.011728702813256,0.818831226495802,0.06818181818181818,1.2308403296741914,0.09802094079786461
ppo,classic_doorway_medium,1001,3.2637513231702147,0.2062776162404715,0.0547945205479452,1.7425136190230077,0.2274768137742557
ppo,classic_doorway_medium,1002,1.5201608366958157,0.5102631723690377,0.0,1.2896313894386804,0.12463419182978443
ppo,classic_group_crossing_high,1001,3.1228595114900113,2.566210967419141,0.09615384615384616,1.443889140949158,0.144149299359541
ppo,classic_group_crossing_high,1002,4.236869673216405,2.736632087715994,0.15217391304347827,1.6029291209160894,0.16579878905065645
ppo,classic_group_crossing_low,1001,3.4786388095773333,1.3370689090613164,0.171875,1.4371498109703087,0.14579690739996953
ppo,classic_group_crossing_low,1002,1.7884190226202439,0.2912100173139817,0.0,1.0918061952268248,0.06851195755789428
ppo,classic_group_crossing_medium,1001,1.4955470518055076,2.2820235254369017,0.061224489795918366,1.5478726830541318,0.17171070546104913
ppo,classic_group_crossing_medium,1002,0.4016028105652648,1.3721613383070226,0.0,1.3842181171797454,0.13556144191672653
ppo,classic_head_on_corridor_low,1001,1.098172558726616,0.2067952030144382,0.0,1.1286808302108058,0.07146510028539294
ppo,classic_head_on_corridor_low,1002,1.4537805921561322,0.1288226179929923,0.0,1.1503099121018707,0.08212765435416823
ppo,classic_head_on_corridor_medium,1001,3.140428667863609,0.6696390805976297,0.037037037037037035,1.561177241222762,0.11544554841698655
ppo,classic_head_on_corridor_medium,1002,4.106108986885887,0.6589636373531902,0.0,1.2386033821953315,0.08891299189105202
ppo,classic_merging_low,1001,0.7682336202910456,0.05189878440002184,0.0,1.1415096064153358,0.0903958591476731
ppo,classic_merging_low,1002,0.3476973395535483,0.011493683648900542,0.0,1.2291847483913865,0.08144570697157182
ppo,classic_merging_medium,1001,0.7331443440664425,0.09385840758386228,0.0,1.393195418653559,0.1181745520638772
ppo,classic_merging_medium,1002,2.6565651873583054,0.7365609456229738,0.0,1.090687221533959,0.09434932082151982
ppo,classic_overtaking_low,1001,8.758960307635531,0.9916488604101258,0.06635071090047394,1.4147521391477107,0.15635541296975616
ppo,classic_overtaking_low,1002,1.8604731557020995,0.8713780886667071,0.0,1.537269653112891,0.15424137849411915
ppo,classic_overtaking_medium,1001,12.237785272939243,2.0422251391168054,0.0502283105022831,1.6387689374326695,0.17339788111434204
ppo,classic_overtaking_medium,1002,3.5364482399623576,1.6317697016215185,0.0,1.502726476335044,0.14708772333558343
ppo,classic_realworld_double_bottleneck_high,1001,5.025305445241853,1.2300682873829871,0.028455284552845527,0.9326961709173853,0.046844144500948884
ppo,classic_realworld_double_bottleneck_high,1002,4.730035434941963,1.194617920381943,0.02880658436213992,0.9470958340877886,0.046148394500982584
ppo,classic_station_platform_medium,1001,9.191050158270457,4.884187319312406,0.026490066225165563,1.8533248112781395,0.18947453356433774
ppo,classic_station_platform_medium,1002,12.045694168261939,4.468121074754935,0.04721030042918455,1.850833806691006,0.21737031886278957
ppo,classic_t_intersection_low,1001,1.1162575788807054,1.2896444377865999,0.0,0.9498398759838954,0.09357689382117126
ppo,classic_t_intersection_low,1002,0.412863646521404,0.7266772138293291,0.0,1.1290947773744107,0.11012447537637785
ppo,classic_t_intersection_medium,1001,1.4229700969534123,1.4815816503276003,0.0,0.9966968580409111,0.09532192349821175
ppo,classic_t_intersection_medium,1002,0.09883916250490721,1.5805047441272702,0.0,1.2367404131723707,0.12486340937408962
ppo,classic_urban_crossing_medium,1001,0.0,0.06922843673954805,0.0,1.1463118431975532,0.07172407965376508
ppo,classic_urban_crossing_medium,1002,2.988594312717476,4.374163116992576,0.05063291139240506,1.5500552567773511,0.12741994751697133
ppo,francis2023_accompanying_peer,1001,0.7216364744684525,0.1003790979725499,0.0,0.6345121286324787,0.0326601945210016
ppo,francis2023_accompanying_peer,1002,0.9234657876231808,0.12971238753509282,0.0,0.622699760417259,0.035901916609528156
ppo,francis2023_blind_corner,1001,2.128319127537143,0.3311409728743875,0.02304147465437788,0.7952265386259633,0.07750973422203561
ppo,francis2023_blind_corner,1002,2.2332195935084105,0.3396707267000309,0.028037383177570093,0.7928714084799002,0.07346553447126519
ppo,francis2023_circular_crossing,1001,0.0,0.017000849886235958,0.0,1.1770204417715973,0.06126086724120509
ppo,francis2023_circular_crossing,1002,0.25112713547880333,0.1344723286158259,0.0,0.9788810229111528,0.05589200033593155
ppo,francis2023_crowd_navigation,1001,4.977154660472145,0.7508398692916461,0.024,1.3085536795191648,0.0993492336781715
ppo,francis2023_crowd_navigation,1002,5.490878944370663,0.5943563929632218,0.048,0.9403608070566365,0.0917062085599625
ppo,francis2023_down_path,1001,0.0,0.04085870049933215,0.0,0.6384499065474603,0.03761802097773316
ppo,francis2023_down_path,1002,0.38245072010012976,0.053859501965768344,0.0,0.5559110460814661,0.036011274957011424
ppo,francis2023_entering_elevator,1001,0.26996737887411365,0.4237172818941427,0.0,1.0475553181222144,0.06743439026223935
ppo,francis2023_entering_elevator,1002,0.27532167456262097,0.4413429456563878,0.0,0.9452997798623501,0.05528524904411937
ppo,francis2023_entering_room,1001,0.0,0.016057000948971018,0.0,1.0135089072674177,0.06253700761315528
ppo,francis2023_entering_room,1002,0.0,0.02067730865107016,0.0,0.8149344258004514,0.038115010863993014
ppo,francis2023_exiting_elevator,1001,2.161824673137976,0.3213430277830733,0.0,1.2506747303757109,0.12014216300005477
ppo,francis2023_exiting_elevator,1002,2.308770648752827,0.21465651428697596,0.0,1.0633799953312637,0.1046069896489821
ppo,francis2023_exiting_room,1001,0.7359550363246012,0.08193888945951092,0.0,0.8435479956124867,0.06629945860504045
ppo,francis2023_exiting_room,1002,0.9157803707104133,0.10001684476954115,0.0,0.7940310723269972,0.06504404650965231
ppo,francis2023_following_human,1001,1.0830850898360331,0.1702260066609097,0.0,0.6370816312924268,0.03304474572439404
ppo,francis2023_following_human,1002,1.3336234370265518,0.22311623413518672,0.0,0.6153484036385937,0.03361255768150285
ppo,francis2023_frontal_approach,1001,1.113381296324809,0.16725433863867434,0.0,0.7764565756400016,0.049162229418220176
ppo,francis2023_frontal_approach,1002,1.1627008774166563,0.1692911813807496,0.0,0.7374413781968525,0.048360097863189795
ppo,francis2023_intersection_no_gesture,1001,0.0,0.0008037960245974797,0.0,0.9323766430620359,0.058166365110669735
ppo,francis2023_intersection_no_gesture,1002,0.0,0.0007310752430238199,0.0,0.9012120475290868,0.05094342233904349
ppo,francis2023_intersection_proceed,1001,0.0,0.000786591844854029,0.0,1.0255987716533348,0.060011961420612644
ppo,francis2023_intersection_proceed,1002,0.0,0.0007133008989947008,0.0,0.9786670539896504,0.056492190255352535
ppo,francis2023_intersection_wait,1001,0.0,0.000786591844854029,0.0,1.0255987716533348,0.060011961420612644
ppo,francis2023_intersection_wait,1002,0.0,0.0007133008989947008,0.0,0.9786670539896504,0.056492190255352535
ppo,francis2023_join_group,1001,1.3504184512823754,0.15312242061099465,0.0,1.0233855132004173,0.07047107029347514
ppo,francis2023_join_group,1002,1.9433022059132625,0.16847837992925888,0.0,1.1381200108362315,0.08591469435951662
ppo,francis2023_leading_human,1001,0.5325789635409374,0.08826901771957255,0.0,0.7847287695040721,0.03859558323271207
ppo,francis2023_leading_human,1002,0.7235301144170307,0.1105746114904328,0.0,0.6151671319102534,0.03343711244953283
ppo,francis2023_leave_group,1001,3.5264650043254187,0.25161263379424653,0.0,1.1820383906041139,0.09395289812800571
ppo,francis2023_leave_group,1002,4.170268051495711,0.2811850202509869,0.0,0.97852407769474,0.08561214007541475
ppo,francis2023_narrow_doorway,1001,0.0,0.12900077248399364,0.0,0.8676168202677121,0.04205472742277879
ppo,francis2023_narrow_doorway,1002,0.0,0.13772506460416453,0.0,0.6803649880485603,0.04582715719767504
ppo,francis2023_narrow_hallway,1001,0.06830139278063936,0.7155586594957374,0.0,0.5983525223683349,0.039265038122777506
ppo,francis2023_narrow_hallway,1002,0.06879417867047687,0.7163517373985695,0.0,0.5468000048302856,0.035771002264512596
ppo,francis2023_parallel_traffic,1001,19.180831155019465,2.921193750664068,0.029239766081871343,1.1143477482197377,0.08225547989096045
ppo,francis2023_parallel_traffic,1002,7.8040776272316865,1.623002578265712,0.0,1.1889558806611884,0.0856282730306381
ppo,francis2023_pedestrian_obstruction,1001,1.4746467463035144,0.22686766794669247,0.0,0.8119926661343149,0.05000550483688327
ppo,francis2023_pedestrian_obstruction,1002,1.562100156514682,0.23280541759343004,0.0,0.6571741827651923,0.0410141483370729
ppo,francis2023_pedestrian_overtaking,1001,0.9485918777085818,0.15427357940828706,0.0,0.22850912252492264,0.0782146321895299
ppo,francis2023_pedestrian_overtaking,1002,1.059535537195323,0.1731978944369636,0.0,0.19699068505626594,0.07705905813049685
ppo,francis2023_perpendicular_traffic,1001,4.6540224614722705,1.6857031897288797,0.06666666666666667,1.214400153664176,0.09235439617260711
ppo,francis2023_perpendicular_traffic,1002,7.3763732407276,2.091030543896936,0.1282051282051282,1.1398192338308875,0.07371953577890684
ppo,francis2023_robot_crowding,1001,6.043884549347494,0.7737697651203029,0.07547169811320754,2.091089237465474,0.292837575426765
ppo,francis2023_robot_crowding,1002,5.304926744044768,0.747473341840985,0.0,1.6244735484359287,0.27010437574392204
ppo,francis2023_robot_overtaking,1001,3.092481038897419,0.42002080396623065,0.0,0.7845830155813138,0.06719862622419583
ppo,francis2023_robot_overtaking,1002,2.8610084159555704,0.3228537577985668,0.0,0.8155326693241902,0.07071589017876011
prediction_planner,classic_bottleneck_high,1001,127.26508132480178,23.641366171528272,0.722,0.15150558219034588,0.011389887063692088
prediction_planner,classic_bottleneck_high,1002,106.65249055955265,21.65219995386795,0.742,0.1590896131226684,0.026518211001183203
prediction_planner,classic_bottleneck_low,1001,0.0,0.0,0.0,0.17653676869840626,0.00894657258063518
prediction_planner,classic_bottleneck_low,1002,0.0,0.0,0.0,0.2637639555880922,0.02148308715819504
prediction_planner,classic_bottleneck_medium,1001,40.14637219738663,6.497895828685685,0.0,0.14748951793331957,0.011254121227507706
prediction_planner,classic_bottleneck_medium,1002,48.935766692265624,8.608957072855342,0.0,0.1644191247416758,0.02670126717152281
prediction_planner,classic_cross_trap_high,1001,29.341236375686293,2.1367416526226384,0.0,0.9383250966172247,0.13715631556321053
prediction_planner,classic_cross_trap_high,1002,22.996733832394924,1.9480309564914817,0.0,1.8862336603344623,0.1707874378945079
prediction_planner,classic_cross_trap_low,1001,15.94224749978275,1.5786575780746999,0.0,1.4691421742171542,0.17049795462206385
prediction_planner,classic_cross_trap_low,1002,8.696833923289882,0.6740724028574379,0.0,0.994973145622366,0.16664613095019953
prediction_planner,classic_cross_trap_medium,1001,22.38072928138459,1.7376002477281802,0.0,1.0222010076793024,0.16722900207666597
prediction_planner,classic_cross_trap_medium,1002,22.869030968080395,1.915835091119034,0.0,1.9432836420477542,0.1722664725100781
prediction_planner,classic_doorway_high,1001,99.08401747857354,10.597912090522296,0.0,0.6034361906853052,0.3696089760663571
prediction_planner,classic_doorway_high,1002,7.5777408650949685,1.6774206167944272,0.0,1.192373821199575,0.29102430486024256
prediction_planner,classic_doorway_low,1001,9.004578626855334,2.962713616407472,0.1590909090909091,1.1264376496533839,0.43692370116537244
prediction_planner,classic_doorway_low,1002,11.098411713928355,3.6746389668623856,0.24324324324324326,1.2230543936814766,0.2567523302839598
prediction_planner,classic_doorway_medium,1001,1.9876871293890297,0.18004341718504024,0.0,1.9472636322705066,0.39061630549442716
prediction_planner,classic_doorway_medium,1002,2.3519778512209064,0.46890813990986824,0.0,1.3842381973431899,0.2819171422532165
prediction_planner,classic_group_crossing_high,1001,6.505198341279996,2.523965490452597,0.0,1.213490384009273,0.14573360445549288
prediction_planner,classic_group_crossing_high,1002,4.717299242688493,1.5318771092106687,0.0,1.3045246576913918,0.12562520519013667
prediction_planner,classic_group_crossing_low,1001,6.130815674030419,2.3338583127669277,0.0,1.2114484442989584,0.14640416228539432
prediction_planner,classic_group_crossing_low,1002,3.654959142437898,1.5321405831067882,0.0,1.2072309615526962,0.11108626201598952
prediction_planner,classic_group_crossing_medium,1001,6.895761927814132,2.5501158160450057,0.0,1.2203077457171903,0.1462231714530639
prediction_planner,classic_group_crossing_medium,1002,5.183285358388982,1.6156206680708234,0.0,1.1430142013346614,0.11492415614770078
prediction_planner,classic_head_on_corridor_low,1001,14.287636306210823,5.155935230717049,0.0,0.9520555715662693,0.04891318506809598
prediction_planner,classic_head_on_corridor_low,1002,9.202028326685001,3.8148402220560733,0.0,1.1641743736800774,0.08195558901307042
prediction_planner,classic_head_on_corridor_medium,1001,46.623491077338606,13.444566262076206,0.0,0.811732880654562,0.08398730866399567
prediction_planner,classic_head_on_corridor_medium,1002,16.798203059131165,6.079107631948654,0.0,1.4023031230795582,0.07477960155113475
prediction_planner,classic_merging_low,1001,4.148332999629813,1.363169005841777,0.0,0.9686920878233455,0.19249460708514965
prediction_planner,classic_merging_low,1002,2.5322948218169756,0.6567315349014979,0.0,1.2781355233437968,0.21519124579489185
prediction_planner,classic_merging_medium,1001,6.416880906288168,2.194374048272422,0.0,1.2952572991056877,0.19331832746374722
prediction_planner,classic_merging_medium,1002,6.789405311303887,2.5692010121441804,0.0,1.030218175580983,0.21626998053841232
prediction_planner,classic_overtaking_low,1001,4.908835433029857,1.3669279527181442,0.0,0.9851167170045008,0.17984126485094182
prediction_planner,classic_overtaking_low,1002,8.608853402043577,1.501696453922292,0.0,1.4812365727364196,0.22116533048979398
prediction_planner,classic_overtaking_medium,1001,19.14090289714506,3.40083217930287,0.0,1.6706928711414057,0.20409408508139704
prediction_planner,classic_overtaking_medium,1002,17.107325419101162,2.8158914127281487,0.0,1.2964896660173943,0.20428672966465683
prediction_planner,classic_realworld_double_bottleneck_high,1001,10.712457923701965,3.9052767955865635,0.018561484918793503,0.6782700570095496,0.015878684456618004
prediction_planner,classic_realworld_double_bottleneck_high,1002,10.04425581122306,3.510439409639784,0.0,0.7030045559300648,0.014472689644091099
prediction_planner,classic_station_platform_medium,1001,41.378325375032034,8.11999416119181,0.0,2.282411148545622,0.10615783560315654
prediction_planner,classic_station_platform_medium,1002,48.81859692827024,8.580511742790222,0.0,1.661862710545641,0.14228259454088577
prediction_planner,classic_t_intersection_low,1001,0.5321896671066972,0.9615548764498416,0.0,0.8323911277090322,0.1554070750988098
prediction_planner,classic_t_intersection_low,1002,0.7336501939315442,0.6480648867425995,0.0,1.5455085826615387,0.3291366820792965
prediction_planner,classic_t_intersection_medium,1001,0.5321896677636827,0.961744013420376,0.0,0.8323911277090322,0.1554070750988098
prediction_planner,classic_t_intersection_medium,1002,0.7635977944979291,0.7146865883607968,0.0,1.5459131694794483,0.3332935132112345
prediction_planner,classic_urban_crossing_medium,1001,2.372028308280539,0.7843679818291398,0.0,0.5996718698494696,0.030865250900763738
prediction_planner,classic_urban_crossing_medium,1002,20.73509723319434,4.845429287304361,0.0,0.6706536835465348,0.0373372879434191
prediction_planner,francis2023_accompanying_peer,1001,2.3317872232348114,0.2520833610713748,0.0,0.3234360948552384,0.01904729859310591
prediction_planner,francis2023_accompanying_peer,1002,2.889519932681974,0.3698367302037241,0.0,0.5115746119092419,0.0383551554243691
prediction_planner,francis2023_blind_corner,1001,25.630183483965453,6.114397748946435,0.19,0.7111624622151007,0.15077766367626028
prediction_planner,francis2023_blind_corner,1002,27.653678718730642,6.588777859533533,0.0,0.5612964035399546,0.16992884088996912
prediction_planner,francis2023_circular_crossing,1001,0.0,0.032485994915355594,0.0,0.724626768890278,0.10062304604984465
prediction_planner,francis2023_circular_crossing,1002,0.0,0.12142906135776715,0.0,0.8761246070129979,0.06601937729051383
prediction_planner,francis2023_crowd_navigation,1001,139.01508150274532,30.83527895417915,0.4375,0.3760818617319613,0.1521049602704432
prediction_planner,francis2023_crowd_navigation,1002,124.0443214028971,25.170802223631455,0.1525,0.5491068823853744,0.20031251441009523
prediction_planner,francis2023_down_path,1001,1.7176891329839323,0.24130293289448962,0.0,0.27176302121287865,0.0004081366114865758
prediction_planner,francis2023_down_path,1002,2.0399129133050944,0.23618098932985815,0.0,0.3389702170584929,0.012570387909734757
prediction_planner,francis2023_entering_elevator,1001,27.45557108090377,3.819798461813897,0.0,0.4064955912200254,0.1761236458178713
prediction_planner,francis2023_entering_elevator,1002,26.63007346322147,3.546817720625403,0.0,0.34534753435654186,0.20138698107263545
prediction_planner,francis2023_entering_room,1001,0.0,0.034458249928559774,0.0,0.8499011130673604,0.12270125352554886
prediction_planner,francis2023_entering_room,1002,0.0,0.04003499997047891,0.0,0.9373155840859378,0.12391445967742802
prediction_planner,francis2023_exiting_elevator,1001,27.907959634953517,3.991069704228704,0.0,0.7220432395956109,0.05503261017759475
prediction_planner,francis2023_exiting_elevator,1002,27.794414996310998,4.032463072709113,0.0,0.7576431555936862,0.013236446585432004
prediction_planner,francis2023_exiting_room,1001,1.1413349691747665,0.18551823505334003,0.0,1.2172372141382333,0.18164714648336394
prediction_planner,francis2023_exiting_room,1002,1.1528877215160585,0.1529995488297876,0.0,1.085093516147018,0.12051083167331651
prediction_planner,francis2023_following_human,1001,35.25907288182238,4.465020993667369,0.0,0.32270876647209484,0.06823384959172628
prediction_planner,francis2023_following_human,1002,35.82004137103143,4.4994442044211524,0.0,0.3104846358634357,0.13390425075379467
prediction_planner,francis2023_frontal_approach,1001,30.989636483671006,7.004075153427545,0.0,0.3461619884853651,0.06095750796603184
prediction_planner,francis2023_frontal_approach,1002,34.598506157617685,7.704294624425225,0.0,0.24417884960652714,0.048264835728965436
prediction_planner,francis2023_intersection_no_gesture,1001,0.0,0.0014628339953577708,0.0,0.2934330742030578,0.028614797985640116
prediction_planner,francis2023_intersection_no_gesture,1002,0.0,0.0021198162539835734,0.0,0.4984414195127428,0.04882602411048344
prediction_planner,francis2023_intersection_proceed,1001,0.0,0.0013740796620680656,0.0,0.2934330742030578,0.028614797985640116
prediction_planner,francis2023_intersection_proceed,1002,0.0,0.0019872096682376525,0.0,0.4984414195127428,0.04882602411048344
prediction_planner,francis2023_intersection_wait,1001,0.0,0.0013740796620680656,0.0,0.2934330742030578,0.028614797985640116
prediction_planner,francis2023_intersection_wait,1002,0.0,0.0019872096682376525,0.0,0.4984414195127428,0.04882602411048344
prediction_planner,francis2023_join_group,1001,60.88367993148043,6.38673996732625,0.0,0.22613352242839538,0.18495238523254348
prediction_planner,francis2023_join_group,1002,61.780689981032914,6.306288138147582,0.0,0.18789259149254772,0.15218508561948196
prediction_planner,francis2023_leading_human,1001,1.396823820994814,0.13978230608929063,0.0,0.29207268248854135,0.01137757783867338
prediction_planner,francis2023_leading_human,1002,1.4621678413520074,0.11862767663971724,0.0,0.38513870582283694,0.027171722242338242
prediction_planner,francis2023_leave_group,1001,35.349330193850264,6.65475719185823,0.0275,0.371421678443683,0.20708921803567049
prediction_planner,francis2023_leave_group,1002,35.951368394346126,6.667561729949075,0.0425,0.3661331482923936,0.19168277964543226
prediction_planner,francis2023_narrow_doorway,1001,0.0,0.1886013662401639,0.0,0.7159196824877065,0.10805725279851287
prediction_planner,francis2023_narrow_doorway,1002,0.0,0.148754411964901,0.0,0.7126869223087856,0.09552816220238874
prediction_planner,francis2023_narrow_hallway,1001,42.122152874272146,8.698019354447743,0.0,0.20939980703113276,0.044843528795165295
prediction_planner,francis2023_narrow_hallway,1002,41.12217462092809,8.5502270213053,0.0,0.24459946125322318,0.07233015856038723
prediction_planner,francis2023_parallel_traffic,1001,26.84685149339497,2.8900492122821335,0.0,0.5947825988153254,0.11153024570867674
prediction_planner,francis2023_parallel_traffic,1002,24.61033819211461,2.7175636870805784,0.0,1.538467412113749,0.06756394433759766
prediction_planner,francis2023_pedestrian_obstruction,1001,15.013397627435419,1.8074497654423443,0.0,0.5354358785170182,0.06200635387672371
prediction_planner,francis2023_pedestrian_obstruction,1002,14.826236241191602,1.7963613533658602,0.0,0.640836988409708,0.03573567751728238
prediction_planner,francis2023_pedestrian_overtaking,1001,5.0149476299598135,0.6099958611880645,0.0,0.10187556381157753,0.048275315939742665
prediction_planner,francis2023_pedestrian_overtaking,1002,5.490691270906089,0.6431718238187889,0.0,0.1124634535564625,0.050626524804559266
prediction_planner,francis2023_perpendicular_traffic,1001,63.00591389043373,15.850924222924949,0.055,0.665073828777989,0.057803286932696527
prediction_planner,francis2023_perpendicular_traffic,1002,47.46433531787209,12.144324220093573,0.0,0.7223233398802262,0.07345285194720075
prediction_planner,francis2023_robot_crowding,1001,194.33448698663457,47.599257074112586,0.48,0.37308040279936566,0.4317442509702788
prediction_planner,francis2023_robot_crowding,1002,168.64544147270033,38.669689758710696,0.4725,0.29507269208887066,0.4149390829500537
prediction_planner,francis2023_robot_overtaking,1001,16.876797817906454,1.137043965721275,0.0,0.8014998306105818,0.06827776346691698
prediction_planner,francis2023_robot_overtaking,1002,16.88122558467462,1.1314577206131395,0.0,0.5044563571106792,0.08909070619440074
predictive_mppi,classic_bottleneck_high,1001,41.999585128747036,10.116651105912968,0.3171428571428571,0.8252336313521258,0.10754485086985119
predictive_mppi,classic_bottleneck_high,1002,130.13791519281605,26.92989746578381,0.64,0.5462677429895,0.17913556678738
predictive_mppi,classic_bottleneck_low,1001,0.0,0.0,0.0,0.5883737555727553,0.0199102532218425
predictive_mppi,classic_bottleneck_low,1002,0.0,0.0,0.0,0.6971671417968613,0.06420290905058967
predictive_mppi,classic_bottleneck_medium,1001,16.806484353278996,4.511453466617157,0.22568093385214008,0.7739742263264277,0.028386927732521185
predictive_mppi,classic_bottleneck_medium,1002,54.42387819713892,10.226416484958357,0.56,0.32276804660584735,0.08362521949591663
predictive_mppi,classic_cross_trap_high,1001,13.35036121582835,2.007003463495721,0.0,0.2523599766689506,0.08165645545879982
predictive_mppi,classic_cross_trap_high,1002,10.32565714828332,1.5833664320952214,0.0,0.32357399385051766,0.09014475122344714
predictive_mppi,classic_cross_trap_low,1001,3.5207830926035855,0.5596466998819504,0.0,0.21885273328235275,0.061451844353661925
predictive_mppi,classic_cross_trap_low,1002,3.4998698231900622,0.43458298546645113,0.0,0.16854604694681827,0.08094653133547869
predictive_mppi,classic_cross_trap_medium,1001,8.590592283463431,1.2722086771992833,0.0,0.3008379568272818,0.08889806077534197
predictive_mppi,classic_cross_trap_medium,1002,8.76156893509583,1.2549676773367304,0.0,0.2566841941984861,0.08759191538162953
predictive_mppi,classic_doorway_high,1001,56.978861542495125,5.2079747997509065,0.0,0.517686191010501,0.26864736748536977
predictive_mppi,classic_doorway_high,1002,9.37545916690748,1.596677397006898,0.0,0.38388193438297186,0.3675067602299965
predictive_mppi,classic_doorway_low,1001,75.42617642863237,14.24542391539756,0.798,0.25013531202902184,0.28947511190286634
predictive_mppi,classic_doorway_low,1002,6.2890331545306335,2.353089335426222,0.0,1.8889751754795245,0.3248370029838592
predictive_mppi,classic_doorway_medium,1001,28.653346403224646,2.4036787365102947,0.0,0.4694894755418387,0.473328379807637
predictive_mppi,classic_doorway_medium,1002,49.03523160911615,3.7342692410141214,0.0,0.3908909218919481,0.18510093731136837
predictive_mppi,classic_group_crossing_high,1001,4.25788757800871,1.275498094743599,0.0,1.4172141832763787,0.09959744288018522
predictive_mppi,classic_group_crossing_high,1002,1.6610105920172868,0.5412855803246206,0.0,1.3481428322490154,0.1057553998640431
predictive_mppi,classic_group_crossing_low,1001,3.75087536293487,1.0888316055438338,0.0,1.5217083093077615,0.09747727415782984
predictive_mppi,classic_group_crossing_low,1002,2.670542953931877,0.8190978755811923,0.0,1.6167300825649016,0.10475842822925244
predictive_mppi,classic_group_crossing_medium,1001,4.63783463752586,1.3032411367079175,0.0,1.4172141832763787,0.09959744288018522
predictive_mppi,classic_group_crossing_medium,1002,2.9920067754972965,1.0984374687565925,0.0,0.7490400779965434,0.08481211628244757
predictive_mppi,classic_head_on_corridor_low,1001,0.547446622112329,0.1660788980778516,0.0,0.661898829871184,0.04746038079729862
predictive_mppi,classic_head_on_corridor_low,1002,4.569833487738747,1.8948184006618285,0.0,1.2331677276507613,0.06758818744896969
predictive_mppi,classic_head_on_corridor_medium,1001,2.9263723757943088,0.6887679639858226,0.0,0.8456639520538121,0.06987206433634069
predictive_mppi,classic_head_on_corridor_medium,1002,7.4909320922987295,2.9581727293879303,0.0,1.186642514087138,0.11363467625159121
predictive_mppi,classic_merging_low,1001,19.827597871494277,1.7529519012069106,0.0,1.8379470926441774,0.14023441870163228
predictive_mppi,classic_merging_low,1002,18.68976536680467,1.4419857576113844,0.0,1.7909538615260407,0.15069263457940565
predictive_mppi,classic_merging_medium,1001,16.9975937819663,3.3945489488003275,0.0,1.2316095482625367,0.2107061925765331
predictive_mppi,classic_merging_medium,1002,50.04113149281043,7.091497944335505,0.055,1.4408616341874247,0.16232536536487077
predictive_mppi,classic_overtaking_low,1001,4.508464221196961,1.7922671468287659,0.0,0.8233064366966781,0.1121310824986841
predictive_mppi,classic_overtaking_low,1002,8.610284595035239,1.7724143729238229,0.0,1.5647332679497397,0.1789909145971978
predictive_mppi,classic_overtaking_medium,1001,61.93219981699241,12.875951270672552,0.05333333333333334,1.0440515428834447,0.23930583771096758
predictive_mppi,classic_overtaking_medium,1002,9.236499637295529,3.196435115407651,0.0,0.28037563352598316,0.41190105402453
predictive_mppi,classic_realworld_double_bottleneck_high,1001,22.841847964008558,8.781533701565415,0.11394891944990176,0.6346376909019873,0.0315214990329044
predictive_mppi,classic_realworld_double_bottleneck_high,1002,14.022431898477425,5.277342575589589,0.0,0.656664792551808,0.0390064205660592
predictive_mppi,classic_station_platform_medium,1001,48.14556821076648,6.550959885615082,0.0,0.9432119305291379,0.10327210617221239
predictive_mppi,classic_station_platform_medium,1002,64.79064372967218,9.975366482071948,0.0,1.0231909311601883,0.13451557925747087
predictive_mppi,classic_t_intersection_low,1001,11.532628399600519,2.9113140554034938,0.0,0.38955944474863324,0.16022514348072872
predictive_mppi,classic_t_intersection_low,1002,0.0,1.6268065683733212e-08,0.0,0.0,0.0
predictive_mppi,classic_t_intersection_medium,1001,13.908820174398713,3.5357474416734345,0.0,0.38955944474863324,0.16022514348072872
predictive_mppi,classic_t_intersection_medium,1002,0.0,3.5752670560715486e-08,0.0,0.0,0.0
predictive_mppi,classic_urban_crossing_medium,1001,3.139802746910741,1.3585621214911665,0.0,0.7179305233160632,0.04792069723793438
predictive_mppi,classic_urban_crossing_medium,1002,4.5403048184430075,1.880543734433999,0.0,0.7145613128851518,0.05629651962268023
predictive_mppi,francis2023_accompanying_peer,1001,2.669734635822216,0.29819595099029034,0.0,0.5287003647641029,0.01833642512012213
predictive_mppi,francis2023_accompanying_peer,1002,2.654778269213256,0.3189121697415554,0.0,0.589572417272121,0.0335832685095247
predictive_mppi,francis2023_blind_corner,1001,7.60355752679744,2.159619137184774,0.0,0.9597453358965504,0.07347438351894281
predictive_mppi,francis2023_blind_corner,1002,7.632589329657023,2.173478145681827,0.0,0.9104038928776226,0.07782997676029071
predictive_mppi,francis2023_circular_crossing,1001,0.0,0.08803515789225536,0.0,0.7205450164893817,0.07553344088489013
predictive_mppi,francis2023_circular_crossing,1002,0.4880744594601339,0.15933896614639825,0.0,0.7155359427750934,0.04766423276083889
predictive_mppi,francis2023_crowd_navigation,1001,103.20546835227579,23.829600145093114,0.1775,0.8573476397100702,0.38369991877157256
predictive_mppi,francis2023_crowd_navigation,1002,58.92537730162949,13.03611325632941,0.01928374655647383,1.1176386396005333,0.11398258539934977
predictive_mppi,francis2023_down_path,1001,2.152259116188104,0.23659539381790906,0.0,0.2706801484912668,0.0007334365577377258
predictive_mppi,francis2023_down_path,1002,3.1948801237517657,0.30255377604631034,0.0,0.2509910834524152,0.008215669324681409
predictive_mppi,francis2023_entering_elevator,1001,1.6254163651398643,1.5081318127513716,0.0,1.4430912424535112,0.09719559120728394
predictive_mppi,francis2023_entering_elevator,1002,24.514925593012673,2.9108196593822617,0.0,0.5026302431257885,0.07402462359634926
predictive_mppi,francis2023_entering_room,1001,0.0,0.013435420131110078,0.0,0.833786776195706,0.09545816859447306
predictive_mppi,francis2023_entering_room,1002,0.0,0.019540712476979645,0.0,0.8533231921835909,0.09379628185865663
predictive_mppi,francis2023_exiting_elevator,1001,35.63766120104909,5.529847805434167,0.0,1.136292450747896,0.12169025462961919
predictive_mppi,francis2023_exiting_elevator,1002,35.41502416667286,5.635410062104886,0.0,1.1141416173353547,0.12297516897711055
predictive_mppi,francis2023_exiting_room,1001,0.6874596023046669,0.16257396527639845,0.0,1.0645461188550454,0.0877687560476189
predictive_mppi,francis2023_exiting_room,1002,0.49107470484895804,0.12545953829329967,0.0,1.0411862051245382,0.07398294643241798
predictive_mppi,francis2023_following_human,1001,4.212630317903814,0.9612209577208422,0.0,0.44011839768287836,0.03437921556445729
predictive_mppi,francis2023_following_human,1002,4.29619432319653,0.9014731932516226,0.0,0.5660599435948651,0.051726322877114275
predictive_mppi,francis2023_frontal_approach,1001,0.95130287898854,0.14120137446446676,0.0,0.8344571990912771,0.035369483443577605
predictive_mppi,francis2023_frontal_approach,1002,1.4209234282612182,0.3923258961686381,0.0,0.8440838223403647,0.05536386221040271
predictive_mppi,francis2023_intersection_no_gesture,1001,0.0,0.004578363850148116,0.0,0.29780951905230857,0.0301730509057561
predictive_mppi,francis2023_intersection_no_gesture,1002,0.0,0.00588663897538147,0.0,0.6594914530429951,0.03964172240486199
predictive_mppi,francis2023_intersection_proceed,1001,0.0,0.004145021028145604,0.0,0.29780951905230857,0.0301730509057561
predictive_mppi,francis2023_intersection_proceed,1002,0.0,0.00519565734614286,0.0,0.39909511232040473,0.04139585259413865
predictive_mppi,francis2023_intersection_wait,1001,0.0,0.004145021028145604,0.0,0.29780951905230857,0.0301730509057561
predictive_mppi,francis2023_intersection_wait,1002,0.0,0.00519565734614286,0.0,0.39909511232040473,0.04139585259413865
predictive_mppi,francis2023_join_group,1001,78.23426868164621,9.670693790271848,0.0,0.19372645879565356,0.046366694107684875
predictive_mppi,francis2023_join_group,1002,62.28870396295574,6.807770832234867,0.0,0.2035215474679674,0.013494246589583496
predictive_mppi,francis2023_leading_human,1001,1.4170948659532019,0.16164853461705916,0.0,0.5725808364430087,0.021935860732054686
predictive_mppi,francis2023_leading_human,1002,1.5120012043116495,0.17724329540266423,0.0,0.6464045288853224,0.025530200697305636
predictive_mppi,francis2023_leave_group,1001,38.5137298919646,7.973317979052609,0.0,0.43181324418316064,0.07925299181049932
predictive_mppi,francis2023_leave_group,1002,40.24177608698372,7.999898702382582,0.0,0.3579521748494177,0.06592370679813689
predictive_mppi,francis2023_narrow_doorway,1001,0.0,0.030021612926324954,0.0,0.18187983559135107,0.05147065763318757
predictive_mppi,francis2023_narrow_doorway,1002,0.0,0.04101398103616165,0.0,0.43526433109678586,0.04306668745912932
predictive_mppi,francis2023_narrow_hallway,1001,49.16063657028077,10.571922468151078,0.6025,0.2102681185562261,0.014584677754088334
predictive_mppi,francis2023_narrow_hallway,1002,50.343633253802054,11.097421171320036,0.6075,0.3058231684770548,0.029040391743868646
predictive_mppi,francis2023_parallel_traffic,1001,9.887638553559995,1.063138339464617,0.0,0.3996999447532494,0.07228930166789593
predictive_mppi,francis2023_parallel_traffic,1002,21.688145279944138,3.04432794313616,0.0,1.5374353027463512,0.06066534385481804
predictive_mppi,francis2023_pedestrian_obstruction,1001,2.1868570319976577,0.436874445172582,0.0,0.5807925197853073,0.039016224546943555
predictive_mppi,francis2023_pedestrian_obstruction,1002,2.3422052620458302,0.5350915814506696,0.0,0.3381116348254607,0.03800015072571359
predictive_mppi,francis2023_pedestrian_overtaking,1001,8.444817597856076,1.53169080376141,0.0,0.18948093021772763,0.04315103854245507
predictive_mppi,francis2023_pedestrian_overtaking,1002,8.518681449563532,1.306415456320227,0.0,0.25839785507862745,0.05869952242267983
predictive_mppi,francis2023_perpendicular_traffic,1001,63.21940666785684,15.870209906530448,0.0725,0.9892544677342205,0.2374484413566621
predictive_mppi,francis2023_perpendicular_traffic,1002,51.532133289173125,12.673070843936967,0.0,1.0246473275919619,0.08832594268077502
predictive_mppi,francis2023_robot_crowding,1001,216.23366860658612,52.987989729494615,0.5025,0.8862997147473841,0.44055179136643124
predictive_mppi,francis2023_robot_crowding,1002,206.43527337702392,49.38177957369409,0.515,0.8006548987746543,0.8338722355902993
predictive_mppi,francis2023_robot_overtaking,1001,8.761242860687167,1.4377812576258622,0.0,1.4014076278917647,0.07103417698150374
predictive_mppi,francis2023_robot_overtaking,1002,22.58013648821504,2.5360575101454166,0.0,2.1046679747517434,0.0857429187738359
risk_dwa,classic_bottleneck_high,1001,148.27490603689077,31.30551853948181,0.7,0.16024411014363038,0.022465716395097146
risk_dwa,classic_bottleneck_high,1002,146.84010974864276,30.854728573111075,0.692,0.15402717629896484,0.05611224838530152
risk_dwa,classic_bottleneck_low,1001,0.0,0.0,0.0,0.1717398431380502,0.016725911548594204
risk_dwa,classic_bottleneck_low,1002,0.0,0.0,0.0,0.20894630452666485,0.039892401822758446
risk_dwa,classic_bottleneck_medium,1001,58.60891381674449,11.40920634023545,0.692,0.11505335921388712,0.0206666464991716
risk_dwa,classic_bottleneck_medium,1002,56.74727590884191,10.999818582767153,0.684,0.12072823339988399,0.06568453198894564
risk_dwa,classic_cross_trap_high,1001,52.39942658596837,10.038949771500038,0.03248259860788863,0.6730233713855763,0.0851992239142206
risk_dwa,classic_cross_trap_high,1002,45.19923205744358,8.966056276241464,0.03546099290780142,0.7269828417948335,0.08600140682050332
risk_dwa,classic_cross_trap_low,1001,8.88806098199455,1.588792238607478,0.0,0.23838312205501935,0.0611308663150555
risk_dwa,classic_cross_trap_low,1002,9.596034220248612,1.8933672781027486,0.0,0.2384368394306937,0.06244148207523653
risk_dwa,classic_cross_trap_medium,1001,35.90822462143141,7.160147709288767,0.05568445475638051,0.5863057134202337,0.07291066629456132
risk_dwa,classic_cross_trap_medium,1002,139.84363747968183,18.789323052077314,0.0,0.39010411361637065,0.11675948237934518
risk_dwa,classic_doorway_high,1001,13.564363741525568,1.8685041880972495,0.15328467153284672,1.1889150081781605,0.2675340501001938
risk_dwa,classic_doorway_high,1002,10.0357299627213,2.0579751084826774,0.06766917293233082,1.154523694285477,0.22274234070915322
risk_dwa,classic_doorway_low,1001,15.069204516243417,4.456761994863521,0.2192513368983957,0.9715817155898697,0.2142857173254246
risk_dwa,classic_doorway_low,1002,6.93900696295959,2.073650904905399,0.16447368421052633,0.9187184723319239,0.17669628678260513
risk_dwa,classic_doorway_medium,1001,9.31919160974408,2.22026294089813,0.10852713178294573,1.1348849452459089,0.2146300565534595
risk_dwa,classic_doorway_medium,1002,8.342046732398492,1.8562131873937866,0.11029411764705882,1.02217787340378,0.19772318875768558
risk_dwa,classic_group_crossing_high,1001,11.130292278842433,4.008071046522916,0.049079754601226995,0.8083706151874956,0.19601041154994833
risk_dwa,classic_group_crossing_high,1002,4.930587439035294,0.8302529600085319,0.0,0.4699321868813407,0.08788750547714701
risk_dwa,classic_group_crossing_low,1001,11.111613307835027,3.9925861654483805,0.049079754601226995,0.8083706151874956,0.19601041154994833
risk_dwa,classic_group_crossing_low,1002,3.8677557307295922,0.7788665732503706,0.0,0.4935472718459225,0.09868842218985464
risk_dwa,classic_group_crossing_medium,1001,11.134066660448282,4.004128570432231,0.049079754601226995,0.8083706151874956,0.19601041154994833
risk_dwa,classic_group_crossing_medium,1002,4.204160699421472,0.8745567864595807,0.0,0.5059208323146985,0.0930009596795298
risk_dwa,classic_head_on_corridor_low,1001,4.78963019751798,1.2612495280574245,0.0,0.381458800041946,0.07003149525688072
risk_dwa,classic_head_on_corridor_low,1002,3.8436330373173977,0.9939952139197601,0.0,0.40719310692671395,0.07288052037825765
risk_dwa,classic_head_on_corridor_medium,1001,9.353174311274454,2.783444251028907,0.011111111111111112,0.5231248057172758,0.11769969377768005
risk_dwa,classic_head_on_corridor_medium,1002,6.760374925902109,1.5585441623613765,0.0,0.4159815203220862,0.0804455485226801
risk_dwa,classic_merging_low,1001,24.50541110182187,5.798860526047197,0.13874788494077833,0.48010071373616914,0.1431260396025463
risk_dwa,classic_merging_low,1002,30.58599556425676,6.6137233056924885,0.08333333333333333,0.6550347537231402,0.1597781905257867
risk_dwa,classic_merging_medium,1001,87.88625310368678,17.438024637449907,0.5783333333333334,1.0341374655233417,0.17558260547229265
risk_dwa,classic_merging_medium,1002,73.36318561762549,14.530773972371826,0.22666666666666666,0.6555390010704293,0.16509738020827658
risk_dwa,classic_overtaking_low,1001,7.479915122689073,2.402909063534082,0.0,0.3798043222903937,0.10900141035527311
risk_dwa,classic_overtaking_low,1002,17.690196328978036,4.60969410906588,0.049689440993788817,0.49737228897017866,0.14147530093156116
risk_dwa,classic_overtaking_medium,1001,25.503912761624203,6.387786376023394,0.0,0.5254666955174659,0.12231054337127366
risk_dwa,classic_overtaking_medium,1002,35.70016137542532,9.082346894353902,0.07536231884057971,0.6029700294878654,0.14176430451866542
risk_dwa,classic_realworld_double_bottleneck_high,1001,5.982206019196335,1.6384453601927718,0.0,0.24133096011501548,0.036541513543173074
risk_dwa,classic_realworld_double_bottleneck_high,1002,6.041770093227118,1.6757321442374746,0.0,0.3286453375307803,0.04522613130950247
risk_dwa,classic_station_platform_medium,1001,58.13038121108011,13.518535342591585,0.06461538461538462,0.6004936586294218,0.09247851326980412
risk_dwa,classic_station_platform_medium,1002,116.04073096020738,17.778791119790494,0.14461538461538462,0.5346483362727674,0.08635933907519969
risk_dwa,classic_t_intersection_low,1001,11.847057878553791,3.50021415510909,0.0,0.5130232488841695,0.08475844560013168
risk_dwa,classic_t_intersection_low,1002,8.404256643177197,2.082924316563385,0.0,0.4983229716006796,0.11402426879762934
risk_dwa,classic_t_intersection_medium,1001,11.847058029688334,3.5013205869244985,0.0,0.5130232488841695,0.08475844560013168
risk_dwa,classic_t_intersection_medium,1002,13.157968576882064,3.811864274589867,0.0,0.7197935992574755,0.12047697773533943
risk_dwa,classic_urban_crossing_medium,1001,4.283174441779653,1.3172625017928083,0.0,0.25811669208443705,0.0329137629575804
risk_dwa,classic_urban_crossing_medium,1002,4.6798387303586235,1.3956946261464374,0.0,0.33401749894169364,0.03753910528097043
risk_dwa,francis2023_accompanying_peer,1001,2.0411312134729314,0.17558172184434148,0.0,0.2660868703108143,0.002857142895172049
risk_dwa,francis2023_accompanying_peer,1002,2.3320617296554844,0.20486311546865033,0.0,0.2864208398268529,0.010734930044396842
risk_dwa,francis2023_blind_corner,1001,4.265922750280005,1.620233772611298,0.007874015748031496,0.5001655970258145,0.09506632649496001
risk_dwa,francis2023_blind_corner,1002,13.211602096504055,3.9825318209332696,0.11,0.47139426376885873,0.07886796618374287
risk_dwa,francis2023_circular_crossing,1001,0.0,0.034267019191702636,0.0,0.5554996978877681,0.05337318477050528
risk_dwa,francis2023_circular_crossing,1002,0.0,0.11989468510697553,0.0,0.5366964078320847,0.04070796452114443
risk_dwa,francis2023_crowd_navigation,1001,17.741226319663532,5.961246896349802,0.0,0.7927393544660913,0.12453572772113854
risk_dwa,francis2023_crowd_navigation,1002,110.77569893022056,22.357319898224837,0.5425,0.8600495148196108,0.24899087420329016
risk_dwa,francis2023_down_path,1001,1.006124107176437,0.217663749858602,0.0,0.19125267671662166,0.0035900783895511383
risk_dwa,francis2023_down_path,1002,1.4984411350592226,0.24380302596337167,0.0,0.20385529951235065,0.006935271001714564
risk_dwa,francis2023_entering_elevator,1001,1.442533462693131,1.5376050531806187,0.0,1.0710962094187475,0.08354822056297696
risk_dwa,francis2023_entering_elevator,1002,1.9095783004313542,1.5935595387668904,0.0,1.0996861780828673,0.09247312189019063
risk_dwa,francis2023_entering_room,1001,0.0,0.02544715237191438,0.0,0.48778049465575624,0.07430930464654366
risk_dwa,francis2023_entering_room,1002,0.0,0.02262592622002584,0.0,0.48490173491136956,0.07087126354727369
risk_dwa,francis2023_exiting_elevator,1001,5.692353014218387,0.8560917578798904,0.1,0.6505295128855626,0.10724947376291874
risk_dwa,francis2023_exiting_elevator,1002,5.821226057687369,0.7819083447554067,0.11607142857142858,0.5658830816054238,0.10260654370800204
risk_dwa,francis2023_exiting_room,1001,0.4973556626619958,0.09786386874624285,0.0,0.4202623362613011,0.08205347180163908
risk_dwa,francis2023_exiting_room,1002,0.5966374516664883,0.08315948860014863,0.0,0.3892870516633693,0.07371795126793258
risk_dwa,francis2023_following_human,1001,3.3577648777429605,0.675049996087454,0.0,0.2883533857227847,0.008809135624535816
risk_dwa,francis2023_following_human,1002,3.4888709667524647,0.6643499225738979,0.0,0.30785324221278293,0.017659680909164067
risk_dwa,francis2023_frontal_approach,1001,3.204545145407105,1.141797016614266,0.0,0.3807435867889329,0.06250974349415094
risk_dwa,francis2023_frontal_approach,1002,3.279144373401568,1.130686704648856,0.01056338028169014,0.36874957059863345,0.052195200751925644
risk_dwa,francis2023_intersection_no_gesture,1001,0.0,0.012883545294438206,0.0,0.32366013969663504,0.03950104006733963
risk_dwa,francis2023_intersection_no_gesture,1002,0.0,0.01081294858153,0.0,0.3363769562169624,0.039559926804537626
risk_dwa,francis2023_intersection_proceed,1001,0.0,0.01073065414633725,0.0,0.32366013969663504,0.03950104006733963
risk_dwa,francis2023_intersection_proceed,1002,0.0,0.009025542838237682,0.0,0.3363769562169624,0.039559926804537626
risk_dwa,francis2023_intersection_wait,1001,0.0,0.01073065414423334,0.0,0.32366013969663504,0.03950104006733963
risk_dwa,francis2023_intersection_wait,1002,0.0,0.0090255428329717,0.0,0.3363769562169624,0.039559926804537626
risk_dwa,francis2023_join_group,1001,9.599125380669983,1.9127087435559904,0.20175438596491227,0.7371680448910514,0.16215090144102778
risk_dwa,francis2023_join_group,1002,9.808026049244866,1.717110234372247,0.21238938053097345,0.7389347916283552,0.15241796591847684
risk_dwa,francis2023_leading_human,1001,1.2314023592479755,0.10856560063093763,0.0,0.191545430490963,0.0028566764992311415
risk_dwa,francis2023_leading_human,1002,1.3408824927862832,0.11812988878403735,0.0,0.20311906186914785,0.010237780968083124
risk_dwa,francis2023_leave_group,1001,12.347596833642669,2.412233361330866,0.0,1.0357464083353827,0.18125516581360046
risk_dwa,francis2023_leave_group,1002,13.24748943588229,2.3583590551876727,0.04132231404958678,1.0358879071720661,0.17867804390967928
risk_dwa,francis2023_narrow_doorway,1001,0.0,0.07212108654481222,0.0,0.24733586737039057,0.060005830407110945
risk_dwa,francis2023_narrow_doorway,1002,0.0,0.06716303479881401,0.0,0.21485679541796918,0.035074102070684995
risk_dwa,francis2023_narrow_hallway,1001,39.03109497701886,7.719248371703227,0.0,0.16369807848190696,0.027480634478854803
risk_dwa,francis2023_narrow_hallway,1002,39.45364131610133,7.809290427916024,0.0,0.16642850139231827,0.04255368429277203
risk_dwa,francis2023_parallel_traffic,1001,31.10895239392805,5.1400472624204525,0.0,0.5203501840967386,0.04188892506025113
risk_dwa,francis2023_parallel_traffic,1002,30.794454920329407,5.662196300346182,0.0,0.5960664063513335,0.05681818397341793
risk_dwa,francis2023_pedestrian_obstruction,1001,7.4917599648227755,1.793283164339023,0.06713780918727916,0.3401716813573873,0.04573935061659592
risk_dwa,francis2023_pedestrian_obstruction,1002,7.475322994680375,1.7876541089055502,0.06993006993006994,0.3603943611747149,0.037210411995053094
risk_dwa,francis2023_pedestrian_overtaking,1001,4.039955678911203,0.4319157001165169,0.0,0.09748015088699602,0.02595455971480103
risk_dwa,francis2023_pedestrian_overtaking,1002,3.341476899622377,0.3533869570645316,0.0,0.14205936675564032,0.032376396358980236
risk_dwa,francis2023_perpendicular_traffic,1001,9.491962472752585,2.8169957375137686,0.0,0.6208485779070136,0.11716806237605976
risk_dwa,francis2023_perpendicular_traffic,1002,12.974232127895704,3.582217002682474,0.06372549019607843,0.7034837781603666,0.09292035301880158
risk_dwa,francis2023_robot_crowding,1001,261.08189846530445,57.91271214863437,0.6625,1.223347762511054,1.1711811662056675
risk_dwa,francis2023_robot_crowding,1002,237.8490691202462,53.08101125806932,0.5225,1.2215412959534495,1.2731424442834824
risk_dwa,francis2023_robot_overtaking,1001,6.077825124412296,1.408673549499427,0.0,0.3368270268728278,0.04010025222056019
risk_dwa,francis2023_robot_overtaking,1002,6.108187535156713,1.4442999010798363,0.0,0.3080412127529136,0.0351419976050349
sacadrl,classic_bottleneck_high,1001,0.3507856638360385,1.1865693220880313,0.0,0.1613521299876295,0.008695652173939585
sacadrl,classic_bottleneck_high,1002,0.0,0.0,0.0,0.8338544920513873,0.005000000000017046
sacadrl,classic_bottleneck_low,1001,0.0,0.0,0.0,0.15350845795637982,0.013197969543149515
sacadrl,classic_bottleneck_low,1002,0.0,0.0,0.0,0.8338544920513873,0.005000000000017046
sacadrl,classic_bottleneck_medium,1001,1.212467712970388,1.2246293600476204,0.02631578947368421,0.29463988386173984,0.06581632653063335
sacadrl,classic_bottleneck_medium,1002,0.0,0.0,0.0,0.8338544920513873,0.005000000000017046
sacadrl,classic_cross_trap_high,1001,13.70305341147448,4.84667047662688,0.28,0.6568750153039844,0.20749999999999025
sacadrl,classic_cross_trap_high,1002,6.585568480803137,3.9291918248536954,0.25862068965517243,0.8184766132610817,0.2533018867924425
sacadrl,classic_cross_trap_low,1001,28.462640456024033,6.897190659095838,0.1726457399103139,0.2609925169172228,0.07596371882086012
sacadrl,classic_cross_trap_low,1002,19.280248666669266,6.364611147303295,0.19066147859922178,0.27408864168004204,0.08749999999999793
sacadrl,classic_cross_trap_medium,1001,13.703305571696479,4.804558043840805,0.28,0.6568750153039844,0.20749999999999025
sacadrl,classic_cross_trap_medium,1002,6.067862956834642,3.989063980102121,0.22807017543859648,0.871852293039834,0.27932692307691015
sacadrl,classic_doorway_high,1001,2.1255631290492993,2.35527857766668,0.08163265306122448,1.3784871236723482,0.6136363636363495
sacadrl,classic_doorway_high,1002,3.263834801872065,3.7672424510249485,0.07692307692307693,0.8544270164738154,0.2787234042553005
sacadrl,classic_doorway_low,1001,2.41230517095076,0.3111795882464118,0.0958904109589041,1.2282796906249522,0.5415441176470569
sacadrl,classic_doorway_low,1002,1.6638753990575283,0.48012987845457045,0.0625,0.9326208626990077,0.33432203389829557
sacadrl,classic_doorway_medium,1001,1.5686073247056258,0.014967274545018,0.0,1.0413648988881568,0.4416666666666595
sacadrl,classic_doorway_medium,1002,1.9391023392573918,0.09340951854573021,0.0,0.7813850471261956,0.2778169014084422
sacadrl,classic_group_crossing_high,1001,2.519168428233892,0.5354813627905538,0.0,0.5898966310001132,0.22834302325581726
sacadrl,classic_group_crossing_high,1002,0.5871064152248441,0.3369768867667806,0.0,0.5923675653591287,0.25105421686747315
sacadrl,classic_group_crossing_low,1001,0.5727574714210448,0.19284610489480564,0.0,0.6103862051131675,0.22285714285714597
sacadrl,classic_group_crossing_low,1002,1.5606896285545755,0.5245240915541738,0.0,0.7739872667161475,0.3116766467065928
sacadrl,classic_group_crossing_medium,1001,2.957603162097575,0.6335438376125891,0.0,0.5348316769720971,0.18135838150289404
sacadrl,classic_group_crossing_medium,1002,3.995303862264421,1.6945897494319628,0.040697674418604654,0.6783965847541997,0.25464071856287723
sacadrl,classic_head_on_corridor_low,1001,1.326128820897161,0.3609581172200098,0.0,0.7281223871781911,0.3313813813813769
sacadrl,classic_head_on_corridor_low,1002,4.428000197225358,1.3584112558924788,0.03614457831325301,0.8076847283911806,0.36964831804281
sacadrl,classic_head_on_corridor_medium,1001,2.2892412287116133,4.459354267166588,0.03333333333333333,1.1046580246298274,0.49758620689654876
sacadrl,classic_head_on_corridor_medium,1002,4.424791459692147,6.17421255232966,0.050724637681159424,1.1405284784474166,0.536842105263152
sacadrl,classic_merging_low,1001,6.032070834281079,3.4768854760717165,0.04491017964071856,0.3082134271658288,0.11496960486322508
sacadrl,classic_merging_low,1002,3.908983508955052,1.2026857927916683,0.0,0.5123262688034711,0.19907407407407626
sacadrl,classic_merging_medium,1001,6.264967377796605,3.4154925033575942,0.04746835443037975,0.3388295834693712,0.13319935691318585
sacadrl,classic_merging_medium,1002,4.401622380889591,2.820093089765768,0.05603448275862069,0.44722217992499186,0.14262114537445358
sacadrl,classic_overtaking_low,1001,9.849806058406665,2.8234434848193337,0.041935483870967745,0.47369008466645013,0.18803278688523692
sacadrl,classic_overtaking_low,1002,12.311020962080118,4.687691185101864,0.09120521172638436,0.6792667732024134,0.3220198675496636
sacadrl,classic_overtaking_medium,1001,20.86145466676517,7.243253265684922,0.0847457627118644,0.4621152228492638,0.1870689655172327
sacadrl,classic_overtaking_medium,1002,24.906978353913303,9.397192639659,0.12244897959183673,0.5960761591645757,0.2795847750864955
sacadrl,classic_realworld_double_bottleneck_high,1001,0.0,0.1049848993372774,0.0,0.4680335048059676,0.12215447154470678
sacadrl,classic_realworld_double_bottleneck_high,1002,1.5439551696610772,0.4232617657116451,0.0,0.20766759117210984,0.051257396449702036
sacadrl,classic_station_platform_medium,1001,6.270983170821483,3.653871119230737,0.12698412698412698,0.16845046027344457,0.01053719008264558
sacadrl,classic_station_platform_medium,1002,12.36158952642462,6.172841840601295,0.125,0.1484295030748137,0.010034013605442942
sacadrl,classic_t_intersection_low,1001,0.6723883692250482,1.052924774393202,0.0,0.3932391799514864,0.17809917355372037
sacadrl,classic_t_intersection_low,1002,0.0,0.15671945310851865,0.0,0.9483036046183025,0.44087591240874785
sacadrl,classic_t_intersection_medium,1001,1.1660338842494096,1.2305572402178448,0.0,0.41601359207089433,0.19055118110236496
sacadrl,classic_t_intersection_medium,1002,0.0,0.17980601270661603,0.0,0.9425415307479575,0.43671328671328086
sacadrl,classic_urban_crossing_medium,1001,0.0,3.0668182905536865e-05,0.0,1.8195902360521685,0.7125000000000321
sacadrl,classic_urban_crossing_medium,1002,0.0,7.312973982892005e-05,0.0,1.774905966594964,0.6187500000000357
sacadrl,francis2023_accompanying_peer,1001,0.9286759450240674,0.25592625027271065,0.0,1.1808465725010733,0.4859374999999935
sacadrl,francis2023_accompanying_peer,1002,0.7399163150194621,0.19346169727971774,0.0,1.1831621194552708,0.43839285714285703
sacadrl,francis2023_blind_corner,1001,0.0,2.6072616271974505e-07,0.0,0.6539867607085322,0.26713709677418634
sacadrl,francis2023_blind_corner,1002,0.0,7.213893634637991e-08,0.0,0.7354788498827645,0.31084070796459246
sacadrl,francis2023_circular_crossing,1001,0.0,0.12810110130691066,0.0,0.705364861265277,0.23999999999999108
sacadrl,francis2023_circular_crossing,1002,0.0,0.12321647870509099,0.0,0.4758282572884169,0.16196581196580412
sacadrl,francis2023_crowd_navigation,1001,13.237002989124178,3.7095233671036065,0.0,0.6092266201978048,0.22531380753137706
sacadrl,francis2023_crowd_navigation,1002,29.715802446351212,6.633380053213782,0.2320675105485232,0.6063297922230044,0.22877155172413371
sacadrl,francis2023_down_path,1001,0.0,0.03317890506532425,0.0,1.133319536575319,0.3919354838709624
sacadrl,francis2023_down_path,1002,0.0,0.021069705169560728,0.0,1.1716404838794177,0.3956896551724163
sacadrl,francis2023_entering_elevator,1001,1.1747932318027328,1.3196257530856705,0.00847457627118644,1.17321716439416,0.5526548672566334
sacadrl,francis2023_entering_elevator,1002,1.1272746090855104,1.1802197652395265,0.0,1.1678708783988234,0.556132075471694
sacadrl,francis2023_entering_room,1001,0.0,4.574930708506409e-05,0.0,0.9744389165468806,0.3938596491228204
sacadrl,francis2023_entering_room,1002,0.0,6.0081402952340944e-05,0.0,0.8972358416796878,0.3277777777777912
sacadrl,francis2023_exiting_elevator,1001,5.751880106049327,1.0421089273731008,0.0743801652892562,0.2706686939402826,0.044827586206920324
sacadrl,francis2023_exiting_elevator,1002,6.14917133139941,1.0116703409865535,0.09523809523809523,0.2858202520845611,0.06611570247933525
sacadrl,francis2023_exiting_room,1001,0.0,0.08382865475147123,0.0,1.189148439344874,0.5018518518518684
sacadrl,francis2023_exiting_room,1002,0.0,0.06300871889840663,0.0,0.3917061891763364,0.09240331491713333
sacadrl,francis2023_following_human,1001,0.9046181833165865,0.6193856597397234,0.0,1.1878951220045502,0.5171874999999926
sacadrl,francis2023_following_human,1002,0.7081848202837728,0.34469342719888113,0.0,1.1922095233052776,0.4669642857142838
sacadrl,francis2023_frontal_approach,1001,0.0,2.5460900533972062e-06,0.0,1.2162330443737135,0.6012195121951287
sacadrl,francis2023_frontal_approach,1002,0.0,2.285556699237245e-06,0.0,1.2045806059467012,0.5846153846153933
sacadrl,francis2023_intersection_no_gesture,1001,0.0,0.07606571366661886,0.0,0.7028320665948905,0.2712053571428521
sacadrl,francis2023_intersection_no_gesture,1002,0.0,0.06465891946142148,0.0,0.715935775681989,0.2816742081447911
sacadrl,francis2023_intersection_proceed,1001,0.0,0.05541010006879983,0.0,0.7017375503476698,0.27120535714285227
sacadrl,francis2023_intersection_proceed,1002,0.0,0.047783645046070716,0.0,0.7160740265919022,0.2798642533936607
sacadrl,francis2023_intersection_wait,1001,0.0,0.05541009597458583,0.0,0.7067567095025391,0.27165178571428095
sacadrl,francis2023_intersection_wait,1002,0.0,0.0477836403636643,0.0,0.7156425439778099,0.2773755656108548
sacadrl,francis2023_join_group,1001,7.915953183871197,5.450258480144342,0.056818181818181816,0.9495871203646403,0.371686746987937
sacadrl,francis2023_join_group,1002,7.768694035460442,5.297828798329693,0.07228915662650602,0.9768671768718186,0.35769230769229576
sacadrl,francis2023_leading_human,1001,0.8583348884278075,0.21611006978597885,0.0,1.1808465725010733,0.4859374999999935
sacadrl,francis2023_leading_human,1002,0.6554451688765182,0.14987216500674624,0.0,1.1831621194552708,0.43839285714285703
sacadrl,francis2023_leave_group,1001,6.987526699338019,2.927061129345899,0.16666666666666666,0.9965285024001351,0.35949367088606743
sacadrl,francis2023_leave_group,1002,7.243209829976569,3.532503680445188,0.3013698630136986,0.8251494605431225,0.27316176470586634
sacadrl,francis2023_narrow_doorway,1001,0.0,0.20794923211237681,0.0,1.1191621758298864,0.472522522522529
sacadrl,francis2023_narrow_doorway,1002,0.0,0.21133593287376531,0.0,1.105506739081742,0.46550925925926673
sacadrl,francis2023_narrow_hallway,1001,2.101988411115416,1.967812602164937,0.05517241379310345,1.1114720024673532,0.5153571428571418
sacadrl,francis2023_narrow_hallway,1002,2.0283298823842753,1.9756474757968876,0.05555555555555555,1.1187127977428892,0.5219424460431633
sacadrl,francis2023_parallel_traffic,1001,6.076080753893478,2.9085400275771627,0.16981132075471697,1.3142500280193088,0.5854166666666833
sacadrl,francis2023_parallel_traffic,1002,36.070943711840975,7.444634732739191,0.1394658753709199,0.5269895521196827,0.2240963855421713
sacadrl,francis2023_pedestrian_obstruction,1001,0.0,1.9629904067958675e-08,0.0,1.2138434590979692,0.6241379310344902
sacadrl,francis2023_pedestrian_obstruction,1002,0.0,3.323572586508475e-08,0.0,1.2112602032804238,0.6097560975609868
sacadrl,francis2023_pedestrian_overtaking,1001,2.3582617254137115,0.9936958830348147,0.0,0.8015688408780436,0.772308923569431
sacadrl,francis2023_pedestrian_overtaking,1002,2.4613304351493106,0.9923575802482845,0.0,0.5657206737479281,0.5293856402664703
sacadrl,francis2023_perpendicular_traffic,1001,4.132171606058224,4.849982310235184,0.09345794392523364,1.01994997221441,0.40808823529410415
sacadrl,francis2023_perpendicular_traffic,1002,5.433671805465569,6.9383647937390895,0.06363636363636363,1.1665894698587358,0.5161904761904664
sacadrl,francis2023_robot_crowding,1001,8.89613195518947,9.526735152702619,0.2,1.3684711160974838,0.538888888888867
sacadrl,francis2023_robot_crowding,1002,13.77181464412,14.142395519525202,0.16666666666666666,1.3088204030364226,0.5255102040816152
sacadrl,francis2023_robot_overtaking,1001,5.519471336405513,2.0876820089340224,0.03672316384180791,0.6181308370593966,0.27271424476927664
sacadrl,francis2023_robot_overtaking,1002,5.243844146932396,1.3726670714693858,0.008902077151335312,0.5637592084396343,0.23569277108433964
scenario_adaptive_hybrid_orca_v2_bottleneck_yield_v4,classic_bottleneck_high,1001,51.55705751606308,9.798736746650079,0.11797752808988764,0.2382675875617725,0.026301085793403053
scenario_adaptive_hybrid_orca_v2_bottleneck_yield_v4,classic_bottleneck_high,1002,47.33793503408046,9.616816763854366,0.1027190332326284,0.2930239070602669,0.045073279932891314
scenario_adaptive_hybrid_orca_v2_bottleneck_yield_v4,classic_bottleneck_low,1001,0.0,0.0,0.0,0.6668477803957855,0.020683327173354287
scenario_adaptive_hybrid_orca_v2_bottleneck_yield_v4,classic_bottleneck_low,1002,0.0,0.0,0.0,0.6552622178115017,0.03058531092345007
scenario_adaptive_hybrid_orca_v2_bottleneck_yield_v4,classic_bottleneck_medium,1001,8.697656020979451,4.317243184612912,0.2,0.8795908801180822,0.07041416042676563
scenario_adaptive_hybrid_orca_v2_bottleneck_yield_v4,classic_bottleneck_medium,1002,11.444604791184911,5.2866000294376265,0.31976744186046513,0.9626481239028124,0.05952830576960344
scenario_adaptive_hybrid_orca_v2_bottleneck_yield_v4,classic_cross_trap_high,1001,67.54415550238478,12.50961161770946,0.1368909512761021,1.112660545049869,0.06955026883197721
scenario_adaptive_hybrid_orca_v2_bottleneck_yield_v4,classic_cross_trap_high,1002,62.765952671936454,14.460039935878468,0.12376237623762376,1.0632827331869519,0.07948415303120822
scenario_adaptive_hybrid_orca_v2_bottleneck_yield_v4,classic_cross_trap_low,1001,27.52762507967683,4.99765497670509,0.0,1.7301905498922692,0.06487010552818663
scenario_adaptive_hybrid_orca_v2_bottleneck_yield_v4,classic_cross_trap_low,1002,13.658935802415876,4.3038867372088445,0.06802721088435375,0.6758854524426221,0.05198869533821759
scenario_adaptive_hybrid_orca_v2_bottleneck_yield_v4,classic_cross_trap_medium,1001,43.20461743884931,8.329413517143088,0.015037593984962405,1.2041784452260091,0.06008691878983172
scenario_adaptive_hybrid_orca_v2_bottleneck_yield_v4,classic_cross_trap_medium,1002,39.46648774661467,9.276971376400347,0.0,1.1677458224335944,0.05927892799223998
scenario_adaptive_hybrid_orca_v2_bottleneck_yield_v4,classic_doorway_high,1001,12.58751292995626,1.799349763549283,0.0703125,1.957837635866961,0.17703794093362482
scenario_adaptive_hybrid_orca_v2_bottleneck_yield_v4,classic_doorway_high,1002,9.549368969584618,1.046596393825674,0.09401709401709402,1.446179460644739,0.1303091877429365
scenario_adaptive_hybrid_orca_v2_bottleneck_yield_v4,classic_doorway_low,1001,30.479033403697827,6.214361813362949,0.5528846153846154,0.9635084650189031,0.1930105719955833
scenario_adaptive_hybrid_orca_v2_bottleneck_yield_v4,classic_doorway_low,1002,6.725678865493908,1.273022312396407,0.1896551724137931,1.877219319921249,0.1459254905592426
scenario_adaptive_hybrid_orca_v2_bottleneck_yield_v4,classic_doorway_medium,1001,6.489080123582468,0.44993851554143377,0.0,1.3486986687949025,0.18616989389706168
scenario_adaptive_hybrid_orca_v2_bottleneck_yield_v4,classic_doorway_medium,1002,5.283825391046698,0.45489502865632225,0.0,1.494407570305765,0.12758451397876627
scenario_adaptive_hybrid_orca_v2_bottleneck_yield_v4,classic_group_crossing_high,1001,38.33491256500234,9.93521632496707,0.7206477732793523,2.845465585614768,0.15650946264132737
scenario_adaptive_hybrid_orca_v2_bottleneck_yield_v4,classic_group_crossing_high,1002,10.744891135693212,2.8667600830862625,0.136,1.1833861269407522,0.07917174116165594
scenario_adaptive_hybrid_orca_v2_bottleneck_yield_v4,classic_group_crossing_low,1001,38.355668502262986,9.789798512406868,0.7206477732793523,2.8147100272112913,0.15700942593778833
scenario_adaptive_hybrid_orca_v2_bottleneck_yield_v4,classic_group_crossing_low,1002,37.55257923619418,9.630850756020445,0.7871485943775101,3.6127224541248686,0.17067203465913666
scenario_adaptive_hybrid_orca_v2_bottleneck_yield_v4,classic_group_crossing_medium,1001,38.33482820450223,9.94100093564354,0.7165991902834008,2.845246418269206,0.15641404494280833
scenario_adaptive_hybrid_orca_v2_bottleneck_yield_v4,classic_group_crossing_medium,1002,10.498587912541723,3.663415091096228,0.21374045801526717,1.231163677216033,0.10602648878162431
scenario_adaptive_hybrid_orca_v2_bottleneck_yield_v4,classic_head_on_corridor_low,1001,14.26787715519027,5.528896878043047,0.18143459915611815,1.203793116326464,0.07515622774587681
scenario_adaptive_hybrid_orca_v2_bottleneck_yield_v4,classic_head_on_corridor_low,1002,4.972521493431959,1.9748896334532895,0.07329842931937172,0.9233188587955273,0.0889374112299207
scenario_adaptive_hybrid_orca_v2_bottleneck_yield_v4,classic_head_on_corridor_medium,1001,20.145257004431514,7.347364900939943,0.2131782945736434,1.3286318298435484,0.098801408442838
scenario_adaptive_hybrid_orca_v2_bottleneck_yield_v4,classic_head_on_corridor_medium,1002,9.916939021240951,3.1268562024244986,0.06467661691542288,1.183526503324348,0.07601750217183849
scenario_adaptive_hybrid_orca_v2_bottleneck_yield_v4,classic_merging_low,1001,20.19809030325072,6.313081508492817,0.00425531914893617,1.5150949502025728,0.1610002201740817
scenario_adaptive_hybrid_orca_v2_bottleneck_yield_v4,classic_merging_low,1002,54.92803411984418,8.540826558148252,0.09074410163339383,1.314812629623584,0.15459393497825727
scenario_adaptive_hybrid_orca_v2_bottleneck_yield_v4,classic_merging_medium,1001,76.60349503196124,15.829145103244793,0.25333333333333335,1.1873467035623584,0.16309299176930675
scenario_adaptive_hybrid_orca_v2_bottleneck_yield_v4,classic_merging_medium,1002,90.0697077626097,15.192840816352263,0.008665511265164644,1.1308080464917276,0.1657471591091976
scenario_adaptive_hybrid_orca_v2_bottleneck_yield_v4,classic_overtaking_low,1001,8.724263155726698,3.3846338127903,0.0,1.0912923611800032,0.11904917755297532
scenario_adaptive_hybrid_orca_v2_bottleneck_yield_v4,classic_overtaking_low,1002,10.240907819083917,3.5224776886955524,0.0,1.108941931183535,0.12307877570568855
scenario_adaptive_hybrid_orca_v2_bottleneck_yield_v4,classic_overtaking_medium,1001,18.341961512539093,5.318947977912888,0.0,1.181594492681988,0.1213242629484899
scenario_adaptive_hybrid_orca_v2_bottleneck_yield_v4,classic_overtaking_medium,1002,30.150606648348628,9.752254980419213,0.12937062937062938,1.1510775794139494,0.13128052447231733
scenario_adaptive_hybrid_orca_v2_bottleneck_yield_v4,classic_realworld_double_bottleneck_high,1001,9.60982541077817,3.1661759997051564,0.0718954248366013,1.1781694777761242,0.04225266593594012
scenario_adaptive_hybrid_orca_v2_bottleneck_yield_v4,classic_realworld_double_bottleneck_high,1002,9.376221260849047,3.08733019015853,0.07006369426751592,1.23259321384679,0.06459788043253925
scenario_adaptive_hybrid_orca_v2_bottleneck_yield_v4,classic_station_platform_medium,1001,84.89118266576936,21.806127438789066,0.18461538461538463,1.6440368460879722,0.07697179520177143
scenario_adaptive_hybrid_orca_v2_bottleneck_yield_v4,classic_station_platform_medium,1002,158.34577638030723,29.853952210690114,0.2569230769230769,2.2512831732565695,0.10356226897519306
scenario_adaptive_hybrid_orca_v2_bottleneck_yield_v4,classic_t_intersection_low,1001,6.200688655009128,2.334659093532893,0.0,0.7806378631943437,0.08734776701111606
scenario_adaptive_hybrid_orca_v2_bottleneck_yield_v4,classic_t_intersection_low,1002,2.877317926603044,2.163670189538081,0.0,1.0336088040656521,0.13021291227334217
scenario_adaptive_hybrid_orca_v2_bottleneck_yield_v4,classic_t_intersection_medium,1001,6.200688652043299,2.3347037426818074,0.0,0.7806378631943437,0.08734776701111606
scenario_adaptive_hybrid_orca_v2_bottleneck_yield_v4,classic_t_intersection_medium,1002,18.940610523372026,5.4467617583274555,0.0867579908675799,0.8161643572947016,0.1340850475422325
scenario_adaptive_hybrid_orca_v2_bottleneck_yield_v4,classic_urban_crossing_medium,1001,0.0,0.03615712182280947,0.0,0.5798265485915927,0.010857592651437514
scenario_adaptive_hybrid_orca_v2_bottleneck_yield_v4,classic_urban_crossing_medium,1002,6.939585888916788,2.339706140705033,0.0,0.8424727379685527,0.026957243488291413
scenario_adaptive_hybrid_orca_v2_bottleneck_yield_v4,francis2023_accompanying_peer,1001,1.3134049281635922,0.11163654771249959,0.0,0.3942723521286486,0.02050928605727914
scenario_adaptive_hybrid_orca_v2_bottleneck_yield_v4,francis2023_accompanying_peer,1002,1.6962219144238107,0.32366428423288407,0.0,1.4774101105064978,0.5230387236563255
scenario_adaptive_hybrid_orca_v2_bottleneck_yield_v4,francis2023_blind_corner,1001,7.320444875296062,1.8411242142189683,0.018461538461538463,0.831122016870717,0.08391671212926115
scenario_adaptive_hybrid_orca_v2_bottleneck_yield_v4,francis2023_blind_corner,1002,8.609960498978404,2.355753029601474,0.01812688821752266,0.8201383959867452,0.08224220608301995
scenario_adaptive_hybrid_orca_v2_bottleneck_yield_v4,francis2023_circular_crossing,1001,0.0,0.02280160307993461,0.0,0.7548249469272542,0.056496181611735356
scenario_adaptive_hybrid_orca_v2_bottleneck_yield_v4,francis2023_circular_crossing,1002,0.0,0.11484466389276289,0.0,0.718500759997025,0.10304277311823593
scenario_adaptive_hybrid_orca_v2_bottleneck_yield_v4,francis2023_crowd_navigation,1001,110.2366557766346,29.301721120543732,0.4970414201183432,1.1554682534440701,0.10248364437108284
scenario_adaptive_hybrid_orca_v2_bottleneck_yield_v4,francis2023_crowd_navigation,1002,71.3614332041,17.74694311850772,0.2784313725490196,1.1200048795326543,0.119258429413998
scenario_adaptive_hybrid_orca_v2_bottleneck_yield_v4,francis2023_down_path,1001,0.49454475063274334,0.060750725959943866,0.0,0.3512977753989043,0.020072839094166097
scenario_adaptive_hybrid_orca_v2_bottleneck_yield_v4,francis2023_down_path,1002,1.1105125096851574,0.646233859407259,0.0,1.4906777017499573,0.5349992792808727
scenario_adaptive_hybrid_orca_v2_bottleneck_yield_v4,francis2023_entering_elevator,1001,0.972276589703167,1.6046489796817103,0.0,1.534208635171445,0.1095330389555211
scenario_adaptive_hybrid_orca_v2_bottleneck_yield_v4,francis2023_entering_elevator,1002,18.519404363337387,5.0094467128939435,0.0,2.068711759770056,1.2353941857298885
scenario_adaptive_hybrid_orca_v2_bottleneck_yield_v4,francis2023_entering_room,1001,0.0,0.05677410323680772,0.0,1.1258882416593359,0.07836441198917916
scenario_adaptive_hybrid_orca_v2_bottleneck_yield_v4,francis2023_entering_room,1002,0.0,0.08324603145988058,0.0,2.014280964352749,0.9903328185096125
scenario_adaptive_hybrid_orca_v2_bottleneck_yield_v4,francis2023_exiting_elevator,1001,8.898969771042728,1.8206381060397518,0.28695652173913044,1.1472447127043766,0.12020507548740447
scenario_adaptive_hybrid_orca_v2_bottleneck_yield_v4,francis2023_exiting_elevator,1002,9.381936857946002,1.9981440733160518,0.288135593220339,1.2473626808496898,0.10074722687964607
scenario_adaptive_hybrid_orca_v2_bottleneck_yield_v4,francis2023_exiting_room,1001,0.8014655129171362,0.09331409239327336,0.0,1.434924484550344,0.09218040214492836
scenario_adaptive_hybrid_orca_v2_bottleneck_yield_v4,francis2023_exiting_room,1002,0.6908493924495824,0.059618692273364665,0.0,1.5756987153859423,0.07411022642334927
scenario_adaptive_hybrid_orca_v2_bottleneck_yield_v4,francis2023_following_human,1001,2.6721533036579,0.38802212525335555,0.0,0.39487681528999097,0.023958478512699305
scenario_adaptive_hybrid_orca_v2_bottleneck_yield_v4,francis2023_following_human,1002,3.3995086511166854,0.6776708668947086,0.0,1.4053767472064203,0.5166834097344519
scenario_adaptive_hybrid_orca_v2_bottleneck_yield_v4,francis2023_frontal_approach,1001,4.435160105426032,1.7487323446051815,0.05970149253731343,0.666798036888316,0.06486503219608389
scenario_adaptive_hybrid_orca_v2_bottleneck_yield_v4,francis2023_frontal_approach,1002,17.765339595339743,6.496026068062401,0.2075,1.8746039310596072,0.3939353225509804
scenario_adaptive_hybrid_orca_v2_bottleneck_yield_v4,francis2023_intersection_no_gesture,1001,0.0,0.0007150606700956573,0.0,0.40824461444778704,0.028947702063242185
scenario_adaptive_hybrid_orca_v2_bottleneck_yield_v4,francis2023_intersection_no_gesture,1002,0.0,0.00037697293422713434,0.0,0.49519840164960227,0.06509940187795352
scenario_adaptive_hybrid_orca_v2_bottleneck_yield_v4,francis2023_intersection_proceed,1001,0.0,0.0007022776254449145,0.0,0.40824461444778704,0.028947702063242185
scenario_adaptive_hybrid_orca_v2_bottleneck_yield_v4,francis2023_intersection_proceed,1002,0.0,0.0003694534632495243,0.0,0.49519840164960227,0.06509940187795352
scenario_adaptive_hybrid_orca_v2_bottleneck_yield_v4,francis2023_intersection_wait,1001,0.0,0.0007022776254449145,0.0,0.40824461444778704,0.028947702063242185
scenario_adaptive_hybrid_orca_v2_bottleneck_yield_v4,francis2023_intersection_wait,1002,0.0,0.0003694534632495243,0.0,0.49519840164960227,0.06509940187795352
scenario_adaptive_hybrid_orca_v2_bottleneck_yield_v4,francis2023_join_group,1001,128.36204918594316,23.978454724114574,0.8475,0.25909543480298974,0.12641827748526693
scenario_adaptive_hybrid_orca_v2_bottleneck_yield_v4,francis2023_join_group,1002,138.0241275109829,25.869345869639165,0.855,0.22821602973806357,0.12612457072861946
scenario_adaptive_hybrid_orca_v2_bottleneck_yield_v4,francis2023_leading_human,1001,0.8662512072880113,0.09555264684655163,0.0,0.4045733500731571,0.02156668675973933
scenario_adaptive_hybrid_orca_v2_bottleneck_yield_v4,francis2023_leading_human,1002,1.043790920561727,0.10133542593463617,0.0,0.4272769211710189,0.059865495427188775
scenario_adaptive_hybrid_orca_v2_bottleneck_yield_v4,francis2023_leave_group,1001,18.94652787116599,3.2059291243516554,0.4745762711864407,0.4408856529860861,0.1251628288631041
scenario_adaptive_hybrid_orca_v2_bottleneck_yield_v4,francis2023_leave_group,1002,19.756251485266553,3.2328858669619454,0.5267857142857143,0.5159999488027365,0.128708128119069
scenario_adaptive_hybrid_orca_v2_bottleneck_yield_v4,francis2023_narrow_doorway,1001,0.0,0.1349831963821135,0.0,0.25690786185902414,0.08860288223294437
scenario_adaptive_hybrid_orca_v2_bottleneck_yield_v4,francis2023_narrow_doorway,1002,0.0,0.13195411491289574,0.0,0.22219010515264037,0.07718850966107656
scenario_adaptive_hybrid_orca_v2_bottleneck_yield_v4,francis2023_narrow_hallway,1001,15.497419285399937,5.258497629967818,0.3142857142857143,0.944378848918699,0.05452209219228982
scenario_adaptive_hybrid_orca_v2_bottleneck_yield_v4,francis2023_narrow_hallway,1002,15.237542303382185,5.252342880308973,0.175,1.7134125859021974,0.6872935798177768
scenario_adaptive_hybrid_orca_v2_bottleneck_yield_v4,francis2023_parallel_traffic,1001,46.441717608830125,7.541710951613002,0.0,1.170483846597957,0.04210656348816371
scenario_adaptive_hybrid_orca_v2_bottleneck_yield_v4,francis2023_parallel_traffic,1002,84.12529895421332,13.13495732668539,0.41,1.467475396408099,0.03981021393925089
scenario_adaptive_hybrid_orca_v2_bottleneck_yield_v4,francis2023_pedestrian_obstruction,1001,16.56486632764527,4.68419120471283,0.26294820717131473,0.8919902787080475,0.05624629394578775
scenario_adaptive_hybrid_orca_v2_bottleneck_yield_v4,francis2023_pedestrian_obstruction,1002,15.649693527403011,5.07573496335333,0.24701195219123506,0.9984389287852117,0.06664420305459592
scenario_adaptive_hybrid_orca_v2_bottleneck_yield_v4,francis2023_pedestrian_overtaking,1001,4.168172779483089,0.5589817951063866,0.0,0.08180880665391382,0.046353301858450636
scenario_adaptive_hybrid_orca_v2_bottleneck_yield_v4,francis2023_pedestrian_overtaking,1002,4.065362306580228,0.5317784847631105,0.0,0.5833349561055637,0.4303602163669585
scenario_adaptive_hybrid_orca_v2_bottleneck_yield_v4,francis2023_perpendicular_traffic,1001,12.811766142349036,4.097631137855013,0.12209302325581395,0.9582306895772557,0.05118125415560939
scenario_adaptive_hybrid_orca_v2_bottleneck_yield_v4,francis2023_perpendicular_traffic,1002,26.57997954848479,7.818401570191073,0.24242424242424243,0.7744221199767237,0.13084908490972252
scenario_adaptive_hybrid_orca_v2_bottleneck_yield_v4,francis2023_robot_crowding,1001,390.0436077410403,78.84335969459073,0.9075,1.2718986954263374,0.4554362646612457
scenario_adaptive_hybrid_orca_v2_bottleneck_yield_v4,francis2023_robot_crowding,1002,302.98225140298,61.917509327198594,0.7370030581039755,0.7281820391621673,0.3108930062737495
scenario_adaptive_hybrid_orca_v2_bottleneck_yield_v4,francis2023_robot_overtaking,1001,8.452361554332432,2.341795286850572,0.04524886877828054,0.5955214446589309,0.03641778043351345
scenario_adaptive_hybrid_orca_v2_bottleneck_yield_v4,francis2023_robot_overtaking,1002,13.527139420022602,3.437231046048714,0.18930041152263374,0.4571997306627683,0.06345984546362174
scenario_adaptive_hybrid_orca_v2_collision_guard_v4,classic_bottleneck_high,1001,33.10546295178683,10.853638124907887,0.40865384615384615,1.6173507741710866,0.04358430708858238
scenario_adaptive_hybrid_orca_v2_collision_guard_v4,classic_bottleneck_high,1002,26.513902092488753,9.213072783764572,0.38636363636363635,1.783403021295819,0.08702569897672922
scenario_adaptive_hybrid_orca_v2_collision_guard_v4,classic_bottleneck_low,1001,0.0,0.0,0.0,0.6668477803957855,0.020683327173354287
scenario_adaptive_hybrid_orca_v2_collision_guard_v4,classic_bottleneck_low,1002,0.0,0.0,0.0,0.6552622178115017,0.03058531092345007
scenario_adaptive_hybrid_orca_v2_collision_guard_v4,classic_bottleneck_medium,1001,8.697656020979451,4.317243184612912,0.2,0.8795908801180822,0.07041416042676563
scenario_adaptive_hybrid_orca_v2_collision_guard_v4,classic_bottleneck_medium,1002,11.444604791184911,5.2866000294376265,0.31976744186046513,0.9626481239028124,0.05952830576960344
scenario_adaptive_hybrid_orca_v2_collision_guard_v4,classic_cross_trap_high,1001,67.54415550238478,12.50961161770946,0.1368909512761021,1.112660545049869,0.06955026883197721
scenario_adaptive_hybrid_orca_v2_collision_guard_v4,classic_cross_trap_high,1002,62.765952671936454,14.460039935878468,0.12376237623762376,1.0632827331869519,0.07948415303120822
scenario_adaptive_hybrid_orca_v2_collision_guard_v4,classic_cross_trap_low,1001,27.52762507967683,4.99765497670509,0.0,1.7301905498922692,0.06487010552818663
scenario_adaptive_hybrid_orca_v2_collision_guard_v4,classic_cross_trap_low,1002,13.658935802415876,4.3038867372088445,0.06802721088435375,0.6758854524426221,0.05198869533821759
scenario_adaptive_hybrid_orca_v2_collision_guard_v4,classic_cross_trap_medium,1001,43.20461743884931,8.329413517143088,0.015037593984962405,1.2041784452260091,0.06008691878983172
scenario_adaptive_hybrid_orca_v2_collision_guard_v4,classic_cross_trap_medium,1002,39.46648774661467,9.276971376400347,0.0,1.1677458224335944,0.05927892799223998
scenario_adaptive_hybrid_orca_v2_collision_guard_v4,classic_doorway_high,1001,12.58751292995626,1.799349763549283,0.0703125,1.957837635866961,0.17703794093362482
scenario_adaptive_hybrid_orca_v2_collision_guard_v4,classic_doorway_high,1002,9.549368969584618,1.046596393825674,0.09401709401709402,1.446179460644739,0.1303091877429365
scenario_adaptive_hybrid_orca_v2_collision_guard_v4,classic_doorway_low,1001,30.479033403697827,6.214361813362949,0.5528846153846154,0.9635084650189031,0.1930105719955833
scenario_adaptive_hybrid_orca_v2_collision_guard_v4,classic_doorway_low,1002,6.725678865493908,1.273022312396407,0.1896551724137931,1.877219319921249,0.1459254905592426
scenario_adaptive_hybrid_orca_v2_collision_guard_v4,classic_doorway_medium,1001,6.489080123582468,0.44993851554143377,0.0,1.3486986687949025,0.18616989389706168
scenario_adaptive_hybrid_orca_v2_collision_guard_v4,classic_doorway_medium,1002,5.283825391046698,0.45489502865632225,0.0,1.494407570305765,0.12758451397876627
scenario_adaptive_hybrid_orca_v2_collision_guard_v4,classic_group_crossing_high,1001,38.33491256500234,9.93521632496707,0.7206477732793523,2.845465585614768,0.15650946264132737
scenario_adaptive_hybrid_orca_v2_collision_guard_v4,classic_group_crossing_high,1002,10.744891135693212,2.8667600830862625,0.136,1.1833861269407522,0.07917174116165594
scenario_adaptive_hybrid_orca_v2_collision_guard_v4,classic_group_crossing_low,1001,38.355668502262986,9.789798512406868,0.7206477732793523,2.8147100272112913,0.15700942593778833
scenario_adaptive_hybrid_orca_v2_collision_guard_v4,classic_group_crossing_low,1002,37.55257923619418,9.630850756020445,0.7871485943775101,3.6127224541248686,0.17067203465913666
scenario_adaptive_hybrid_orca_v2_collision_guard_v4,classic_group_crossing_medium,1001,38.33482820450223,9.94100093564354,0.7165991902834008,2.845246418269206,0.15641404494280833
scenario_adaptive_hybrid_orca_v2_collision_guard_v4,classic_group_crossing_medium,1002,10.498587912541723,3.663415091096228,0.21374045801526717,1.231163677216033,0.10602648878162431
scenario_adaptive_hybrid_orca_v2_collision_guard_v4,classic_head_on_corridor_low,1001,14.26787715519027,5.528896878043047,0.18143459915611815,1.203793116326464,0.07515622774587681
scenario_adaptive_hybrid_orca_v2_collision_guard_v4,classic_head_on_corridor_low,1002,4.972521493431959,1.9748896334532895,0.07329842931937172,0.9233188587955273,0.0889374112299207
scenario_adaptive_hybrid_orca_v2_collision_guard_v4,classic_head_on_corridor_medium,1001,20.145257004431514,7.347364900939943,0.2131782945736434,1.3286318298435484,0.098801408442838
scenario_adaptive_hybrid_orca_v2_collision_guard_v4,classic_head_on_corridor_medium,1002,9.916939021240951,3.1268562024244986,0.06467661691542288,1.183526503324348,0.07601750217183849
scenario_adaptive_hybrid_orca_v2_collision_guard_v4,classic_merging_low,1001,20.19809030325072,6.3130684023891535,0.00425531914893617,1.5059570216408709,0.1600035453630276
scenario_adaptive_hybrid_orca_v2_collision_guard_v4,classic_merging_low,1002,54.92803411984418,8.540826558148252,0.09074410163339383,1.314812629623584,0.15459393497825727
scenario_adaptive_hybrid_orca_v2_collision_guard_v4,classic_merging_medium,1001,76.60349503196124,15.829145103244793,0.25333333333333335,1.1873467035623584,0.16309299176930675
scenario_adaptive_hybrid_orca_v2_collision_guard_v4,classic_merging_medium,1002,90.0697077626097,15.192840816352263,0.008665511265164644,1.1308080464917276,0.1657471591091976
scenario_adaptive_hybrid_orca_v2_collision_guard_v4,classic_overtaking_low,1001,8.724263155726698,3.3846338127903,0.0,1.0912923611800032,0.11904917755297532
scenario_adaptive_hybrid_orca_v2_collision_guard_v4,classic_overtaking_low,1002,10.240907819083917,3.5224776886955524,0.0,1.108941931183535,0.12307877570568855
scenario_adaptive_hybrid_orca_v2_collision_guard_v4,classic_overtaking_medium,1001,18.341961512539093,5.318947977912888,0.0,1.181594492681988,0.1213242629484899
scenario_adaptive_hybrid_orca_v2_collision_guard_v4,classic_overtaking_medium,1002,30.150606648348628,9.752254980419213,0.12937062937062938,1.1510775794139494,0.13128052447231733
scenario_adaptive_hybrid_orca_v2_collision_guard_v4,classic_realworld_double_bottleneck_high,1001,9.60982541077817,3.1661759997051564,0.0718954248366013,1.1781694777761242,0.04225266593594012
scenario_adaptive_hybrid_orca_v2_collision_guard_v4,classic_realworld_double_bottleneck_high,1002,9.376221260849047,3.08733019015853,0.07006369426751592,1.23259321384679,0.06459788043253925
scenario_adaptive_hybrid_orca_v2_collision_guard_v4,classic_station_platform_medium,1001,84.89118266576936,21.806127438789066,0.18461538461538463,1.6440368460879722,0.07697179520177143
scenario_adaptive_hybrid_orca_v2_collision_guard_v4,classic_station_platform_medium,1002,158.34577638030723,29.853952210690114,0.2569230769230769,2.2512831732565695,0.10356226897519306
scenario_adaptive_hybrid_orca_v2_collision_guard_v4,classic_t_intersection_low,1001,6.200688655009128,2.334659093532893,0.0,0.7806378631943437,0.08734776701111606
scenario_adaptive_hybrid_orca_v2_collision_guard_v4,classic_t_intersection_low,1002,2.877317926603044,2.163670189538081,0.0,1.0336088040656521,0.13021291227334217
scenario_adaptive_hybrid_orca_v2_collision_guard_v4,classic_t_intersection_medium,1001,6.200688652043299,2.3347037426818074,0.0,0.7806378631943437,0.08734776701111606
scenario_adaptive_hybrid_orca_v2_collision_guard_v4,classic_t_intersection_medium,1002,18.940610523372026,5.4467617583274555,0.0867579908675799,0.8161643572947016,0.1340850475422325
scenario_adaptive_hybrid_orca_v2_collision_guard_v4,classic_urban_crossing_medium,1001,0.0,0.03615712182280947,0.0,0.5798265485915927,0.010857592651437514
scenario_adaptive_hybrid_orca_v2_collision_guard_v4,classic_urban_crossing_medium,1002,6.939585888916788,2.339706140705033,0.0,0.8424727379685527,0.026957243488291413
scenario_adaptive_hybrid_orca_v2_collision_guard_v4,francis2023_accompanying_peer,1001,1.3134049281635922,0.11163654771249959,0.0,0.3942723521286486,0.02050928605727914
scenario_adaptive_hybrid_orca_v2_collision_guard_v4,francis2023_accompanying_peer,1002,1.6962219144238107,0.32366428423288407,0.0,1.4774101105064978,0.5230387236563255
scenario_adaptive_hybrid_orca_v2_collision_guard_v4,francis2023_blind_corner,1001,7.320444875296062,1.8411242142189683,0.018461538461538463,0.831122016870717,0.08391671212926115
scenario_adaptive_hybrid_orca_v2_collision_guard_v4,francis2023_blind_corner,1002,8.609960498978404,2.355753029601474,0.01812688821752266,0.8201383959867452,0.08224220608301995
scenario_adaptive_hybrid_orca_v2_collision_guard_v4,francis2023_circular_crossing,1001,0.0,0.02280160307993461,0.0,0.7548249469272542,0.056496181611735356
scenario_adaptive_hybrid_orca_v2_collision_guard_v4,francis2023_circular_crossing,1002,0.0,0.11484466389276289,0.0,0.718500759997025,0.10304277311823593
scenario_adaptive_hybrid_orca_v2_collision_guard_v4,francis2023_crowd_navigation,1001,110.2366557766346,29.301721120543732,0.4970414201183432,1.1554682534440701,0.10248364437108284
scenario_adaptive_hybrid_orca_v2_collision_guard_v4,francis2023_crowd_navigation,1002,71.3614332041,17.74694311850772,0.2784313725490196,1.1200048795326543,0.119258429413998
scenario_adaptive_hybrid_orca_v2_collision_guard_v4,francis2023_down_path,1001,0.49454475063274334,0.060750725959943866,0.0,0.3512977753989043,0.020072839094166097
scenario_adaptive_hybrid_orca_v2_collision_guard_v4,francis2023_down_path,1002,1.1105125096851574,0.646233859407259,0.0,1.4906777017499573,0.5349992792808727
scenario_adaptive_hybrid_orca_v2_collision_guard_v4,francis2023_entering_elevator,1001,0.972276589703167,1.6046489796817103,0.0,1.534208635171445,0.1095330389555211
scenario_adaptive_hybrid_orca_v2_collision_guard_v4,francis2023_entering_elevator,1002,18.519404363337387,5.0094467128939435,0.0,2.068711759770056,1.2353941857298885
scenario_adaptive_hybrid_orca_v2_collision_guard_v4,francis2023_entering_room,1001,0.0,0.05677410323680772,0.0,1.1258882416593359,0.07836441198917916
scenario_adaptive_hybrid_orca_v2_collision_guard_v4,francis2023_entering_room,1002,0.0,0.08324603145988058,0.0,2.014280964352749,0.9903328185096125
scenario_adaptive_hybrid_orca_v2_collision_guard_v4,francis2023_exiting_elevator,1001,8.898969771042728,1.8206381060397518,0.28695652173913044,1.1472447127043766,0.12020507548740447
scenario_adaptive_hybrid_orca_v2_collision_guard_v4,francis2023_exiting_elevator,1002,9.381936857946002,1.9981440733160518,0.288135593220339,1.2473626808496898,0.10074722687964607
scenario_adaptive_hybrid_orca_v2_collision_guard_v4,francis2023_exiting_room,1001,0.8014655129171362,0.09331409239327336,0.0,1.434924484550344,0.09218040214492836
scenario_adaptive_hybrid_orca_v2_collision_guard_v4,francis2023_exiting_room,1002,0.6908493924495824,0.059618692273364665,0.0,1.5756987153859423,0.07411022642334927
scenario_adaptive_hybrid_orca_v2_collision_guard_v4,francis2023_following_human,1001,2.6721533036579,0.38802212525335555,0.0,0.39487681528999097,0.023958478512699305
scenario_adaptive_hybrid_orca_v2_collision_guard_v4,francis2023_following_human,1002,3.3995086511166854,0.6776708668947086,0.0,1.4053767472064203,0.5166834097344519
scenario_adaptive_hybrid_orca_v2_collision_guard_v4,francis2023_frontal_approach,1001,4.435160105426032,1.7487323446051815,0.05970149253731343,0.666798036888316,0.06486503219608389
scenario_adaptive_hybrid_orca_v2_collision_guard_v4,francis2023_frontal_approach,1002,17.765339595339743,6.496026068062401,0.2075,1.8746039310596072,0.3939353225509804
scenario_adaptive_hybrid_orca_v2_collision_guard_v4,francis2023_intersection_no_gesture,1001,0.0,0.0007150606700956573,0.0,0.40824461444778704,0.028947702063242185
scenario_adaptive_hybrid_orca_v2_collision_guard_v4,francis2023_intersection_no_gesture,1002,0.0,0.00037697293422713434,0.0,0.49519840164960227,0.06509940187795352
scenario_adaptive_hybrid_orca_v2_collision_guard_v4,francis2023_intersection_proceed,1001,0.0,0.0007022776254449145,0.0,0.40824461444778704,0.028947702063242185
scenario_adaptive_hybrid_orca_v2_collision_guard_v4,francis2023_intersection_proceed,1002,0.0,0.0003694534632495243,0.0,0.49519840164960227,0.06509940187795352
scenario_adaptive_hybrid_orca_v2_collision_guard_v4,francis2023_intersection_wait,1001,0.0,0.0007022776254449145,0.0,0.40824461444778704,0.028947702063242185
scenario_adaptive_hybrid_orca_v2_collision_guard_v4,francis2023_intersection_wait,1002,0.0,0.0003694534632495243,0.0,0.49519840164960227,0.06509940187795352
scenario_adaptive_hybrid_orca_v2_collision_guard_v4,francis2023_join_group,1001,128.36204918594316,23.978454724114574,0.8475,0.25909543480298974,0.12641827748526693
scenario_adaptive_hybrid_orca_v2_collision_guard_v4,francis2023_join_group,1002,138.0241275109829,25.869345869639165,0.855,0.22821602973806357,0.12612457072861946
scenario_adaptive_hybrid_orca_v2_collision_guard_v4,francis2023_leading_human,1001,0.8662512072880113,0.09555264684655163,0.0,0.4045733500731571,0.02156668675973933
scenario_adaptive_hybrid_orca_v2_collision_guard_v4,francis2023_leading_human,1002,1.043790920561727,0.10133542593463617,0.0,0.4272769211710189,0.059865495427188775
scenario_adaptive_hybrid_orca_v2_collision_guard_v4,francis2023_leave_group,1001,18.94652787116599,3.2059291243516554,0.4745762711864407,0.4408856529860861,0.1251628288631041
scenario_adaptive_hybrid_orca_v2_collision_guard_v4,francis2023_leave_group,1002,19.756251485266553,3.2328858669619454,0.5267857142857143,0.5159999488027365,0.128708128119069
scenario_adaptive_hybrid_orca_v2_collision_guard_v4,francis2023_narrow_doorway,1001,0.0,0.1349831963821135,0.0,0.25690786185902414,0.08860288223294437
scenario_adaptive_hybrid_orca_v2_collision_guard_v4,francis2023_narrow_doorway,1002,0.0,0.13195411491289574,0.0,0.22219010515264037,0.07718850966107656
scenario_adaptive_hybrid_orca_v2_collision_guard_v4,francis2023_narrow_hallway,1001,15.497419285399937,5.258497629967818,0.3142857142857143,0.944378848918699,0.05452209219228982
scenario_adaptive_hybrid_orca_v2_collision_guard_v4,francis2023_narrow_hallway,1002,15.237542303382185,5.252342880308973,0.175,1.7134125859021974,0.6872935798177768
scenario_adaptive_hybrid_orca_v2_collision_guard_v4,francis2023_parallel_traffic,1001,46.441717608830125,7.541710951613002,0.0,1.170483846597957,0.04210656348816371
scenario_adaptive_hybrid_orca_v2_collision_guard_v4,francis2023_parallel_traffic,1002,84.12529895421332,13.13495732668539,0.41,1.467475396408099,0.03981021393925089
scenario_adaptive_hybrid_orca_v2_collision_guard_v4,francis2023_pedestrian_obstruction,1001,16.56486632764527,4.68419120471283,0.26294820717131473,0.8919902787080475,0.05624629394578775
scenario_adaptive_hybrid_orca_v2_collision_guard_v4,francis2023_pedestrian_obstruction,1002,15.649693527403011,5.07573496335333,0.24701195219123506,0.9984389287852117,0.06664420305459592
scenario_adaptive_hybrid_orca_v2_collision_guard_v4,francis2023_pedestrian_overtaking,1001,4.168172779483089,0.5589817951063866,0.0,0.08180880665391382,0.046353301858450636
scenario_adaptive_hybrid_orca_v2_collision_guard_v4,francis2023_pedestrian_overtaking,1002,4.065362306580228,0.5317784847631105,0.0,0.5833349561055637,0.4303602163669585
scenario_adaptive_hybrid_orca_v2_collision_guard_v4,francis2023_perpendicular_traffic,1001,12.811766142349036,4.097631137855013,0.12209302325581395,0.9582306895772557,0.05118125415560939
scenario_adaptive_hybrid_orca_v2_collision_guard_v4,francis2023_perpendicular_traffic,1002,26.57997954848479,7.818401570191073,0.24242424242424243,0.7744221199767237,0.13084908490972252
scenario_adaptive_hybrid_orca_v2_collision_guard_v4,francis2023_robot_crowding,1001,390.0436077410403,78.84335969459073,0.9075,1.2718986954263374,0.4554362646612457
scenario_adaptive_hybrid_orca_v2_collision_guard_v4,francis2023_robot_crowding,1002,302.98225140298,61.917509327198594,0.7370030581039755,0.7281820391621673,0.3108930062737495
scenario_adaptive_hybrid_orca_v2_collision_guard_v4,francis2023_robot_overtaking,1001,8.452361554332432,2.341795286850572,0.04524886877828054,0.5955214446589309,0.03641778043351345
scenario_adaptive_hybrid_orca_v2_collision_guard_v4,francis2023_robot_overtaking,1002,13.527139420022602,3.437231046048714,0.18930041152263374,0.4571997306627683,0.06345984546362174
social_force,classic_bottleneck_high,1001,90.39611173001072,15.660077738957307,0.252,0.45244523800795505,0.3614948527817818
social_force,classic_bottleneck_high,1002,85.4783232125439,15.173594034200002,0.26,0.46584618686460827,0.4092450008552013
social_force,classic_bottleneck_low,1001,0.0,0.0,0.0,0.35032092984243934,0.10496714517454185
social_force,classic_bottleneck_low,1002,0.0,0.0,0.0,0.3411365386629902,0.1385515498904664
social_force,classic_bottleneck_medium,1001,55.64123026396432,11.834024963817487,0.67,0.9284048326568044,2.259891548968766
social_force,classic_bottleneck_medium,1002,51.825390372824444,11.037729479130412,0.638,0.8025985551112306,2.1918159036029237
social_force,classic_cross_trap_high,1001,76.97053551928123,9.066217195853685,0.018333333333333333,0.27057462232341545,0.1800965360801999
social_force,classic_cross_trap_high,1002,61.791852876945484,7.554565422458319,0.02666666666666667,0.23617222217753187,0.17826949182957452
social_force,classic_cross_trap_low,1001,48.41673374673219,5.7422519379905825,0.065,0.3020371652797427,0.19836207535822517
social_force,classic_cross_trap_low,1002,24.00099147730424,2.3947115324495263,0.0,0.20298451593862335,0.13256276175601123
social_force,classic_cross_trap_medium,1001,60.504447386722724,6.625781634609277,0.045,0.29398028410492155,0.17949126686397657
social_force,classic_cross_trap_medium,1002,62.19973425617172,7.624388628982622,0.02666666666666667,0.2292387760720188,0.1848328702169466
social_force,classic_doorway_high,1001,49.249924468400806,6.728096683290428,0.0,0.5274845441108926,0.523637639516079
social_force,classic_doorway_high,1002,56.79915723666094,7.773373204857572,0.008547008547008548,0.5675897516626649,0.5938000087774148
social_force,classic_doorway_low,1001,23.899925604470234,5.600981368553338,0.1918238993710692,0.5585198933574486,0.7914634519479282
social_force,classic_doorway_low,1002,11.042033902754696,3.4080682838400813,0.0794979079497908,0.6457423529722689,0.5704287899611327
social_force,classic_doorway_medium,1001,25.906114933649036,4.1105288608806445,0.0,0.48329670294184723,0.36265453325492214
social_force,classic_doorway_medium,1002,21.28075579798914,3.5782511776024877,0.0,0.4877845235301823,0.27597413615741806
social_force,classic_group_crossing_high,1001,2.8722391640825347,0.613856936617188,0.0,0.1434064931064305,0.11614658281746412
social_force,classic_group_crossing_high,1002,1.8925972684274563,0.43660255769251527,0.0,0.12853357767150034,0.10583732961175647
social_force,classic_group_crossing_low,1001,2.199488221853265,0.3900789825707487,0.0,0.1415026303284405,0.1167079325841102
social_force,classic_group_crossing_low,1002,2.0479136367233166,0.37690211698720016,0.0,0.13280194048525212,0.10429348662514666
social_force,classic_group_crossing_medium,1001,3.2923809996228095,0.660518148204065,0.0,0.14686317918320546,0.11992015485845058
social_force,classic_group_crossing_medium,1002,3.508367915908906,0.7243658696333874,0.0,0.14070291665621928,0.12092785158343743
social_force,classic_head_on_corridor_low,1001,12.829800242584831,4.21157283538108,0.03183023872679045,0.14803420666924524,0.09351902418872132
social_force,classic_head_on_corridor_low,1002,7.817357642884389,2.368339679327828,0.019943019943019943,0.18483872362703127,0.08648162988078223
social_force,classic_head_on_corridor_medium,1001,27.302857473710937,8.660690417953596,0.05664488017429194,0.20308076074844625,0.21358665626116807
social_force,classic_head_on_corridor_medium,1002,15.402371233603635,4.855601148430304,0.0,0.2085513461789198,0.1172647751171372
social_force,classic_merging_low,1001,6.416107231915348,1.2453275479476722,0.0,0.4071389142671402,0.2300052451516577
social_force,classic_merging_low,1002,1.6997817863448323,0.44633418196038815,0.0,0.43832441554842894,0.23253180272332802
social_force,classic_merging_medium,1001,7.30154673069574,1.4506613652589477,0.0,0.3891890190419164,0.2529987490970721
social_force,classic_merging_medium,1002,15.061404514137076,2.479297877262227,0.0,0.42234395926019763,0.2931552665387611
social_force,classic_overtaking_low,1001,21.43475452999415,2.4837931754133002,0.0,0.18973455915937018,0.16667130210672051
social_force,classic_overtaking_low,1002,9.813644698452853,0.9564327885801762,0.0,0.229077092255086,0.15536826344691598
social_force,classic_overtaking_medium,1001,35.54479453306022,2.956800186556802,0.0,0.1715274157862922,0.16197570763021213
social_force,classic_overtaking_medium,1002,18.921913473568022,1.9031067841804346,0.0,0.21162411758137756,0.15469840743497423
social_force,classic_realworld_double_bottleneck_high,1001,9.088903185852141,2.5085787016086254,0.003745318352059925,0.16753801819301548,0.04799448064968989
social_force,classic_realworld_double_bottleneck_high,1002,8.618032975344141,2.4305886281238447,0.0,0.17347636500895414,0.04583385907929014
social_force,classic_station_platform_medium,1001,34.97148515223922,5.330762408177533,0.0,0.13757985776054116,0.09674570324098304
social_force,classic_station_platform_medium,1002,42.97861945021694,6.081956230083887,0.0,0.14475913193526574,0.09851140080946647
social_force,classic_t_intersection_low,1001,0.24469512695907653,0.3385412299169692,0.0,0.3149269162590914,0.23449215910363055
social_force,classic_t_intersection_low,1002,0.0,0.021861046955810842,0.0,0.37495218361083976,0.2602031398394891
social_force,classic_t_intersection_medium,1001,0.24469099696198465,0.4562188297027425,0.0,0.3175349065898879,0.23337508610400926
social_force,classic_t_intersection_medium,1002,1.4332551139330454,0.5876759961950729,0.0,0.3668836265554986,0.2557844961559443
social_force,classic_urban_crossing_medium,1001,105.08722655412532,14.763366348365375,0.21166666666666667,0.41021569233806365,0.4147931748574086
social_force,classic_urban_crossing_medium,1002,40.572990017751636,7.421155358816861,0.0,0.23179628554846346,0.2617568834319782
social_force,francis2023_accompanying_peer,1001,5.900858990255545,0.771794292197936,0.0,0.1679912943021104,0.0647024246876143
social_force,francis2023_accompanying_peer,1002,5.381625130267469,0.6493693453847248,0.0,0.1564523461386554,0.05099820639671907
social_force,francis2023_blind_corner,1001,18.62645379405591,5.177659161286897,0.095,0.3535016090428037,0.27661831515500884
social_force,francis2023_blind_corner,1002,18.71019178107914,5.276084399267067,0.1475,0.38502853373248686,0.2716631448184547
social_force,francis2023_circular_crossing,1001,0.0,0.02788914235484929,0.0,0.15297560250740486,0.044599222977695155
social_force,francis2023_circular_crossing,1002,0.2158647020679732,0.15168231415518907,0.0,0.14816260447735963,0.03951644497005093
social_force,francis2023_crowd_navigation,1001,68.59544823324502,17.506684763082024,0.11,0.34909513529622643,0.5032367172706751
social_force,francis2023_crowd_navigation,1002,74.46161273380646,15.411703713736962,0.1225,0.23816874897449306,0.4675772549291617
social_force,francis2023_down_path,1001,6.288699390507593,0.7092568622200732,0.0,0.1033021472187383,0.03226971478535602
social_force,francis2023_down_path,1002,5.483435521939011,0.5771506941870771,0.0,0.09525377961221798,0.02457105979429787
social_force,francis2023_entering_elevator,1001,1.1728892197211205,1.8023641817324134,0.0,0.30948991270734005,0.1301153185135771
social_force,francis2023_entering_elevator,1002,1.1890900892694194,1.8554148573632503,0.0,0.2992891207414792,0.10311501525459267
social_force,francis2023_entering_room,1001,0.0,0.026746229527258747,0.0,0.19833613912873538,0.07432784133403372
social_force,francis2023_entering_room,1002,0.0,0.028170185238851647,0.0,0.18923240944603717,0.06412544161302816
social_force,francis2023_exiting_elevator,1001,36.06970551384679,6.25584037171536,0.1582089552238806,0.18242045252384564,0.16928895980684575
social_force,francis2023_exiting_elevator,1002,31.647384680905716,5.2090048554248884,0.026143790849673203,0.17082429909146377,0.12090968080943658
social_force,francis2023_exiting_room,1001,1.0515633834322637,0.22392970622165054,0.0,0.1902128807481693,0.0936693757875342
social_force,francis2023_exiting_room,1002,1.0879287699096554,0.22455869515007976,0.0,0.18641478857045954,0.08209133511610445
social_force,francis2023_following_human,1001,16.905337167187785,3.489457330485358,0.0,0.21544269232899738,0.06520395919844287
social_force,francis2023_following_human,1002,12.17317351281341,2.5709469466927053,0.0,0.2045642415706561,0.05380601440791743
social_force,francis2023_frontal_approach,1001,29.56939789857504,7.171367466055134,0.15,0.20890910307604188,0.39635606193166767
social_force,francis2023_frontal_approach,1002,28.35872838795986,6.993952846088835,0.14,0.20567595212721984,0.37125448845221615
social_force,francis2023_intersection_no_gesture,1001,0.33447901135143754,0.13950187151511892,0.0,0.17150583383344403,0.08953178246630775
social_force,francis2023_intersection_no_gesture,1002,0.24461217839761235,0.13179307214213304,0.0,0.19049460737176457,0.09331949654178949
social_force,francis2023_intersection_proceed,1001,0.0,0.09344778039406833,0.0,0.1701737285253408,0.08733986057408043
social_force,francis2023_intersection_proceed,1002,0.0,0.08877870812755587,0.0,0.19171708593347997,0.09170997086450172
social_force,francis2023_intersection_wait,1001,0.0,0.09344769717880622,0.0,0.17017829355085362,0.0873406523429149
social_force,francis2023_intersection_wait,1002,0.0,0.08877863804222738,0.0,0.19172093108126012,0.09171053944020392
social_force,francis2023_join_group,1001,21.63153540986738,4.27596633073622,0.07488986784140969,0.15266988834158443,0.3052192812665254
social_force,francis2023_join_group,1002,22.25558503140291,4.289187732351045,0.08035714285714286,0.17019934035829062,0.31634598231501615
social_force,francis2023_leading_human,1001,3.742579386294892,0.5528635727367686,0.0,0.13939427557985917,0.05102400929831636
social_force,francis2023_leading_human,1002,3.1106520120614776,0.347990347883699,0.0,0.12581051730081014,0.03337272486080139
social_force,francis2023_leave_group,1001,31.542096206856584,7.7538512071699435,0.08333333333333333,0.2061333914846253,0.3952941309448973
social_force,francis2023_leave_group,1002,33.424609102261705,7.964848892998209,0.09285714285714286,0.21604125846066216,0.4154633880177355
social_force,francis2023_narrow_doorway,1001,0.0,0.062351825144564235,0.0,0.46722364255499294,2.202821931752981
social_force,francis2023_narrow_doorway,1002,0.0,0.054217068196475496,0.0,0.4568160788018266,2.105586281714445
social_force,francis2023_narrow_hallway,1001,37.34901223171007,8.251271993346208,0.26,0.6129622128072623,1.1749654663686402
social_force,francis2023_narrow_hallway,1002,38.0737666975168,8.430763380236398,0.2925,0.6493273232790318,1.2178120000674781
social_force,francis2023_parallel_traffic,1001,31.00770092941204,1.8324313514212804,0.0,0.09335589154946532,0.0582928642161724
social_force,francis2023_parallel_traffic,1002,37.12153896184898,3.1937079576592926,0.0,0.09662957482490396,0.03219708145827579
social_force,francis2023_pedestrian_obstruction,1001,17.567062806530526,3.600708598103738,0.0175,0.07764816868487623,0.024743329076549574
social_force,francis2023_pedestrian_obstruction,1002,18.4348290392179,3.695260816509346,0.0175,0.07251701880220424,0.01696144143689737
social_force,francis2023_pedestrian_overtaking,1001,5.4101240408024704,0.6699634125711303,0.0,0.04615583605736537,0.027239794814247913
social_force,francis2023_pedestrian_overtaking,1002,5.770194319564418,0.6646274784130981,0.0,0.04526219108322676,0.025992409198729315
social_force,francis2023_perpendicular_traffic,1001,64.47123619020788,10.171445798199503,0.0575,0.4481596266136493,0.4703437460467235
social_force,francis2023_perpendicular_traffic,1002,78.06752812228164,14.16837937448124,0.1125,0.2576350930008789,0.29286782253238275
social_force,francis2023_robot_crowding,1001,113.10181678657824,23.09545180239634,0.0,0.2593069801053844,0.6151107361943835
social_force,francis2023_robot_crowding,1002,150.09270369968152,31.390421171208533,0.045,0.27487670610932446,1.250492810468751
social_force,francis2023_robot_overtaking,1001,17.50807764991455,2.6931276857677418,0.0,0.07806148839074614,0.036456008465361074
social_force,francis2023_robot_overtaking,1002,16.79854269114674,2.619173929319553,0.0,0.07377027648462103,0.030162135744079676
socnav_sampling,classic_bottleneck_high,1001,46.755988267241435,10.96310170779904,0.02097902097902098,1.4913464962900147,0.16482570678329647
socnav_sampling,classic_bottleneck_high,1002,47.23416987510633,11.185741442837983,0.2007042253521127,1.9412637255574998,0.2029756103607091
socnav_sampling,classic_bottleneck_low,1001,0.0,0.0,0.0,0.3177534080914653,0.03874835452309857
socnav_sampling,classic_bottleneck_low,1002,0.0,0.0,0.0,0.3712762200341769,0.05909356359234275
socnav_sampling,classic_bottleneck_medium,1001,17.65752767130345,4.555639561947456,0.053231939163498096,2.023337536082744,0.15214130621802627
socnav_sampling,classic_bottleneck_medium,1002,22.037955896470187,4.960880975959639,0.044585987261146494,1.975871684833752,0.17480098471541186
socnav_sampling,classic_cross_trap_high,1001,69.32245598040583,10.93828189591636,0.06419753086419754,1.0456698213230806,0.13162604947084416
socnav_sampling,classic_cross_trap_high,1002,57.64468696729206,10.844180837931576,0.11482254697286012,1.63964331555178,0.1683585609094191
socnav_sampling,classic_cross_trap_low,1001,2.7279966881571163,0.3507105278474504,0.0,0.7090021747567766,0.07955930724678266
socnav_sampling,classic_cross_trap_low,1002,5.555769570766536,1.1208974910886642,0.07307692307692308,0.715950819842006,0.10512232620754274
socnav_sampling,classic_cross_trap_medium,1001,33.750075987817404,6.250704738556045,0.06172839506172839,1.268441079383906,0.13130916737287043
socnav_sampling,classic_cross_trap_medium,1002,7.567773855897892,1.515812146670661,0.0421455938697318,1.0501128232835686,0.08224332519589246
socnav_sampling,classic_doorway_high,1001,16.868868804631642,3.7597528994835487,0.1592356687898089,1.791969176257425,0.3535292008538088
socnav_sampling,classic_doorway_high,1002,2.374042971628484,2.6573039955419966,0.06976744186046512,1.814393957342025,0.37429736172134315
socnav_sampling,classic_doorway_low,1001,49.019554746019196,7.744179674811445,0.032,1.5673486453601126,1.2396000934760845
socnav_sampling,classic_doorway_low,1002,61.97438789833,8.344925956534958,0.254,0.9614109908673034,1.1595140657560588
socnav_sampling,classic_doorway_medium,1001,4.313324002541049,0.09874118297144933,0.09090909090909091,2.2940043474286025,0.1500140896598377
socnav_sampling,classic_doorway_medium,1002,4.319238769037482,0.1344291277634342,0.16049382716049382,2.5742667419348635,0.1366783718008603
socnav_sampling,classic_group_crossing_high,1001,6.684459410980364,2.6464476364098655,0.0,1.3185443662792884,0.1981578696481007
socnav_sampling,classic_group_crossing_high,1002,4.8410003570973785,0.6229472771600294,0.0,0.9755111143402433,0.11610295976252986
socnav_sampling,classic_group_crossing_low,1001,6.683759147175715,2.5956424000288854,0.0,1.3185443662792884,0.1981578696481007
socnav_sampling,classic_group_crossing_low,1002,16.055032256285553,4.3657538596590175,0.325,1.8008974562205067,0.2826001270254387
socnav_sampling,classic_group_crossing_medium,1001,6.684466601334066,2.6418773238809674,0.0,1.3185443662792884,0.1981578696481007
socnav_sampling,classic_group_crossing_medium,1002,4.1760256410741885,0.9117467754084067,0.0,0.961554949851793,0.10711395353107891
socnav_sampling,classic_head_on_corridor_low,1001,1.5120088796619402,0.08260785951264173,0.0,0.5433720677824404,0.08166841211436118
socnav_sampling,classic_head_on_corridor_low,1002,1.6560766688202577,0.09062231684987365,0.0,0.5384900740966808,0.09094668785724341
socnav_sampling,classic_head_on_corridor_medium,1001,7.572448162988457,2.675317938910155,0.05970149253731343,0.8435650211444333,0.12445312957337985
socnav_sampling,classic_head_on_corridor_medium,1002,3.0480363538044815,0.13757300281996426,0.0,0.5384900740966808,0.09094668785724341
socnav_sampling,classic_merging_low,1001,17.075445813657932,2.871398928462542,0.1006423982869379,1.3440278149824216,0.18850333614362008
socnav_sampling,classic_merging_low,1002,39.35059185484657,2.582730855708814,0.12589928057553956,1.680021372295373,0.23867395027166027
socnav_sampling,classic_merging_medium,1001,61.72058615129691,6.444181326319259,0.16666666666666666,1.6372913146871475,0.2297213827343891
socnav_sampling,classic_merging_medium,1002,59.379248760950624,6.226076981766496,0.09166666666666666,1.3634523429207543,0.20235442739321688
socnav_sampling,classic_overtaking_low,1001,7.005035386422929,2.1076676690513456,0.05652173913043478,1.2414044595451479,0.14408935348418317
socnav_sampling,classic_overtaking_low,1002,8.915148000682784,1.9696450157100145,0.1141552511415525,1.1268889495538437,0.14834951506561733
socnav_sampling,classic_overtaking_medium,1001,21.384249811312937,3.8121872759489066,0.14754098360655737,1.6875434796687567,0.17502766719077928
socnav_sampling,classic_overtaking_medium,1002,16.37846148416965,3.6188216739326173,0.12162162162162163,1.1278458650883636,0.1578547393296645
socnav_sampling,classic_realworld_double_bottleneck_high,1001,9.947304530833108,3.1550343919663284,0.10218978102189781,0.6262398447048556,0.044153590873526084
socnav_sampling,classic_realworld_double_bottleneck_high,1002,8.923322443217057,2.79797685225653,0.09505703422053231,0.6242694885619965,0.036807454555874954
socnav_sampling,classic_station_platform_medium,1001,47.12137483546337,11.494058590314541,0.3002610966057441,1.649914715976746,0.175314956552188
socnav_sampling,classic_station_platform_medium,1002,72.19650235551326,17.192524626636953,0.23599320882852293,1.249097528977453,0.16799452311537497
socnav_sampling,classic_t_intersection_low,1001,5.058252131929358,1.9236288362156804,0.09859154929577464,0.8616985080637235,0.107825400098243
socnav_sampling,classic_t_intersection_low,1002,3.050027388326048,2.093959528473565,0.05555555555555555,0.7346776683578032,0.12602189456408672
socnav_sampling,classic_t_intersection_medium,1001,5.058252152629993,1.92369312345358,0.09859154929577464,0.8616985080637235,0.107825400098243
socnav_sampling,classic_t_intersection_medium,1002,6.182535718013873,2.807381494382607,0.09929078014184398,0.8882893399390234,0.12549972313161026
socnav_sampling,classic_urban_crossing_medium,1001,0.0,0.03533855440140101,0.0,0.22697699452712286,0.029575275153552127
socnav_sampling,classic_urban_crossing_medium,1002,15.297692547713098,7.363367230897163,0.14213197969543148,0.9157475407959393,0.16097520187758918
socnav_sampling,francis2023_accompanying_peer,1001,0.7156456311458246,0.09719422272840522,0.0,0.24678834418695453,0.008656298442509088
socnav_sampling,francis2023_accompanying_peer,1002,0.798469227476315,0.11585807211786243,0.0,0.2433176515368429,0.02072495870040122
socnav_sampling,francis2023_blind_corner,1001,3.8855652946050414,1.466652797469243,0.05263157894736842,0.9032764011043185,0.09937028787201681
socnav_sampling,francis2023_blind_corner,1002,4.047895815913652,1.5858340133256696,0.05263157894736842,0.8806764994248218,0.10002160193403163
socnav_sampling,francis2023_circular_crossing,1001,0.0,0.026136837309938894,0.0,0.7067103425461244,0.06974329932246608
socnav_sampling,francis2023_circular_crossing,1002,0.0,0.1147759867967033,0.0,0.7175314596634529,0.06384642931424069
socnav_sampling,francis2023_crowd_navigation,1001,55.28334932328785,17.419711815340275,0.49295774647887325,1.1283456754500938,0.17272357586142423
socnav_sampling,francis2023_crowd_navigation,1002,46.10386301389586,13.902543860008914,0.2995391705069124,1.0628401735271285,0.09619455033589278
socnav_sampling,francis2023_down_path,1001,0.0,0.036795789458051294,0.0,0.24678834418695453,0.008656298442509088
socnav_sampling,francis2023_down_path,1002,0.0,0.02810020041693675,0.0,0.2433176515368429,0.02072495870040122
socnav_sampling,francis2023_entering_elevator,1001,0.46285104513305175,0.7793605538383582,0.0,1.2066815882709698,0.0868438344271976
socnav_sampling,francis2023_entering_elevator,1002,0.4337627547302967,0.7507822198973417,0.0,0.9668340479024673,0.05974711775762105
socnav_sampling,francis2023_entering_room,1001,0.0,0.1088564275518341,0.0,0.9103546094391176,0.10216213192094477
socnav_sampling,francis2023_entering_room,1002,0.0,0.1216820292864401,0.0,0.8846485938678964,0.08225449682020207
socnav_sampling,francis2023_exiting_elevator,1001,4.854744838233693,1.013964655071217,0.189873417721519,1.6040412941521456,0.13874479653391225
socnav_sampling,francis2023_exiting_elevator,1002,4.937144510796435,1.2017665098707473,0.2125,1.5125635484131392,0.13045114030442226
socnav_sampling,francis2023_exiting_room,1001,1.2155462682366218,0.10260924678873817,0.0,0.9820319567037661,0.10521001974363302
socnav_sampling,francis2023_exiting_room,1002,1.1597292552781167,0.08366961475465175,0.0,1.1105448992511733,0.11416664577625343
socnav_sampling,francis2023_following_human,1001,1.0801376350870209,0.16136634900312843,0.0,0.24678834418695453,0.008656298442509088
socnav_sampling,francis2023_following_human,1002,1.1132425654824551,0.17835582944057615,0.0,0.2433176515368429,0.02072495870040122
socnav_sampling,francis2023_frontal_approach,1001,3.771532200628603,1.8467765031278423,0.05405405405405406,0.8073409472152238,0.09167110673725154
socnav_sampling,francis2023_frontal_approach,1002,3.7620417131635366,1.8311302167856942,0.06043956043956044,0.7875448451047894,0.08394967554528249
socnav_sampling,francis2023_intersection_no_gesture,1001,0.0,0.0010907009095714505,0.0,0.40724409098670583,0.026918902042390384
socnav_sampling,francis2023_intersection_no_gesture,1002,0.0,0.0010588134678482658,0.0,0.3327653575925373,0.033731326254448836
socnav_sampling,francis2023_intersection_proceed,1001,0.0,0.0010695847639658237,0.0,0.40724409098670583,0.026918902042390384
socnav_sampling,francis2023_intersection_proceed,1002,0.0,0.00103858013916458,0.0,0.3327653575925373,0.033731326254448836
socnav_sampling,francis2023_intersection_wait,1001,0.0,0.0010695847639658237,0.0,0.40724409098670583,0.026918902042390384
socnav_sampling,francis2023_intersection_wait,1002,0.0,0.00103858013916458,0.0,0.3327653575925373,0.033731326254448836
socnav_sampling,francis2023_join_group,1001,8.120495024796636,1.6285948646128299,0.23684210526315788,1.3336351523342065,0.1368355454067256
socnav_sampling,francis2023_join_group,1002,8.018222353443926,1.427783782728679,0.22972972972972974,1.3379293835076358,0.1319114362688199
socnav_sampling,francis2023_leading_human,1001,0.5273954227093751,0.08550561243979794,0.0,0.24678834418695453,0.008656298442509088
socnav_sampling,francis2023_leading_human,1002,0.5969667712719078,0.0981736284485525,0.0,0.2433176515368429,0.02072495870040122
socnav_sampling,francis2023_leave_group,1001,14.099922132707357,2.805414210266185,0.44155844155844154,1.6856491873568322,0.13752552996243533
socnav_sampling,francis2023_leave_group,1002,13.469937738429625,2.343333528522752,0.4520547945205479,1.5188531545771418,0.12306171820795835
socnav_sampling,francis2023_narrow_doorway,1001,0.0,0.05361946329897427,0.0,1.8306584853783021,0.9157190193139483
socnav_sampling,francis2023_narrow_doorway,1002,0.0,0.054667715013470064,0.0,1.9004414858237195,0.8954615888590473
socnav_sampling,francis2023_narrow_hallway,1001,49.658227083376616,11.452257497123773,0.74,1.2974275512114601,0.4323209742619454
socnav_sampling,francis2023_narrow_hallway,1002,48.70445624275641,11.06693063678258,0.745,1.4126159646335466,0.4242477081079941
socnav_sampling,francis2023_parallel_traffic,1001,25.58414859340947,4.194588568765933,0.21787709497206703,0.8825513050479976,0.06264612277330729
socnav_sampling,francis2023_parallel_traffic,1002,18.55020380652623,3.9339598199979626,0.22413793103448276,0.6416749715109615,0.040673118936787725
socnav_sampling,francis2023_pedestrian_obstruction,1001,5.338686333627959,0.8764529503901888,0.09392265193370165,0.6794232273575779,0.07290297965722954
socnav_sampling,francis2023_pedestrian_obstruction,1002,5.3745088158228,0.867352305898312,0.1016949152542373,0.7017947389309622,0.0677241058661481
socnav_sampling,francis2023_pedestrian_overtaking,1001,6.588990919766987,0.8272550955621732,0.0,0.04407922931104731,0.02011910559211161
socnav_sampling,francis2023_pedestrian_overtaking,1002,7.168986983137818,0.8688449359675222,0.0,0.06883422291550274,0.025211801567127674
socnav_sampling,francis2023_perpendicular_traffic,1001,9.032098538406867,3.937228821264087,0.08904109589041095,1.2286920235605059,0.11166961033852812
socnav_sampling,francis2023_perpendicular_traffic,1002,10.211202717353338,4.459319921444661,0.1925925925925926,0.9601456717952026,0.1147395393987719
socnav_sampling,francis2023_robot_crowding,1001,147.57682049443056,38.970738275075625,0.735,1.757552271804502,0.5098915847456659
socnav_sampling,francis2023_robot_crowding,1002,404.6224215851552,86.46818699307632,0.8675,1.6269256348747445,1.334779012703513
socnav_sampling,francis2023_robot_overtaking,1001,4.920335897673242,0.4416209013470854,0.0847457627118644,0.49068336371132254,0.045093705086348294
socnav_sampling,francis2023_robot_overtaking,1002,4.901463479909616,0.47754871196368537,0.08620689655172414,0.5069313028422904,0.04238104681301539
